INSERT INTO BuildingType(buildingType) values ('Armazém');
INSERT INTO BuildingType(buildingType) values ('Garagem');
INSERT INTO BuildingType(buildingType) values ('Moinho');
INSERT INTO BuildingType(buildingType) values ('Rega');

INSERT INTO Building(buildingId,designation,dimension,unit,buildingType) values (201,'Espigueiro',600,'m2','Armazém');
INSERT INTO Building(buildingId,designation,dimension,unit,buildingType) values (202,'Armazém novo',800,'m2','Armazém');
INSERT INTO Building(buildingId,designation,dimension,unit,buildingType) values (203,'Armazém grande',900,'m2','Garagem');
INSERT INTO Building(buildingId,designation,dimension,unit,buildingType) values (250,'Moinho',NULL,'','Moinho');
INSERT INTO Building(buildingId,designation,dimension,unit,buildingType) values (301,'Tanque do campo grande',18,'m3','Rega');
INSERT INTO Building(buildingId,designation,dimension,unit,buildingType) values (302,'Poço da bouça',35,'m3','Rega');

INSERT INTO Plant(plantVariety,species,commonName,plantationPeriod,pruningPeriod,floweringPeriod,harvestPeriod) values ('RAINHA CLAUDIA CARANGUEJEIRA','Prunus domestica','Ameixoeira','','Novembro a dezembro','Fevereiro a março','Julho a agosto');
INSERT INTO Plant(plantVariety,species,commonName,plantationPeriod,pruningPeriod,floweringPeriod,harvestPeriod) values ('PRESIDENT','Prunus domestica','Ameixoeira','','Novembro a dezembro','Fevereiro a março','Julho a agosto');
INSERT INTO Plant(plantVariety,species,commonName,plantationPeriod,pruningPeriod,floweringPeriod,harvestPeriod) values ('STANLEY','Prunus domestica','Ameixoeira','','Novembro a dezembro','Fevereiro a março','Julho a agosto');
INSERT INTO Plant(plantVariety,species,commonName,plantationPeriod,pruningPeriod,floweringPeriod,harvestPeriod) values ('ANGELENO','Prunus domestica','Ameixoeira','','Novembro a dezembro','Fevereiro a março','Julho a agosto');
INSERT INTO Plant(plantVariety,species,commonName,plantationPeriod,pruningPeriod,floweringPeriod,harvestPeriod) values ('BLACK BEAUTY','Prunus domestica','Ameixoeira','','Novembro a dezembro','Fevereiro a março','Julho a agosto');
INSERT INTO Plant(plantVariety,species,commonName,plantationPeriod,pruningPeriod,floweringPeriod,harvestPeriod) values ('BLACK STAR','Prunus domestica','Ameixoeira','','Novembro a dezembro','Fevereiro a março','Julho a agosto');
INSERT INTO Plant(plantVariety,species,commonName,plantationPeriod,pruningPeriod,floweringPeriod,harvestPeriod) values ('BLACK GOLD','Prunus domestica','Ameixoeira','','Novembro a dezembro','Fevereiro a março','Julho a agosto');
INSERT INTO Plant(plantVariety,species,commonName,plantationPeriod,pruningPeriod,floweringPeriod,harvestPeriod) values ('BLACK DIAMOND','Prunus domestica','Ameixoeira','','Novembro a dezembro','Fevereiro a março','Julho a agosto');
INSERT INTO Plant(plantVariety,species,commonName,plantationPeriod,pruningPeriod,floweringPeriod,harvestPeriod) values ('BLACK AMBER','Prunus domestica','Ameixoeira','','Novembro a dezembro','Fevereiro a março','Julho a agosto');
INSERT INTO Plant(plantVariety,species,commonName,plantationPeriod,pruningPeriod,floweringPeriod,harvestPeriod) values ('BLACK SPLENDOR','Prunus domestica','Ameixoeira','','Novembro a dezembro','Fevereiro a março','Julho a agosto');
INSERT INTO Plant(plantVariety,species,commonName,plantationPeriod,pruningPeriod,floweringPeriod,harvestPeriod) values ('FORTUNA','Prunus domestica','Ameixoeira','','Novembro a dezembro','Fevereiro a março','Julho a agosto');
INSERT INTO Plant(plantVariety,species,commonName,plantationPeriod,pruningPeriod,floweringPeriod,harvestPeriod) values ('FRIAR','Prunus domestica','Ameixoeira','','Novembro a dezembro','Fevereiro a março','Julho a agosto');
INSERT INTO Plant(plantVariety,species,commonName,plantationPeriod,pruningPeriod,floweringPeriod,harvestPeriod) values ('EL DORADO','Prunus domestica','Ameixoeira','','Novembro a dezembro','Fevereiro a março','Julho a agosto');
INSERT INTO Plant(plantVariety,species,commonName,plantationPeriod,pruningPeriod,floweringPeriod,harvestPeriod) values ('ELEPHANT HEART','Prunus domestica','Ameixoeira','','Novembro a dezembro','Fevereiro a março','Julho a agosto');
INSERT INTO Plant(plantVariety,species,commonName,plantationPeriod,pruningPeriod,floweringPeriod,harvestPeriod) values ('GOLDEN JAPAN','Prunus domestica','Ameixoeira','','Novembro a dezembro','Fevereiro a março','Julho a agosto');
INSERT INTO Plant(plantVariety,species,commonName,plantationPeriod,pruningPeriod,floweringPeriod,harvestPeriod) values ('HARRY PITCHON','Prunus domestica','Ameixoeira','','Novembro a dezembro','Fevereiro a março','Julho a agosto');
INSERT INTO Plant(plantVariety,species,commonName,plantationPeriod,pruningPeriod,floweringPeriod,harvestPeriod) values ('LAETITIA','Prunus domestica','Ameixoeira','','Novembro a dezembro','Fevereiro a março','Julho a agosto');
INSERT INTO Plant(plantVariety,species,commonName,plantationPeriod,pruningPeriod,floweringPeriod,harvestPeriod) values ('METLEY','Prunus domestica','Ameixoeira','','Novembro a dezembro','Fevereiro a março','Julho a agosto');
INSERT INTO Plant(plantVariety,species,commonName,plantationPeriod,pruningPeriod,floweringPeriod,harvestPeriod) values ('MIRABELLE DE NANCY','Prunus domestica','Ameixoeira','','Novembro a dezembro','Fevereiro a março','Julho a agosto');
INSERT INTO Plant(plantVariety,species,commonName,plantationPeriod,pruningPeriod,floweringPeriod,harvestPeriod) values ('QUEEN ROSE','Prunus domestica','Ameixoeira','','Novembro a dezembro','Fevereiro a março','Julho a agosto');
INSERT INTO Plant(plantVariety,species,commonName,plantationPeriod,pruningPeriod,floweringPeriod,harvestPeriod) values ('RED BEAUT','Prunus domestica','Ameixoeira','','Novembro a dezembro','Fevereiro a março','Julho a agosto');
INSERT INTO Plant(plantVariety,species,commonName,plantationPeriod,pruningPeriod,floweringPeriod,harvestPeriod) values ('SANTA ROSA','Prunus domestica','Ameixoeira','','Novembro a dezembro','Fevereiro a março','Julho a agosto');
INSERT INTO Plant(plantVariety,species,commonName,plantationPeriod,pruningPeriod,floweringPeriod,harvestPeriod) values ('SHIRO','Prunus domestica','Ameixoeira','','Novembro a dezembro','Fevereiro a março','Julho a agosto');
INSERT INTO Plant(plantVariety,species,commonName,plantationPeriod,pruningPeriod,floweringPeriod,harvestPeriod) values ('SUNGOLD','Prunus domestica','Ameixoeira','','Novembro a dezembro','Fevereiro a março','Julho a agosto');
INSERT INTO Plant(plantVariety,species,commonName,plantationPeriod,pruningPeriod,floweringPeriod,harvestPeriod) values ('WILSON PERFECTION','Prunus domestica','Ameixoeira','','Novembro a dezembro','Fevereiro a março','Julho a agosto');
INSERT INTO Plant(plantVariety,species,commonName,plantationPeriod,pruningPeriod,floweringPeriod,harvestPeriod) values ('AUTUMN GIANT','Prunus domestica','Ameixoeira','','Novembro a dezembro','Fevereiro a março','Julho a agosto');
INSERT INTO Plant(plantVariety,species,commonName,plantationPeriod,pruningPeriod,floweringPeriod,harvestPeriod) values ('BULIDA','Prunus armeniaca','Damasqueiro','','Novembro a dezembro','Fevereiro a março','Julho a agosto');
INSERT INTO Plant(plantVariety,species,commonName,plantationPeriod,pruningPeriod,floweringPeriod,harvestPeriod) values ('CANINO','Prunus armeniaca','Damasqueiro','','Novembro a dezembro','Fevereiro a março','Julho a agosto');
INSERT INTO Plant(plantVariety,species,commonName,plantationPeriod,pruningPeriod,floweringPeriod,harvestPeriod) values ('LIABAUD','Prunus armeniaca','Damasqueiro','','Novembro a dezembro','Fevereiro a março','Julho a agosto');
INSERT INTO Plant(plantVariety,species,commonName,plantationPeriod,pruningPeriod,floweringPeriod,harvestPeriod) values ('MAILLOT JAUNE','Prunus armeniaca','Damasqueiro','','Novembro a dezembro','Fevereiro a março','Julho a agosto');
INSERT INTO Plant(plantVariety,species,commonName,plantationPeriod,pruningPeriod,floweringPeriod,harvestPeriod) values ('POLONAIS','Prunus armeniaca','Damasqueiro','','Novembro a dezembro','Fevereiro a março','Julho a agosto');
INSERT INTO Plant(plantVariety,species,commonName,plantationPeriod,pruningPeriod,floweringPeriod,harvestPeriod) values ('AKANE','Malus domestica','Macieira','','Novembro a dezembro','Março a abril','Agosto a setembro');
INSERT INTO Plant(plantVariety,species,commonName,plantationPeriod,pruningPeriod,floweringPeriod,harvestPeriod) values ('BELGOLDEN','Malus domestica','Macieira','','Novembro a dezembro','Março a abril','Agosto a setembro');
INSERT INTO Plant(plantVariety,species,commonName,plantationPeriod,pruningPeriod,floweringPeriod,harvestPeriod) values ('BRAVO DE ESMOLFE','Malus domestica','Macieira','','Novembro a dezembro','Março a abril','Agosto a setembro');
INSERT INTO Plant(plantVariety,species,commonName,plantationPeriod,pruningPeriod,floweringPeriod,harvestPeriod) values ('CASA NOVA DE ALCOBAÇA','Malus domestica','Macieira','','Novembro a dezembro','Março a abril','Agosto a setembro');
INSERT INTO Plant(plantVariety,species,commonName,plantationPeriod,pruningPeriod,floweringPeriod,harvestPeriod) values ('EROVAN','Malus domestica','Macieira','','Novembro a dezembro','Março a abril','Agosto a setembro');
INSERT INTO Plant(plantVariety,species,commonName,plantationPeriod,pruningPeriod,floweringPeriod,harvestPeriod) values ('FUJI','Malus domestica','Macieira','','Novembro a dezembro','Março a abril','Agosto a setembro');
INSERT INTO Plant(plantVariety,species,commonName,plantationPeriod,pruningPeriod,floweringPeriod,harvestPeriod) values ('GRANNY SMITH','Malus domestica','Macieira','','Novembro a dezembro','Março a abril','Agosto a setembro');
INSERT INTO Plant(plantVariety,species,commonName,plantationPeriod,pruningPeriod,floweringPeriod,harvestPeriod) values ('GOLDEN DELICIOUS','Malus domestica','Macieira','','Novembro a dezembro','Março a abril','Agosto a setembro');
INSERT INTO Plant(plantVariety,species,commonName,plantationPeriod,pruningPeriod,floweringPeriod,harvestPeriod) values ('HI-EARLY','Malus domestica','Macieira','','Novembro a dezembro','Março a abril','Agosto a setembro');
INSERT INTO Plant(plantVariety,species,commonName,plantationPeriod,pruningPeriod,floweringPeriod,harvestPeriod) values ('JONAGORED','Malus domestica','Macieira','','Novembro a dezembro','Março a abril','Agosto a setembro');
INSERT INTO Plant(plantVariety,species,commonName,plantationPeriod,pruningPeriod,floweringPeriod,harvestPeriod) values ('LYSGOLDEN','Malus domestica','Macieira','','Novembro a dezembro','Março a abril','Agosto a setembro');
INSERT INTO Plant(plantVariety,species,commonName,plantationPeriod,pruningPeriod,floweringPeriod,harvestPeriod) values ('MUTSU','Malus domestica','Macieira','','Novembro a dezembro','Março a abril','Agosto a setembro');
INSERT INTO Plant(plantVariety,species,commonName,plantationPeriod,pruningPeriod,floweringPeriod,harvestPeriod) values ('PORTA DA LOJA','Malus domestica','Macieira','','Janeiro','Abril a maio','Novembro a dezembro');
INSERT INTO Plant(plantVariety,species,commonName,plantationPeriod,pruningPeriod,floweringPeriod,harvestPeriod) values ('REINETTE OU CANADA','Malus domestica','Macieira','','Novembro a dezembro','Março a abril','Agosto a setembro');
INSERT INTO Plant(plantVariety,species,commonName,plantationPeriod,pruningPeriod,floweringPeriod,harvestPeriod) values ('REINETTE OU GRAND FAY','Malus domestica','Macieira','','Novembro a dezembro','Março a abril','Agosto a setembro');
INSERT INTO Plant(plantVariety,species,commonName,plantationPeriod,pruningPeriod,floweringPeriod,harvestPeriod) values ('RISCADINHA DE PALMELA','Malus domestica','Macieira','','Novembro a dezembro','Março a abril','Agosto a setembro');
INSERT INTO Plant(plantVariety,species,commonName,plantationPeriod,pruningPeriod,floweringPeriod,harvestPeriod) values ('ROYAL GALA','Malus domestica','Macieira','','Novembro a dezembro','Março a abril','Agosto a setembro');
INSERT INTO Plant(plantVariety,species,commonName,plantationPeriod,pruningPeriod,floweringPeriod,harvestPeriod) values ('REDCHIEF','Malus domestica','Macieira','','Novembro a dezembro','Março a abril','Agosto a setembro');
INSERT INTO Plant(plantVariety,species,commonName,plantationPeriod,pruningPeriod,floweringPeriod,harvestPeriod) values ('STARKING','Malus domestica','Macieira','','Novembro a dezembro','Março a abril','Agosto a setembro');
INSERT INTO Plant(plantVariety,species,commonName,plantationPeriod,pruningPeriod,floweringPeriod,harvestPeriod) values ('SUMMER RED','Malus domestica','Macieira','','Novembro a dezembro','Março a abril','Agosto a setembro');
INSERT INTO Plant(plantVariety,species,commonName,plantationPeriod,pruningPeriod,floweringPeriod,harvestPeriod) values ('WELLSPUR DELICIOUS','Malus domestica','Macieira','','Novembro a dezembro','Março a abril','Agosto a setembro');
INSERT INTO Plant(plantVariety,species,commonName,plantationPeriod,pruningPeriod,floweringPeriod,harvestPeriod) values ('NOIVA','Malus domestica','Macieira','','Novembro a dezembro','Março a abril','Agosto a setembro');
INSERT INTO Plant(plantVariety,species,commonName,plantationPeriod,pruningPeriod,floweringPeriod,harvestPeriod) values ('OLHO ABERTO','Malus domestica','Macieira','','Novembro a dezembro','Março a abril','Agosto a setembro');
INSERT INTO Plant(plantVariety,species,commonName,plantationPeriod,pruningPeriod,floweringPeriod,harvestPeriod) values ('CAMOESA ROSA','Malus domestica','Macieira','','Novembro a dezembro','Março a abril','Agosto a setembro');
INSERT INTO Plant(plantVariety,species,commonName,plantationPeriod,pruningPeriod,floweringPeriod,harvestPeriod) values ('MALÁPIO','Malus domestica','Macieira','','Novembro a dezembro','Março a abril','Agosto a setembro');
INSERT INTO Plant(plantVariety,species,commonName,plantationPeriod,pruningPeriod,floweringPeriod,harvestPeriod) values ('GRONHO DOCE','Malus domestica','Macieira','','Novembro a dezembro','Março a abril','Agosto a setembro');
INSERT INTO Plant(plantVariety,species,commonName,plantationPeriod,pruningPeriod,floweringPeriod,harvestPeriod) values ('PÉ DE BOI ','Malus domestica','Macieira','','Novembro a dezembro','Março a abril','Agosto a setembro');
INSERT INTO Plant(plantVariety,species,commonName,plantationPeriod,pruningPeriod,floweringPeriod,harvestPeriod) values ('PINOVA','Malus domestica','Macieira','','Novembro a dezembro','Março a abril','Agosto a setembro');
INSERT INTO Plant(plantVariety,species,commonName,plantationPeriod,pruningPeriod,floweringPeriod,harvestPeriod) values ('PARDO LINDO','Malus domestica','Macieira','','Novembro a dezembro','Março a abril','Agosto a setembro');
INSERT INTO Plant(plantVariety,species,commonName,plantationPeriod,pruningPeriod,floweringPeriod,harvestPeriod) values ('PIPO DE BASTO','Malus domestica','Macieira','','Novembro a dezembro','Março a abril','Agosto a setembro');
INSERT INTO Plant(plantVariety,species,commonName,plantationPeriod,pruningPeriod,floweringPeriod,harvestPeriod) values ('PRIMA','Malus domestica','Macieira','','Novembro a dezembro','Março a abril','Agosto a setembro');
INSERT INTO Plant(plantVariety,species,commonName,plantationPeriod,pruningPeriod,floweringPeriod,harvestPeriod) values ('QUERINA','Malus domestica','Macieira','','Novembro a dezembro','Março a abril','Agosto a setembro');
INSERT INTO Plant(plantVariety,species,commonName,plantationPeriod,pruningPeriod,floweringPeriod,harvestPeriod) values ('VISTA BELLA','Malus domestica','Macieira','','Novembro a dezembro','Março a abril','Agosto a setembro');
INSERT INTO Plant(plantVariety,species,commonName,plantationPeriod,pruningPeriod,floweringPeriod,harvestPeriod) values ('GOLDEN SMOOTHEE','Malus domestica','Macieira','','Novembro a dezembro','Março a abril','Agosto a setembro');
INSERT INTO Plant(plantVariety,species,commonName,plantationPeriod,pruningPeriod,floweringPeriod,harvestPeriod) values ('GOLDEN SUPREMA','Malus domestica','Macieira','','Novembro a dezembro','Março a abril','Agosto a setembro');
INSERT INTO Plant(plantVariety,species,commonName,plantationPeriod,pruningPeriod,floweringPeriod,harvestPeriod) values ('GLOSTER 69','Malus domestica','Macieira','','Novembro a dezembro','Março a abril','Agosto a setembro');
INSERT INTO Plant(plantVariety,species,commonName,plantationPeriod,pruningPeriod,floweringPeriod,harvestPeriod) values ('FREEDOM','Malus domestica','Macieira','','Novembro a dezembro','Março a abril','Agosto a setembro');
INSERT INTO Plant(plantVariety,species,commonName,plantationPeriod,pruningPeriod,floweringPeriod,harvestPeriod) values ('SNINSEIKI','Pyrus pyrifolia','Pera Nashi','','','','');
INSERT INTO Plant(plantVariety,species,commonName,plantationPeriod,pruningPeriod,floweringPeriod,harvestPeriod) values ('KUMOI','Pyrus pyrifolia','Pera Nashi','','','','');
INSERT INTO Plant(plantVariety,species,commonName,plantationPeriod,pruningPeriod,floweringPeriod,harvestPeriod) values ('HOSUI','Pyrus pyrifolia','Pera Nashi','','','','');
INSERT INTO Plant(plantVariety,species,commonName,plantationPeriod,pruningPeriod,floweringPeriod,harvestPeriod) values ('NIJISSEIKI','Pyrus pyrifolia','Pera Nashi','','','','');
INSERT INTO Plant(plantVariety,species,commonName,plantationPeriod,pruningPeriod,floweringPeriod,harvestPeriod) values ('Carson Hybrid','Daucus carota subsp. Sativus','Cenoura','','','','80 dias');
INSERT INTO Plant(plantVariety,species,commonName,plantationPeriod,pruningPeriod,floweringPeriod,harvestPeriod) values ('Red Cored Chantenay','Daucus carota subsp. Sativus','Cenoura','','','','80 dias');
INSERT INTO Plant(plantVariety,species,commonName,plantationPeriod,pruningPeriod,floweringPeriod,harvestPeriod) values ('Danvers Half Long','Daucus carota subsp. Sativus','Cenoura','','','','80 dias');
INSERT INTO Plant(plantVariety,species,commonName,plantationPeriod,pruningPeriod,floweringPeriod,harvestPeriod) values ('Imperator 58','Daucus carota subsp. Sativus','Cenoura','','','','80 dias');
INSERT INTO Plant(plantVariety,species,commonName,plantationPeriod,pruningPeriod,floweringPeriod,harvestPeriod) values ('Sugarsnax Hybrid','Daucus carota subsp. Sativus','Cenoura','','','','80 dias');
INSERT INTO Plant(plantVariety,species,commonName,plantationPeriod,pruningPeriod,floweringPeriod,harvestPeriod) values ('Nelson Hybrid','Daucus carota subsp. Sativus','Cenoura','','','','80 dias');
INSERT INTO Plant(plantVariety,species,commonName,plantationPeriod,pruningPeriod,floweringPeriod,harvestPeriod) values ('Scarlet Nantes','Daucus carota subsp. Sativus','Cenoura','','','','80 dias');
INSERT INTO Plant(plantVariety,species,commonName,plantationPeriod,pruningPeriod,floweringPeriod,harvestPeriod) values ('Amarelo','Lupinus luteus','Tremoço','','','','');
INSERT INTO Plant(plantVariety,species,commonName,plantationPeriod,pruningPeriod,floweringPeriod,harvestPeriod) values ('Branco','Lupinus albus','Tremoço','','','','');
INSERT INTO Plant(plantVariety,species,commonName,plantationPeriod,pruningPeriod,floweringPeriod,harvestPeriod) values ('MAS 24.C','Zea mays','Milho','Abril a junho','','','Julho a setembro');
INSERT INTO Plant(plantVariety,species,commonName,plantationPeriod,pruningPeriod,floweringPeriod,harvestPeriod) values ('Doce Golden Bantam','Zea mays','Milho','Abril a junho','','','Julho a setembro');
INSERT INTO Plant(plantVariety,species,commonName,plantationPeriod,pruningPeriod,floweringPeriod,harvestPeriod) values ('Senhora Conceição','Brassica rapa','Nabo greleiro','Março a setembro','','','Junho a fevereiro');
INSERT INTO Plant(plantVariety,species,commonName,plantationPeriod,pruningPeriod,floweringPeriod,harvestPeriod) values ('COBRANÇOSA','Olea europaea','Oliveira','','','','Outubro a novembro');
INSERT INTO Plant(plantVariety,species,commonName,plantationPeriod,pruningPeriod,floweringPeriod,harvestPeriod) values ('ARBEQUINA','Olea europaea','Oliveira','','','','Outubro a novembro');
INSERT INTO Plant(plantVariety,species,commonName,plantationPeriod,pruningPeriod,floweringPeriod,harvestPeriod) values ('HOJIBLANCA','Olea europaea','Oliveira','','','','Outubro a novembro');
INSERT INTO Plant(plantVariety,species,commonName,plantationPeriod,pruningPeriod,floweringPeriod,harvestPeriod) values ('NEGRINHA DO FREIXO','Olea europaea','Oliveira','','','','Outubro a novembro');
INSERT INTO Plant(plantVariety,species,commonName,plantationPeriod,pruningPeriod,floweringPeriod,harvestPeriod) values ('PICUAL','Olea europaea','Oliveira','','','','Outubro a novembro');
INSERT INTO Plant(plantVariety,species,commonName,plantationPeriod,pruningPeriod,floweringPeriod,harvestPeriod) values ('MAÇANILHA','Olea europaea','Oliveira','','','','Outubro a novembro');
INSERT INTO Plant(plantVariety,species,commonName,plantationPeriod,pruningPeriod,floweringPeriod,harvestPeriod) values ('CONSERVA DE ELVAS','Olea europaea','Oliveira','','','','Outubro a novembro');
INSERT INTO Plant(plantVariety,species,commonName,plantationPeriod,pruningPeriod,floweringPeriod,harvestPeriod) values ('Galega','Olea europaea','Oliveira','','','','Outubro a novembro');
INSERT INTO Plant(plantVariety,species,commonName,plantationPeriod,pruningPeriod,floweringPeriod,harvestPeriod) values ('S. Cosme','Brassica rapa','Nabo','Fevereiro a abril, agosto a outubro','','','90 dias');
INSERT INTO Plant(plantVariety,species,commonName,plantationPeriod,pruningPeriod,floweringPeriod,harvestPeriod) values ('Dona Maria','Vitis vinifera','Videira','','Dezembro a janeiro','Maio','Junho a agosto');
INSERT INTO Plant(plantVariety,species,commonName,plantationPeriod,pruningPeriod,floweringPeriod,harvestPeriod) values ('Cardinal','Vitis vinifera','Videira','','Dezembro a janeiro','Maio','Junho a agosto');

INSERT INTO CropType(cropType) values ('Permanente');
INSERT INTO CropType(cropType) values ('Temporária');

INSERT INTO Crop(cropId,plantVariety,cropType) values (1,'Amarelo','Temporária');
INSERT INTO Crop(cropId,plantVariety,cropType) values (2,'Doce Golden Bantam','Temporária');
INSERT INTO Crop(cropId,plantVariety,cropType) values (3,'MAS 24.C','Temporária');
INSERT INTO Crop(cropId,plantVariety,cropType) values (4,'Galega','Permanente');
INSERT INTO Crop(cropId,plantVariety,cropType) values (5,'PICUAL','Permanente');
INSERT INTO Crop(cropId,plantVariety,cropType) values (6,'Scarlet Nantes','Temporária');
INSERT INTO Crop(cropId,plantVariety,cropType) values (7,'Nelson Hybrid','Temporária');
INSERT INTO Crop(cropId,plantVariety,cropType) values (8,'S. Cosme','Temporária');
INSERT INTO Crop(cropId,plantVariety,cropType) values (9,'Sugarsnax Hybrid','Temporária');
INSERT INTO Crop(cropId,plantVariety,cropType) values (10,'Danvers Half Long','Temporária');
INSERT INTO Crop(cropId,plantVariety,cropType) values (11,'Senhora Conceição','Temporária');
INSERT INTO Crop(cropId,plantVariety,cropType) values (12,'JONAGORED','Permanente');
INSERT INTO Crop(cropId,plantVariety,cropType) values (13,'FUJI','Permanente');
INSERT INTO Crop(cropId,plantVariety,cropType) values (14,'ROYAL GALA','Permanente');
INSERT INTO Crop(cropId,plantVariety,cropType) values (15,'Dona Maria','Permanente');
INSERT INTO Crop(cropId,plantVariety,cropType) values (16,'Cardinal','Permanente');

INSERT INTO Plot(plotId,designation,area) values (101,'Campo da bouça',1.2);
INSERT INTO Plot(plotId,designation,area) values (102,'Campo grande',3);
INSERT INTO Plot(plotId,designation,area) values (103,'Campo do poço',1.5);
INSERT INTO Plot(plotId,designation,area) values (104,'Lameiro da ponte',0.8);
INSERT INTO Plot(plotId,designation,area) values (105,'Lameiro do moinho',1.1);
INSERT INTO Plot(plotId,designation,area) values (106,'Horta nova',0.3);
INSERT INTO Plot(plotId,designation,area) values (107,'Vinha',2);

INSERT INTO OperationType(operationTypeId,operationType,unit) values (1,'Plantação','un');
INSERT INTO OperationType(operationTypeId,operationType,unit) values (2,'Rega','m3');
INSERT INTO OperationType(operationTypeId,operationType,unit) values (3,'Fertilização','kg');
INSERT INTO OperationType(operationTypeId,operationType,unit) values (4,'Poda','un');
INSERT INTO OperationType(operationTypeId,operationType,unit) values (5,'Aplicação fitofármaco','kg');
INSERT INTO OperationType(operationTypeId,operationType,unit) values (6,'Sementeira','kg');
INSERT INTO OperationType(operationTypeId,operationType,unit) values (7,'Sementeira','ha');
INSERT INTO OperationType(operationTypeId,operationType,unit) values (8,'Colheita','kg');
INSERT INTO OperationType(operationTypeId,operationType,unit) values (9,'Incorporação no solo','ha');
INSERT INTO OperationType(operationTypeId,operationType,unit) values (10,'Sementeira','');

INSERT INTO OperationTypeMode(operationTypeMode,operationTypeId) values ('Solo',3);
INSERT INTO OperationTypeMode(operationTypeMode,operationTypeId) values ('Foliar',3);

INSERT INTO Operation(operationId,operationDate,amount,operationTypeId,plotId) values (1,TO_DATE('06/10/2016','DD/MM/YYYY'),30,1,102);
INSERT INTO Operation(operationId,operationDate,amount,operationTypeId,plotId) values (2,TO_DATE('10/10/2016','DD/MM/YYYY'),20,1,102);
INSERT INTO Operation(operationId,operationDate,amount,operationTypeId,plotId) values (3,TO_DATE('07/01/2017','DD/MM/YYYY'),90,1,104);
INSERT INTO Operation(operationId,operationDate,amount,operationTypeId,plotId) values (4,TO_DATE('08/01/2017','DD/MM/YYYY'),60,1,104);
INSERT INTO Operation(operationId,operationDate,amount,operationTypeId,plotId) values (5,TO_DATE('08/01/2017','DD/MM/YYYY'),40,1,104);
INSERT INTO Operation(operationId,operationDate,amount,operationTypeId,plotId) values (6,TO_DATE('03/07/2017','DD/MM/YYYY'),0.4,2,102);
INSERT INTO Operation(operationId,operationDate,amount,operationTypeId,plotId) values (7,TO_DATE('03/07/2017','DD/MM/YYYY'),0.9,2,102);
INSERT INTO Operation(operationId,operationDate,amount,operationTypeId,plotId) values (8,TO_DATE('10/07/2017','DD/MM/YYYY'),3,2,104);
INSERT INTO Operation(operationId,operationDate,amount,operationTypeId,plotId) values (9,TO_DATE('10/08/2017','DD/MM/YYYY'),0.4,2,102);
INSERT INTO Operation(operationId,operationDate,amount,operationTypeId,plotId) values (10,TO_DATE('10/08/2017','DD/MM/YYYY'),0.9,2,102);
INSERT INTO Operation(operationId,operationDate,amount,operationTypeId,plotId) values (11,TO_DATE('10/08/2017','DD/MM/YYYY'),3.5,2,104);
INSERT INTO Operation(operationId,operationDate,amount,operationTypeId,plotId) values (12,TO_DATE('10/09/2017','DD/MM/YYYY'),3,2,104);
INSERT INTO Operation(operationId,operationDate,amount,operationTypeId,plotId) values (13,TO_DATE('04/11/2017','DD/MM/YYYY'),30,4,102);
INSERT INTO Operation(operationId,operationDate,amount,operationTypeId,plotId) values (14,TO_DATE('04/11/2017','DD/MM/YYYY'),20,4,102);
INSERT INTO Operation(operationId,operationDate,amount,operationTypeId,plotId) values (15,TO_DATE('10/12/2017','DD/MM/YYYY'),15,3,102);
INSERT INTO Operation(operationId,operationDate,amount,operationTypeId,plotId) values (16,TO_DATE('10/12/2017','DD/MM/YYYY'),10,3,102);
INSERT INTO Operation(operationId,operationDate,amount,operationTypeId,plotId) values (17,TO_DATE('07/01/2018','DD/MM/YYYY'),90,4,104);
INSERT INTO Operation(operationId,operationDate,amount,operationTypeId,plotId) values (18,TO_DATE('08/01/2018','DD/MM/YYYY'),60,4,104);
INSERT INTO Operation(operationId,operationDate,amount,operationTypeId,plotId) values (19,TO_DATE('08/01/2018','DD/MM/YYYY'),40,4,104);
INSERT INTO Operation(operationId,operationDate,amount,operationTypeId,plotId) values (20,TO_DATE('10/01/2018','DD/MM/YYYY'),500,1,107);
INSERT INTO Operation(operationId,operationDate,amount,operationTypeId,plotId) values (21,TO_DATE('11/01/2018','DD/MM/YYYY'),700,1,107);
INSERT INTO Operation(operationId,operationDate,amount,operationTypeId,plotId) values (22,TO_DATE('06/02/2018','DD/MM/YYYY'),10,3,104);
INSERT INTO Operation(operationId,operationDate,amount,operationTypeId,plotId) values (23,TO_DATE('06/02/2018','DD/MM/YYYY'),6,3,104);
INSERT INTO Operation(operationId,operationDate,amount,operationTypeId,plotId) values (24,TO_DATE('06/02/2018','DD/MM/YYYY'),5,3,104);
INSERT INTO Operation(operationId,operationDate,amount,operationTypeId,plotId) values (25,TO_DATE('03/07/2018','DD/MM/YYYY'),1,2,102);
INSERT INTO Operation(operationId,operationDate,amount,operationTypeId,plotId) values (26,TO_DATE('03/07/2018','DD/MM/YYYY'),1.5,2,102);
INSERT INTO Operation(operationId,operationDate,amount,operationTypeId,plotId) values (27,TO_DATE('10/07/2018','DD/MM/YYYY'),3.5,2,104);
INSERT INTO Operation(operationId,operationDate,amount,operationTypeId,plotId) values (28,TO_DATE('10/07/2018','DD/MM/YYYY'),6,2,107);
INSERT INTO Operation(operationId,operationDate,amount,operationTypeId,plotId) values (29,TO_DATE('10/08/2018','DD/MM/YYYY'),1,2,102);
INSERT INTO Operation(operationId,operationDate,amount,operationTypeId,plotId) values (30,TO_DATE('10/08/2018','DD/MM/YYYY'),1.5,2,102);
INSERT INTO Operation(operationId,operationDate,amount,operationTypeId,plotId) values (31,TO_DATE('10/08/2018','DD/MM/YYYY'),4,2,104);
INSERT INTO Operation(operationId,operationDate,amount,operationTypeId,plotId) values (32,TO_DATE('11/08/2018','DD/MM/YYYY'),7,2,107);
INSERT INTO Operation(operationId,operationDate,amount,operationTypeId,plotId) values (33,TO_DATE('02/09/2018','DD/MM/YYYY'),4,2,104);
INSERT INTO Operation(operationId,operationDate,amount,operationTypeId,plotId) values (34,TO_DATE('10/09/2018','DD/MM/YYYY'),4,2,104);
INSERT INTO Operation(operationId,operationDate,amount,operationTypeId,plotId) values (35,TO_DATE('17/11/2018','DD/MM/YYYY'),30,4,102);
INSERT INTO Operation(operationId,operationDate,amount,operationTypeId,plotId) values (36,TO_DATE('17/11/2018','DD/MM/YYYY'),20,4,102);
INSERT INTO Operation(operationId,operationDate,amount,operationTypeId,plotId) values (37,TO_DATE('10/12/2018','DD/MM/YYYY'),30,1,104);
INSERT INTO Operation(operationId,operationDate,amount,operationTypeId,plotId) values (38,TO_DATE('16/12/2018','DD/MM/YYYY'),500,4,107);
INSERT INTO Operation(operationId,operationDate,amount,operationTypeId,plotId) values (39,TO_DATE('18/12/2018','DD/MM/YYYY'),700,4,107);
INSERT INTO Operation(operationId,operationDate,amount,operationTypeId,plotId) values (40,TO_DATE('07/01/2019','DD/MM/YYYY'),90,4,104);
INSERT INTO Operation(operationId,operationDate,amount,operationTypeId,plotId) values (41,TO_DATE('08/01/2019','DD/MM/YYYY'),60,4,104);
INSERT INTO Operation(operationId,operationDate,amount,operationTypeId,plotId) values (42,TO_DATE('08/01/2019','DD/MM/YYYY'),40,4,104);
INSERT INTO Operation(operationId,operationDate,amount,operationTypeId,plotId) values (43,TO_DATE('20/01/2019','DD/MM/YYYY'),2,5,107);
INSERT INTO Operation(operationId,operationDate,amount,operationTypeId,plotId) values (44,TO_DATE('20/01/2019','DD/MM/YYYY'),2.5,5,107);
INSERT INTO Operation(operationId,operationDate,amount,operationTypeId,plotId) values (45,TO_DATE('06/02/2019','DD/MM/YYYY'),10,3,104);
INSERT INTO Operation(operationId,operationDate,amount,operationTypeId,plotId) values (46,TO_DATE('06/02/2019','DD/MM/YYYY'),5,3,104);
INSERT INTO Operation(operationId,operationDate,amount,operationTypeId,plotId) values (47,TO_DATE('06/02/2019','DD/MM/YYYY'),7,3,104);
INSERT INTO Operation(operationId,operationDate,amount,operationTypeId,plotId) values (48,TO_DATE('03/07/2019','DD/MM/YYYY'),1,2,102);
INSERT INTO Operation(operationId,operationDate,amount,operationTypeId,plotId) values (49,TO_DATE('03/07/2019','DD/MM/YYYY'),1.5,2,102);
INSERT INTO Operation(operationId,operationDate,amount,operationTypeId,plotId) values (50,TO_DATE('03/07/2019','DD/MM/YYYY'),4,2,104);
INSERT INTO Operation(operationId,operationDate,amount,operationTypeId,plotId) values (51,TO_DATE('10/07/2019','DD/MM/YYYY'),6,2,107);
INSERT INTO Operation(operationId,operationDate,amount,operationTypeId,plotId) values (52,TO_DATE('10/08/2019','DD/MM/YYYY'),1,2,102);
INSERT INTO Operation(operationId,operationDate,amount,operationTypeId,plotId) values (53,TO_DATE('10/08/2019','DD/MM/YYYY'),1.5,2,102);
INSERT INTO Operation(operationId,operationDate,amount,operationTypeId,plotId) values (54,TO_DATE('10/08/2019','DD/MM/YYYY'),4.5,2,104);
INSERT INTO Operation(operationId,operationDate,amount,operationTypeId,plotId) values (55,TO_DATE('11/08/2019','DD/MM/YYYY'),7,2,107);
INSERT INTO Operation(operationId,operationDate,amount,operationTypeId,plotId) values (56,TO_DATE('15/11/2019','DD/MM/YYYY'),30,4,102);
INSERT INTO Operation(operationId,operationDate,amount,operationTypeId,plotId) values (57,TO_DATE('15/11/2019','DD/MM/YYYY'),20,4,102);
INSERT INTO Operation(operationId,operationDate,amount,operationTypeId,plotId) values (58,TO_DATE('16/12/2019','DD/MM/YYYY'),500,4,107);
INSERT INTO Operation(operationId,operationDate,amount,operationTypeId,plotId) values (59,TO_DATE('18/12/2019','DD/MM/YYYY'),700,4,107);
INSERT INTO Operation(operationId,operationDate,amount,operationTypeId,plotId) values (60,TO_DATE('20/01/2020','DD/MM/YYYY'),2,5,107);
INSERT INTO Operation(operationId,operationDate,amount,operationTypeId,plotId) values (61,TO_DATE('20/01/2020','DD/MM/YYYY'),2.5,5,107);
INSERT INTO Operation(operationId,operationDate,amount,operationTypeId,plotId) values (62,TO_DATE('12/03/2020','DD/MM/YYYY'),0.9,6,106);
INSERT INTO Operation(operationId,operationDate,amount,operationTypeId,plotId) values (63,TO_DATE('30/03/2020','DD/MM/YYYY'),600,3,103);
INSERT INTO Operation(operationId,operationDate,amount,operationTypeId,plotId) values (64,TO_DATE('05/04/2020','DD/MM/YYYY'),1.2,7,103);
INSERT INTO Operation(operationId,operationDate,amount,operationTypeId,plotId) values (65,TO_DATE('05/05/2020','DD/MM/YYYY'),2200,8,106);
INSERT INTO Operation(operationId,operationDate,amount,operationTypeId,plotId) values (66,TO_DATE('15/05/2020','DD/MM/YYYY'),1400,8,106);
INSERT INTO Operation(operationId,operationDate,amount,operationTypeId,plotId) values (67,TO_DATE('02/06/2020','DD/MM/YYYY'),0.6,6,106);
INSERT INTO Operation(operationId,operationDate,amount,operationTypeId,plotId) values (68,TO_DATE('03/07/2020','DD/MM/YYYY'),1,2,102);
INSERT INTO Operation(operationId,operationDate,amount,operationTypeId,plotId) values (69,TO_DATE('03/07/2020','DD/MM/YYYY'),1.5,2,102);
INSERT INTO Operation(operationId,operationDate,amount,operationTypeId,plotId) values (70,TO_DATE('10/07/2020','DD/MM/YYYY'),6,2,107);
INSERT INTO Operation(operationId,operationDate,amount,operationTypeId,plotId) values (71,TO_DATE('12/07/2020','DD/MM/YYYY'),15,2,103);
INSERT INTO Operation(operationId,operationDate,amount,operationTypeId,plotId) values (72,TO_DATE('15/07/2020','DD/MM/YYYY'),2.5,2,106);
INSERT INTO Operation(operationId,operationDate,amount,operationTypeId,plotId) values (73,TO_DATE('28/07/2020','DD/MM/YYYY'),15,2,103);
INSERT INTO Operation(operationId,operationDate,amount,operationTypeId,plotId) values (74,TO_DATE('10/08/2020','DD/MM/YYYY'),1,2,102);
INSERT INTO Operation(operationId,operationDate,amount,operationTypeId,plotId) values (75,TO_DATE('10/08/2020','DD/MM/YYYY'),1.5,2,102);
INSERT INTO Operation(operationId,operationDate,amount,operationTypeId,plotId) values (76,TO_DATE('10/08/2020','DD/MM/YYYY'),15,2,103);
INSERT INTO Operation(operationId,operationDate,amount,operationTypeId,plotId) values (77,TO_DATE('11/08/2020','DD/MM/YYYY'),7,2,107);
INSERT INTO Operation(operationId,operationDate,amount,operationTypeId,plotId) values (78,TO_DATE('12/08/2020','DD/MM/YYYY'),3.5,2,106);
INSERT INTO Operation(operationId,operationDate,amount,operationTypeId,plotId) values (79,TO_DATE('20/08/2020','DD/MM/YYYY'),3300,8,103);
INSERT INTO Operation(operationId,operationDate,amount,operationTypeId,plotId) values (80,TO_DATE('28/08/2020','DD/MM/YYYY'),600,8,106);
INSERT INTO Operation(operationId,operationDate,amount,operationTypeId,plotId) values (81,TO_DATE('07/09/2020','DD/MM/YYYY'),1800,8,106);
INSERT INTO Operation(operationId,operationDate,amount,operationTypeId,plotId) values (82,TO_DATE('20/09/2020','DD/MM/YYYY'),0.6,6,106);
INSERT INTO Operation(operationId,operationDate,amount,operationTypeId,plotId) values (83,TO_DATE('10/10/2020','DD/MM/YYYY'),36,6,101);
INSERT INTO Operation(operationId,operationDate,amount,operationTypeId,plotId) values (84,TO_DATE('12/10/2020','DD/MM/YYYY'),1.3,7,103);
INSERT INTO Operation(operationId,operationDate,amount,operationTypeId,plotId) values (85,TO_DATE('10/11/2020','DD/MM/YYYY'),30,4,102);
INSERT INTO Operation(operationId,operationDate,amount,operationTypeId,plotId) values (86,TO_DATE('10/11/2020','DD/MM/YYYY'),20,4,102);
INSERT INTO Operation(operationId,operationDate,amount,operationTypeId,plotId) values (87,TO_DATE('15/11/2020','DD/MM/YYYY'),600,8,106);
INSERT INTO Operation(operationId,operationDate,amount,operationTypeId,plotId) values (88,TO_DATE('05/12/2020','DD/MM/YYYY'),70,4,104);
INSERT INTO Operation(operationId,operationDate,amount,operationTypeId,plotId) values (89,TO_DATE('05/12/2020','DD/MM/YYYY'),50,4,104);
INSERT INTO Operation(operationId,operationDate,amount,operationTypeId,plotId) values (90,TO_DATE('10/12/2020','DD/MM/YYYY'),10,3,102);
INSERT INTO Operation(operationId,operationDate,amount,operationTypeId,plotId) values (91,TO_DATE('10/12/2020','DD/MM/YYYY'),7,3,102);
INSERT INTO Operation(operationId,operationDate,amount,operationTypeId,plotId) values (92,TO_DATE('15/12/2020','DD/MM/YYYY'),40,4,104);
INSERT INTO Operation(operationId,operationDate,amount,operationTypeId,plotId) values (93,TO_DATE('15/12/2020','DD/MM/YYYY'),60,4,104);
INSERT INTO Operation(operationId,operationDate,amount,operationTypeId,plotId) values (94,TO_DATE('16/12/2020','DD/MM/YYYY'),500,4,107);
INSERT INTO Operation(operationId,operationDate,amount,operationTypeId,plotId) values (95,TO_DATE('18/12/2020','DD/MM/YYYY'),2500,8,106);
INSERT INTO Operation(operationId,operationDate,amount,operationTypeId,plotId) values (96,TO_DATE('18/12/2020','DD/MM/YYYY'),700,4,107);
INSERT INTO Operation(operationId,operationDate,amount,operationTypeId,plotId) values (97,TO_DATE('04/01/2021','DD/MM/YYYY'),2900,8,106);
INSERT INTO Operation(operationId,operationDate,amount,operationTypeId,plotId) values (98,TO_DATE('20/01/2021','DD/MM/YYYY'),2,5,107);
INSERT INTO Operation(operationId,operationDate,amount,operationTypeId,plotId) values (99,TO_DATE('20/01/2021','DD/MM/YYYY'),2.5,5,107);
INSERT INTO Operation(operationId,operationDate,amount,operationTypeId,plotId) values (100,TO_DATE('10/03/2021','DD/MM/YYYY'),0.9,6,106);
INSERT INTO Operation(operationId,operationDate,amount,operationTypeId,plotId) values (101,TO_DATE('14/03/2021','DD/MM/YYYY'),1.3,9,103);
INSERT INTO Operation(operationId,operationDate,amount,operationTypeId,plotId) values (102,TO_DATE('30/03/2021','DD/MM/YYYY'),1.3,9,101);
INSERT INTO Operation(operationId,operationDate,amount,operationTypeId,plotId) values (103,TO_DATE('03/04/2021','DD/MM/YYYY'),1.2,7,103);
INSERT INTO Operation(operationId,operationDate,amount,operationTypeId,plotId) values (104,TO_DATE('15/04/2021','DD/MM/YYYY'),30,6,101);
INSERT INTO Operation(operationId,operationDate,amount,operationTypeId,plotId) values (105,TO_DATE('02/05/2021','DD/MM/YYYY'),10,3,104);
INSERT INTO Operation(operationId,operationDate,amount,operationTypeId,plotId) values (106,TO_DATE('05/05/2021','DD/MM/YYYY'),2200,8,106);
INSERT INTO Operation(operationId,operationDate,amount,operationTypeId,plotId) values (107,TO_DATE('15/05/2021','DD/MM/YYYY'),1400,8,106);
INSERT INTO Operation(operationId,operationDate,amount,operationTypeId,plotId) values (108,TO_DATE('02/06/2021','DD/MM/YYYY'),0.6,6,106);
INSERT INTO Operation(operationId,operationDate,amount,operationTypeId,plotId) values (109,TO_DATE('20/06/2021','DD/MM/YYYY'),3,2,106);
INSERT INTO Operation(operationId,operationDate,amount,operationTypeId,plotId) values (110,TO_DATE('03/07/2021','DD/MM/YYYY'),0.8,2,102);
INSERT INTO Operation(operationId,operationDate,amount,operationTypeId,plotId) values (111,TO_DATE('03/07/2021','DD/MM/YYYY'),1.5,2,102);
INSERT INTO Operation(operationId,operationDate,amount,operationTypeId,plotId) values (112,TO_DATE('05/07/2021','DD/MM/YYYY'),5,2,104);
INSERT INTO Operation(operationId,operationDate,amount,operationTypeId,plotId) values (113,TO_DATE('07/07/2021','DD/MM/YYYY'),3,2,106);
INSERT INTO Operation(operationId,operationDate,amount,operationTypeId,plotId) values (114,TO_DATE('10/07/2021','DD/MM/YYYY'),7,2,107);
INSERT INTO Operation(operationId,operationDate,amount,operationTypeId,plotId) values (115,TO_DATE('12/07/2021','DD/MM/YYYY'),15,2,103);
INSERT INTO Operation(operationId,operationDate,amount,operationTypeId,plotId) values (116,TO_DATE('15/07/2021','DD/MM/YYYY'),300,8,107);
INSERT INTO Operation(operationId,operationDate,amount,operationTypeId,plotId) values (117,TO_DATE('20/07/2021','DD/MM/YYYY'),400,8,107);
INSERT INTO Operation(operationId,operationDate,amount,operationTypeId,plotId) values (118,TO_DATE('24/07/2021','DD/MM/YYYY'),15,2,103);
INSERT INTO Operation(operationId,operationDate,amount,operationTypeId,plotId) values (119,TO_DATE('30/07/2021','DD/MM/YYYY'),5.5,2,104);
INSERT INTO Operation(operationId,operationDate,amount,operationTypeId,plotId) values (120,TO_DATE('30/07/2021','DD/MM/YYYY'),3.5,2,106);
INSERT INTO Operation(operationId,operationDate,amount,operationTypeId,plotId) values (121,TO_DATE('07/08/2021','DD/MM/YYYY'),15,2,103);
INSERT INTO Operation(operationId,operationDate,amount,operationTypeId,plotId) values (122,TO_DATE('10/08/2021','DD/MM/YYYY'),0.8,2,102);
INSERT INTO Operation(operationId,operationDate,amount,operationTypeId,plotId) values (123,TO_DATE('10/08/2021','DD/MM/YYYY'),1.5,2,102);
INSERT INTO Operation(operationId,operationDate,amount,operationTypeId,plotId) values (124,TO_DATE('12/08/2021','DD/MM/YYYY'),3300,8,101);
INSERT INTO Operation(operationId,operationDate,amount,operationTypeId,plotId) values (125,TO_DATE('17/08/2021','DD/MM/YYYY'),3,2,106);
INSERT INTO Operation(operationId,operationDate,amount,operationTypeId,plotId) values (126,TO_DATE('24/08/2021','DD/MM/YYYY'),900,8,104);
INSERT INTO Operation(operationId,operationDate,amount,operationTypeId,plotId) values (127,TO_DATE('25/08/2021','DD/MM/YYYY'),3300,8,103);
INSERT INTO Operation(operationId,operationDate,amount,operationTypeId,plotId) values (128,TO_DATE('28/08/2021','DD/MM/YYYY'),600,8,106);
INSERT INTO Operation(operationId,operationDate,amount,operationTypeId,plotId) values (129,TO_DATE('05/09/2021','DD/MM/YYYY'),800,8,104);
INSERT INTO Operation(operationId,operationDate,amount,operationTypeId,plotId) values (130,TO_DATE('07/09/2021','DD/MM/YYYY'),1800,8,106);
INSERT INTO Operation(operationId,operationDate,amount,operationTypeId,plotId) values (131,TO_DATE('12/09/2021','DD/MM/YYYY'),800,8,104);
INSERT INTO Operation(operationId,operationDate,amount,operationTypeId,plotId) values (132,TO_DATE('20/09/2021','DD/MM/YYYY'),0.6,6,106);
INSERT INTO Operation(operationId,operationDate,amount,operationTypeId,plotId) values (133,TO_DATE('23/09/2021','DD/MM/YYYY'),1200,8,104);
INSERT INTO Operation(operationId,operationDate,amount,operationTypeId,plotId) values (134,TO_DATE('03/10/2021','DD/MM/YYYY'),36,10,101);
INSERT INTO Operation(operationId,operationDate,amount,operationTypeId,plotId) values (135,TO_DATE('06/10/2021','DD/MM/YYYY'),1.3,7,103);
INSERT INTO Operation(operationId,operationDate,amount,operationTypeId,plotId) values (136,TO_DATE('12/10/2021','DD/MM/YYYY'),950,8,104);
INSERT INTO Operation(operationId,operationDate,amount,operationTypeId,plotId) values (137,TO_DATE('03/11/2021','DD/MM/YYYY'),750,8,104);
INSERT INTO Operation(operationId,operationDate,amount,operationTypeId,plotId) values (138,TO_DATE('10/11/2021','DD/MM/YYYY'),210,8,102);
INSERT INTO Operation(operationId,operationDate,amount,operationTypeId,plotId) values (139,TO_DATE('10/11/2021','DD/MM/YYYY'),120,8,102);
INSERT INTO Operation(operationId,operationDate,amount,operationTypeId,plotId) values (140,TO_DATE('15/11/2021','DD/MM/YYYY'),600,8,106);
INSERT INTO Operation(operationId,operationDate,amount,operationTypeId,plotId) values (141,TO_DATE('17/11/2021','DD/MM/YYYY'),30,4,102);
INSERT INTO Operation(operationId,operationDate,amount,operationTypeId,plotId) values (142,TO_DATE('17/11/2021','DD/MM/YYYY'),20,4,102);
INSERT INTO Operation(operationId,operationDate,amount,operationTypeId,plotId) values (143,TO_DATE('28/11/2021','DD/MM/YYYY'),70,4,104);
INSERT INTO Operation(operationId,operationDate,amount,operationTypeId,plotId) values (144,TO_DATE('03/12/2021','DD/MM/YYYY'),90,4,104);
INSERT INTO Operation(operationId,operationDate,amount,operationTypeId,plotId) values (145,TO_DATE('16/12/2021','DD/MM/YYYY'),500,4,107);
INSERT INTO Operation(operationId,operationDate,amount,operationTypeId,plotId) values (146,TO_DATE('18/12/2021','DD/MM/YYYY'),60,4,104);
INSERT INTO Operation(operationId,operationDate,amount,operationTypeId,plotId) values (147,TO_DATE('18/12/2021','DD/MM/YYYY'),2500,8,106);
INSERT INTO Operation(operationId,operationDate,amount,operationTypeId,plotId) values (148,TO_DATE('18/12/2021','DD/MM/YYYY'),700,4,107);
INSERT INTO Operation(operationId,operationDate,amount,operationTypeId,plotId) values (149,TO_DATE('04/01/2022','DD/MM/YYYY'),2900,8,106);
INSERT INTO Operation(operationId,operationDate,amount,operationTypeId,plotId) values (150,TO_DATE('20/01/2022','DD/MM/YYYY'),3,5,107);
INSERT INTO Operation(operationId,operationDate,amount,operationTypeId,plotId) values (151,TO_DATE('20/01/2022','DD/MM/YYYY'),3.5,5,107);
INSERT INTO Operation(operationId,operationDate,amount,operationTypeId,plotId) values (152,TO_DATE('06/03/2022','DD/MM/YYYY'),0.9,6,106);
INSERT INTO Operation(operationId,operationDate,amount,operationTypeId,plotId) values (153,TO_DATE('19/03/2022','DD/MM/YYYY'),1.3,9,103);
INSERT INTO Operation(operationId,operationDate,amount,operationTypeId,plotId) values (154,TO_DATE('05/04/2022','DD/MM/YYYY'),1.3,9,101);
INSERT INTO Operation(operationId,operationDate,amount,operationTypeId,plotId) values (155,TO_DATE('08/04/2022','DD/MM/YYYY'),1.2,7,103);
INSERT INTO Operation(operationId,operationDate,amount,operationTypeId,plotId) values (156,TO_DATE('15/04/2022','DD/MM/YYYY'),30,6,101);
INSERT INTO Operation(operationId,operationDate,amount,operationTypeId,plotId) values (157,TO_DATE('05/05/2022','DD/MM/YYYY'),2250,8,106);
INSERT INTO Operation(operationId,operationDate,amount,operationTypeId,plotId) values (158,TO_DATE('13/05/2022','DD/MM/YYYY'),10,3,104);
INSERT INTO Operation(operationId,operationDate,amount,operationTypeId,plotId) values (159,TO_DATE('15/05/2022','DD/MM/YYYY'),1300,8,106);
INSERT INTO Operation(operationId,operationDate,amount,operationTypeId,plotId) values (160,TO_DATE('30/05/2022','DD/MM/YYYY'),0.6,6,106);
INSERT INTO Operation(operationId,operationDate,amount,operationTypeId,plotId) values (161,TO_DATE('05/06/2022','DD/MM/YYYY'),3,2,104);
INSERT INTO Operation(operationId,operationDate,amount,operationTypeId,plotId) values (162,TO_DATE('30/06/2022','DD/MM/YYYY'),3,2,106);
INSERT INTO Operation(operationId,operationDate,amount,operationTypeId,plotId) values (163,TO_DATE('02/07/2022','DD/MM/YYYY'),5.5,2,104);
INSERT INTO Operation(operationId,operationDate,amount,operationTypeId,plotId) values (164,TO_DATE('03/07/2022','DD/MM/YYYY'),0.8,2,102);
INSERT INTO Operation(operationId,operationDate,amount,operationTypeId,plotId) values (165,TO_DATE('03/07/2022','DD/MM/YYYY'),1.5,2,102);
INSERT INTO Operation(operationId,operationDate,amount,operationTypeId,plotId) values (166,TO_DATE('10/07/2022','DD/MM/YYYY'),5,2,107);
INSERT INTO Operation(operationId,operationDate,amount,operationTypeId,plotId) values (167,TO_DATE('12/07/2022','DD/MM/YYYY'),15,2,103);
INSERT INTO Operation(operationId,operationDate,amount,operationTypeId,plotId) values (168,TO_DATE('15/07/2022','DD/MM/YYYY'),3,2,106);
INSERT INTO Operation(operationId,operationDate,amount,operationTypeId,plotId) values (169,TO_DATE('15/07/2022','DD/MM/YYYY'),600,8,107);
INSERT INTO Operation(operationId,operationDate,amount,operationTypeId,plotId) values (170,TO_DATE('20/07/2022','DD/MM/YYYY'),500,8,107);
INSERT INTO Operation(operationId,operationDate,amount,operationTypeId,plotId) values (171,TO_DATE('24/07/2022','DD/MM/YYYY'),15,2,103);
INSERT INTO Operation(operationId,operationDate,amount,operationTypeId,plotId) values (172,TO_DATE('30/07/2022','DD/MM/YYYY'),5,2,104);
INSERT INTO Operation(operationId,operationDate,amount,operationTypeId,plotId) values (173,TO_DATE('30/07/2022','DD/MM/YYYY'),2.5,2,106);
INSERT INTO Operation(operationId,operationDate,amount,operationTypeId,plotId) values (174,TO_DATE('07/08/2022','DD/MM/YYYY'),15,2,103);
INSERT INTO Operation(operationId,operationDate,amount,operationTypeId,plotId) values (175,TO_DATE('10/08/2022','DD/MM/YYYY'),0.8,2,102);
INSERT INTO Operation(operationId,operationDate,amount,operationTypeId,plotId) values (176,TO_DATE('10/08/2022','DD/MM/YYYY'),1.5,2,102);
INSERT INTO Operation(operationId,operationDate,amount,operationTypeId,plotId) values (177,TO_DATE('12/08/2022','DD/MM/YYYY'),1200,8,107);
INSERT INTO Operation(operationId,operationDate,amount,operationTypeId,plotId) values (178,TO_DATE('12/08/2022','DD/MM/YYYY'),600,8,107);
INSERT INTO Operation(operationId,operationDate,amount,operationTypeId,plotId) values (179,TO_DATE('17/08/2022','DD/MM/YYYY'),3500,8,101);
INSERT INTO Operation(operationId,operationDate,amount,operationTypeId,plotId) values (180,TO_DATE('17/08/2022','DD/MM/YYYY'),3,2,106);
INSERT INTO Operation(operationId,operationDate,amount,operationTypeId,plotId) values (181,TO_DATE('18/08/2022','DD/MM/YYYY'),3300,8,103);
INSERT INTO Operation(operationId,operationDate,amount,operationTypeId,plotId) values (182,TO_DATE('20/08/2022','DD/MM/YYYY'),950,8,104);
INSERT INTO Operation(operationId,operationDate,amount,operationTypeId,plotId) values (183,TO_DATE('24/08/2022','DD/MM/YYYY'),650,8,106);
INSERT INTO Operation(operationId,operationDate,amount,operationTypeId,plotId) values (184,TO_DATE('05/09/2022','DD/MM/YYYY'),1900,8,106);
INSERT INTO Operation(operationId,operationDate,amount,operationTypeId,plotId) values (185,TO_DATE('07/09/2022','DD/MM/YYYY'),830,8,104);
INSERT INTO Operation(operationId,operationDate,amount,operationTypeId,plotId) values (186,TO_DATE('11/09/2022','DD/MM/YYYY'),750,8,104);
INSERT INTO Operation(operationId,operationDate,amount,operationTypeId,plotId) values (187,TO_DATE('20/09/2022','DD/MM/YYYY'),1150,8,104);
INSERT INTO Operation(operationId,operationDate,amount,operationTypeId,plotId) values (188,TO_DATE('20/09/2022','DD/MM/YYYY'),0.6,6,106);
INSERT INTO Operation(operationId,operationDate,amount,operationTypeId,plotId) values (189,TO_DATE('12/10/2022','DD/MM/YYYY'),1.3,7,103);
INSERT INTO Operation(operationId,operationDate,amount,operationTypeId,plotId) values (190,TO_DATE('17/10/2022','DD/MM/YYYY'),850,8,104);
INSERT INTO Operation(operationId,operationDate,amount,operationTypeId,plotId) values (191,TO_DATE('06/11/2022','DD/MM/YYYY'),900,8,104);
INSERT INTO Operation(operationId,operationDate,amount,operationTypeId,plotId) values (192,TO_DATE('10/11/2022','DD/MM/YYYY'),30,4,102);
INSERT INTO Operation(operationId,operationDate,amount,operationTypeId,plotId) values (193,TO_DATE('10/11/2022','DD/MM/YYYY'),20,4,102);
INSERT INTO Operation(operationId,operationDate,amount,operationTypeId,plotId) values (194,TO_DATE('12/11/2022','DD/MM/YYYY'),300,8,102);
INSERT INTO Operation(operationId,operationDate,amount,operationTypeId,plotId) values (195,TO_DATE('12/11/2022','DD/MM/YYYY'),200,8,102);
INSERT INTO Operation(operationId,operationDate,amount,operationTypeId,plotId) values (196,TO_DATE('15/11/2022','DD/MM/YYYY'),50,8,106);
INSERT INTO Operation(operationId,operationDate,amount,operationTypeId,plotId) values (197,TO_DATE('04/12/2022','DD/MM/YYYY'),70,4,104);
INSERT INTO Operation(operationId,operationDate,amount,operationTypeId,plotId) values (198,TO_DATE('07/12/2022','DD/MM/YYYY'),90,4,104);
INSERT INTO Operation(operationId,operationDate,amount,operationTypeId,plotId) values (199,TO_DATE('11/12/2022','DD/MM/YYYY'),15,3,102);
INSERT INTO Operation(operationId,operationDate,amount,operationTypeId,plotId) values (200,TO_DATE('11/12/2022','DD/MM/YYYY'),10,3,102);
INSERT INTO Operation(operationId,operationDate,amount,operationTypeId,plotId) values (201,TO_DATE('16/12/2022','DD/MM/YYYY'),500,4,107);
INSERT INTO Operation(operationId,operationDate,amount,operationTypeId,plotId) values (202,TO_DATE('18/12/2022','DD/MM/YYYY'),200,8,106);
INSERT INTO Operation(operationId,operationDate,amount,operationTypeId,plotId) values (203,TO_DATE('18/12/2022','DD/MM/YYYY'),700,4,107);
INSERT INTO Operation(operationId,operationDate,amount,operationTypeId,plotId) values (204,TO_DATE('12/01/2023','DD/MM/YYYY'),60,4,104);
INSERT INTO Operation(operationId,operationDate,amount,operationTypeId,plotId) values (205,TO_DATE('14/01/2023','DD/MM/YYYY'),250,8,106);
INSERT INTO Operation(operationId,operationDate,amount,operationTypeId,plotId) values (206,TO_DATE('20/01/2023','DD/MM/YYYY'),4,5,107);
INSERT INTO Operation(operationId,operationDate,amount,operationTypeId,plotId) values (207,TO_DATE('20/01/2023','DD/MM/YYYY'),5,5,107);
INSERT INTO Operation(operationId,operationDate,amount,operationTypeId,plotId) values (208,TO_DATE('20/03/2023','DD/MM/YYYY'),1.3,9,103);

INSERT INTO InstalledCrop(installedCropId,cropId,plotId,operationId,initialDate, finalDate) values (1,1,101,83,TO_DATE('10/10/2020','DD/MM/YYYY'),TO_DATE('30/03/2021','DD/MM/YYYY'));
INSERT INTO InstalledCrop(installedCropId,cropId,plotId,operationId,initialDate, finalDate) values (2,2,101,124,TO_DATE('10/04/2021','DD/MM/YYYY'),TO_DATE('12/08/2021','DD/MM/YYYY'));
INSERT INTO InstalledCrop(installedCropId,cropId,plotId,operationId,initialDate, finalDate) values (3,1,101,134,TO_DATE('03/10/2021','DD/MM/YYYY'),TO_DATE('05/04/2022','DD/MM/YYYY'));
INSERT INTO InstalledCrop(installedCropId,cropId,plotId,operationId,initialDate, finalDate) values (4,2,101,156,TO_DATE('15/04/2022','DD/MM/YYYY'),TO_DATE('21/08/2022','DD/MM/YYYY'));
INSERT INTO InstalledCrop(installedCropId,cropId,plotId,operationId,initialDate, finalDate) values (5,3,103,64,TO_DATE('05/04/2020','DD/MM/YYYY'),TO_DATE('20/08/2020','DD/MM/YYYY'));
INSERT INTO InstalledCrop(installedCropId,cropId,plotId,operationId,initialDate, finalDate) values (6,1,103,84,TO_DATE('12/10/2020','DD/MM/YYYY'),TO_DATE('15/03/2021','DD/MM/YYYY'));
INSERT INTO InstalledCrop(installedCropId,cropId,plotId,operationId,initialDate, finalDate) values (7,3,103,103,TO_DATE('03/04/2021','DD/MM/YYYY'),TO_DATE('25/08/2021','DD/MM/YYYY'));
INSERT INTO InstalledCrop(installedCropId,cropId,plotId,operationId,initialDate, finalDate) values (8,1,103,135,TO_DATE('06/10/2021','DD/MM/YYYY'),TO_DATE('19/03/2022','DD/MM/YYYY'));
INSERT INTO InstalledCrop(installedCropId,cropId,plotId,operationId,initialDate, finalDate) values (9,3,103,155,TO_DATE('08/04/2022','DD/MM/YYYY'),TO_DATE('18/08/2022','DD/MM/YYYY'));
INSERT INTO InstalledCrop(installedCropId,cropId,plotId,operationId,initialDate, finalDate) values (10,1,103,189,TO_DATE('12/10/2022','DD/MM/YYYY'),TO_DATE('20/03/2023','DD/MM/YYYY'));
INSERT INTO InstalledCrop(installedCropId,cropId,plotId,operationId,initialDate, finalDate) values (11,4,102,1,TO_DATE('06/10/2016','DD/MM/YYYY'),NULL);
INSERT INTO InstalledCrop(installedCropId,cropId,plotId,operationId,initialDate, finalDate) values (12,5,102,2,TO_DATE('10/10/2016','DD/MM/YYYY'),NULL);
INSERT INTO InstalledCrop(installedCropId,cropId,plotId,operationId,initialDate, finalDate) values (13,6,106,66,TO_DATE('10/03/2020','DD/MM/YYYY'),TO_DATE('15/05/2020','DD/MM/YYYY'));
INSERT INTO InstalledCrop(installedCropId,cropId,plotId,operationId,initialDate, finalDate) values (14,7,106,67,TO_DATE('02/06/2020','DD/MM/YYYY'),TO_DATE('08/09/2020','DD/MM/YYYY'));
INSERT INTO InstalledCrop(installedCropId,cropId,plotId,operationId,initialDate, finalDate) values (15,8,106,82,TO_DATE('20/09/2020','DD/MM/YYYY'),TO_DATE('10/01/2021','DD/MM/YYYY'));
INSERT INTO InstalledCrop(installedCropId,cropId,plotId,operationId,initialDate, finalDate) values (16,9,106,100,TO_DATE('10/03/2021','DD/MM/YYYY'),TO_DATE('15/05/2021','DD/MM/YYYY'));
INSERT INTO InstalledCrop(installedCropId,cropId,plotId,operationId,initialDate, finalDate) values (17,10,106,108,TO_DATE('02/06/2021','DD/MM/YYYY'),TO_DATE('08/09/2021','DD/MM/YYYY'));
INSERT INTO InstalledCrop(installedCropId,cropId,plotId,operationId,initialDate, finalDate) values (18,8,106,132,TO_DATE('20/09/2021','DD/MM/YYYY'),TO_DATE('10/01/2022','DD/MM/YYYY'));
INSERT INTO InstalledCrop(installedCropId,cropId,plotId,operationId,initialDate, finalDate) values (19,9,106,152,TO_DATE('06/03/2022','DD/MM/YYYY'),TO_DATE('16/05/2022','DD/MM/YYYY'));
INSERT INTO InstalledCrop(installedCropId,cropId,plotId,operationId,initialDate, finalDate) values (20,7,106,160,TO_DATE('30/05/2022','DD/MM/YYYY'),TO_DATE('05/09/2022','DD/MM/YYYY'));
INSERT INTO InstalledCrop(installedCropId,cropId,plotId,operationId,initialDate, finalDate) values (21,11,106,188,TO_DATE('20/09/2022','DD/MM/YYYY'),TO_DATE('14/01/2023','DD/MM/YYYY'));
INSERT INTO InstalledCrop(installedCropId,cropId,plotId,operationId,initialDate, finalDate) values (22,12,104,3,TO_DATE('07/01/2017','DD/MM/YYYY'),NULL);
INSERT INTO InstalledCrop(installedCropId,cropId,plotId,operationId,initialDate, finalDate) values (23,13,104,18,TO_DATE('08/01/2017','DD/MM/YYYY'),NULL);
INSERT INTO InstalledCrop(installedCropId,cropId,plotId,operationId,initialDate, finalDate) values (24,14,104,19,TO_DATE('08/01/2017','DD/MM/YYYY'),NULL);
INSERT INTO InstalledCrop(installedCropId,cropId,plotId,operationId,initialDate, finalDate) values (25,14,104,37,TO_DATE('10/12/2018','DD/MM/YYYY'),NULL);
INSERT INTO InstalledCrop(installedCropId,cropId,plotId,operationId,initialDate, finalDate) values (26,15,107,20,TO_DATE('10/01/2018','DD/MM/YYYY'),NULL);
INSERT INTO InstalledCrop(installedCropId,cropId,plotId,operationId,initialDate, finalDate) values (27,16,107,21,TO_DATE('11/01/2018','DD/MM/YYYY'),NULL);

INSERT INTO Application(application) values ('Fungicida');
INSERT INTO Application(application) values ('Adubo solo');
INSERT INTO Application(application) values ('Adubo foliar+Fertirrega');
INSERT INTO Application(application) values ('Adubo foliar');
INSERT INTO Application(application) values ('Correção solo');
INSERT INTO Application(application) values ('Insecticida');

INSERT INTO Manufacturer(manufacturer) values ('ASCENZA');
INSERT INTO Manufacturer(manufacturer) values ('Bayer');
INSERT INTO Manufacturer(manufacturer) values ('K+S');
INSERT INTO Manufacturer(manufacturer) values ('Biocal');

INSERT INTO Format(format) values ('Pó molhável');
INSERT INTO Format(format) values ('Granulado');
INSERT INTO Format(format) values ('Pó');
INSERT INTO Format(format) values ('Líquido');
INSERT INTO Format(format) values ('Emulsão de óleo em água');

INSERT INTO ProductionFactorType(productionFactorType) values ('Fitofármaco');
INSERT INTO ProductionFactorType(productionFactorType) values ('Adubo');
INSERT INTO ProductionFactorType(productionFactorType) values ('Corretor');

INSERT INTO ProductionFactor(designation,application,productionFactorType,manufacturer,format) values ('Calda Bordalesa ASCENZA','Fungicida','Fitofármaco','ASCENZA','Pó molhável');
INSERT INTO ProductionFactor(designation,application,productionFactorType,manufacturer,format) values ('Enxofre Bayer 80 WG','Fungicida','Fitofármaco','Bayer','Pó molhável');
INSERT INTO ProductionFactor(designation,application,productionFactorType,manufacturer,format) values ('Patentkali','Adubo solo','Adubo','K+S','Granulado');
INSERT INTO ProductionFactor(designation,application,productionFactorType,manufacturer,format) values ('ESTA Kieserit','Adubo solo','Adubo','K+S','Granulado');
INSERT INTO ProductionFactor(designation,application,productionFactorType,manufacturer,format) values ('EPSO Microtop','Adubo foliar+Fertirrega','Adubo','K+S','Granulado');
INSERT INTO ProductionFactor(designation,application,productionFactorType,manufacturer,format) values ('EPSO Top','Adubo foliar','Adubo','K+S','Granulado');
INSERT INTO ProductionFactor(designation,application,productionFactorType,manufacturer,format) values ('Biocal CaCo3','Correção solo','Corretor','Biocal','Granulado');
INSERT INTO ProductionFactor(designation,application,productionFactorType,manufacturer,format) values ('Biocal Composto','Correção solo','Corretor','Biocal','Pó');
INSERT INTO ProductionFactor(designation,application,productionFactorType,manufacturer,format) values ('Sonata','Fungicida','Fitofármaco','Bayer','Líquido');
INSERT INTO ProductionFactor(designation,application,productionFactorType,manufacturer,format) values ('FLiPPER ','Insecticida','Fitofármaco','Bayer','Emulsão de óleo em água');
INSERT INTO ProductionFactor(designation,application,productionFactorType,manufacturer,format) values ('Requiem Prime','Insecticida','Fitofármaco','Bayer','Líquido');

INSERT INTO ProductionFactorOperation(operationId,designation) values (15,'Patentkali');
INSERT INTO ProductionFactorOperation(operationId,designation) values (16,'Patentkali');
INSERT INTO ProductionFactorOperation(operationId,designation) values (22,'ESTA Kieserit');
INSERT INTO ProductionFactorOperation(operationId,designation) values (23,'ESTA Kieserit');
INSERT INTO ProductionFactorOperation(operationId,designation) values (24,'ESTA Kieserit');
INSERT INTO ProductionFactorOperation(operationId,designation) values (43,'Calda Bordalesa ASCENZA');
INSERT INTO ProductionFactorOperation(operationId,designation) values (44,'Calda Bordalesa ASCENZA');
INSERT INTO ProductionFactorOperation(operationId,designation) values (45,'ESTA Kieserit');
INSERT INTO ProductionFactorOperation(operationId,designation) values (46,'ESTA Kieserit');
INSERT INTO ProductionFactorOperation(operationId,designation) values (47,'ESTA Kieserit');
INSERT INTO ProductionFactorOperation(operationId,designation) values (60,'Calda Bordalesa ASCENZA');
INSERT INTO ProductionFactorOperation(operationId,designation) values (61,'Calda Bordalesa ASCENZA');
INSERT INTO ProductionFactorOperation(operationId,designation) values (63,'Biocal Composto');
INSERT INTO ProductionFactorOperation(operationId,designation) values (90,'Patentkali');
INSERT INTO ProductionFactorOperation(operationId,designation) values (91,'Patentkali');
INSERT INTO ProductionFactorOperation(operationId,designation) values (99,'Calda Bordalesa ASCENZA');
INSERT INTO ProductionFactorOperation(operationId,designation) values (100,'Calda Bordalesa ASCENZA');
INSERT INTO ProductionFactorOperation(operationId,designation) values (106,'EPSO Microtop');
INSERT INTO ProductionFactorOperation(operationId,designation) values (151,'Calda Bordalesa ASCENZA');
INSERT INTO ProductionFactorOperation(operationId,designation) values (152,'Calda Bordalesa ASCENZA');
INSERT INTO ProductionFactorOperation(operationId,designation) values (159,'EPSO Microtop');
INSERT INTO ProductionFactorOperation(operationId,designation) values (200,'Patentkali');
INSERT INTO ProductionFactorOperation(operationId,designation) values (201,'Patentkali');
INSERT INTO ProductionFactorOperation(operationId,designation) values (207,'Calda Bordalesa ASCENZA');
INSERT INTO ProductionFactorOperation(operationId,designation) values (208,'Calda Bordalesa ASCENZA');

INSERT INTO Substance(substance) values ('CU');
INSERT INTO Substance(substance) values ('S');
INSERT INTO Substance(substance) values ('K');
INSERT INTO Substance(substance) values ('Mg');
INSERT INTO Substance(substance) values ('CaCO3');
INSERT INTO Substance(substance) values ('Bacillus pumilus');
INSERT INTO Substance(substance) values ('Ácidos gordos (na forma de sais de potássio)');
INSERT INTO Substance(substance) values ('Terpenóides');
INSERT INTO Substance(substance) values ('MgCO3');
INSERT INTO Substance(substance) values ('B');
INSERT INTO Substance(substance) values ('MgO');
INSERT INTO Substance(substance) values ('Mn');

INSERT INTO DataSheet(dataSheetId,designation) values (1,'Calda Bordalesa ASCENZA');
INSERT INTO DataSheet(dataSheetId,designation) values (2,'Enxofre Bayer 80 WG');
INSERT INTO DataSheet(dataSheetId,designation) values (3,'Patentkali');
INSERT INTO DataSheet(dataSheetId,designation) values (4,'ESTA Kieserit');
INSERT INTO DataSheet(dataSheetId,designation) values (5,'EPSO Microtop');
INSERT INTO DataSheet(dataSheetId,designation) values (6,'EPSO Top');
INSERT INTO DataSheet(dataSheetId,designation) values (7,'Biocal CaCo3');
INSERT INTO DataSheet(dataSheetId,designation) values (8,'Biocal Composto');
INSERT INTO DataSheet(dataSheetId,designation) values (9,'Sonata');
INSERT INTO DataSheet(dataSheetId,designation) values (10,'FLiPPER ');
INSERT INTO DataSheet(dataSheetId,designation) values (11,'Requiem Prime');

INSERT INTO SubstanceDataSheet(dataSheetId,substance,percentage) values (1,'CU',0.2);
INSERT INTO SubstanceDataSheet(dataSheetId,substance,percentage) values (2,'S',0.8);
INSERT INTO SubstanceDataSheet(dataSheetId,substance,percentage) values (3,'K',0.249);
INSERT INTO SubstanceDataSheet(dataSheetId,substance,percentage) values (4,'Mg',0.151);
INSERT INTO SubstanceDataSheet(dataSheetId,substance,percentage) values (5,'Mg',0.09);
INSERT INTO SubstanceDataSheet(dataSheetId,substance,percentage) values (6,'Mg',0.096);
INSERT INTO SubstanceDataSheet(dataSheetId,substance,percentage) values (7,'CaCO3',0.882);
INSERT INTO SubstanceDataSheet(dataSheetId,substance,percentage) values (8,'CaCO3',0.717);
INSERT INTO SubstanceDataSheet(dataSheetId,substance,percentage) values (9,'Bacillus pumilus',0.9774);
INSERT INTO SubstanceDataSheet(dataSheetId,substance,percentage) values (10,'Ácidos gordos (na forma de sais de potássio)',0.478);
INSERT INTO SubstanceDataSheet(dataSheetId,substance,percentage) values (11,'Terpenóides',0.1442);
INSERT INTO SubstanceDataSheet(dataSheetId,substance,percentage) values (3,'Mg',0.06);
INSERT INTO SubstanceDataSheet(dataSheetId,substance,percentage) values (4,'S',0.208);
INSERT INTO SubstanceDataSheet(dataSheetId,substance,percentage) values (5,'S',0.124);
INSERT INTO SubstanceDataSheet(dataSheetId,substance,percentage) values (6,'S',0.13);
INSERT INTO SubstanceDataSheet(dataSheetId,substance,percentage) values (7,'MgCO3',0.019);
INSERT INTO SubstanceDataSheet(dataSheetId,substance,percentage) values (8,'MgCO3',0.148);
INSERT INTO SubstanceDataSheet(dataSheetId,substance,percentage) values (3,'S',0.176);
INSERT INTO SubstanceDataSheet(dataSheetId,substance,percentage) values (5,'B',0.009);
INSERT INTO SubstanceDataSheet(dataSheetId,substance,percentage) values (8,'MgO',0.079);
INSERT INTO SubstanceDataSheet(dataSheetId,substance,percentage) values (5,'Mn',0.01);