INSERT INTO OperationType(operationTypeId,designation) values (1,'Plantação');

INSERT INTO OperationType(operationTypeId,designation) values (2,'Rega');

INSERT INTO OperationType(operationTypeId,designation) values (3,'Fertilização');

INSERT INTO OperationType(operationTypeId,designation) values (4,'Poda');

INSERT INTO OperationType(operationTypeId,designation) values (5,'Aplicação de fitofármaco');

INSERT INTO OperationType(operationTypeId,designation) values (6,'Sementeira');

INSERT INTO OperationType(operationTypeId,designation) values (7,'Colheita');

INSERT INTO OperationType(operationTypeId,designation) values (8,'Incorporação no solo');

INSERT INTO OperationType(operationTypeId,designation) values (9,'Monda');

INSERT INTO OperationType(operationTypeId,designation) values (10,'Mobilização do solo');

INSERT INTO OperationType(operationTypeId,designation) values (11,'Semeadura');

INSERT INTO PlantVariety(plantVarietyId,designation,species,commonName) values (1,'RAINHA CLAUDIA CARANGUEJEIRA','Prunus domestica','Ameixoeira');

INSERT INTO PlantVariety(plantVarietyId,designation,species,commonName) values (2,'PRESIDENT','Prunus domestica','Ameixoeira');

INSERT INTO PlantVariety(plantVarietyId,designation,species,commonName) values (3,'STANLEY','Prunus domestica','Ameixoeira');

INSERT INTO PlantVariety(plantVarietyId,designation,species,commonName) values (4,'ANGELENO','Prunus domestica','Ameixoeira');

INSERT INTO PlantVariety(plantVarietyId,designation,species,commonName) values (5,'BLACK BEAUTY','Prunus domestica','Ameixoeira');

INSERT INTO PlantVariety(plantVarietyId,designation,species,commonName) values (6,'BLACK STAR','Prunus domestica','Ameixoeira');

INSERT INTO PlantVariety(plantVarietyId,designation,species,commonName) values (7,'BLACK GOLD','Prunus domestica','Ameixoeira');

INSERT INTO PlantVariety(plantVarietyId,designation,species,commonName) values (8,'BLACK DIAMOND','Prunus domestica','Ameixoeira');

INSERT INTO PlantVariety(plantVarietyId,designation,species,commonName) values (9,'BLACK AMBER','Prunus domestica','Ameixoeira');

INSERT INTO PlantVariety(plantVarietyId,designation,species,commonName) values (10,'BLACK SPLENDOR','Prunus domestica','Ameixoeira');

INSERT INTO PlantVariety(plantVarietyId,designation,species,commonName) values (11,'FORTUNA','Prunus domestica','Ameixoeira');

INSERT INTO PlantVariety(plantVarietyId,designation,species,commonName) values (12,'FRIAR','Prunus domestica','Ameixoeira');

INSERT INTO PlantVariety(plantVarietyId,designation,species,commonName) values (13,'EL DORADO','Prunus domestica','Ameixoeira');

INSERT INTO PlantVariety(plantVarietyId,designation,species,commonName) values (14,'ELEPHANT HEART','Prunus domestica','Ameixoeira');

INSERT INTO PlantVariety(plantVarietyId,designation,species,commonName) values (15,'GOLDEN JAPAN','Prunus domestica','Ameixoeira');

INSERT INTO PlantVariety(plantVarietyId,designation,species,commonName) values (16,'HARRY PITCHON','Prunus domestica','Ameixoeira');

INSERT INTO PlantVariety(plantVarietyId,designation,species,commonName) values (17,'LAETITIA','Prunus domestica','Ameixoeira');

INSERT INTO PlantVariety(plantVarietyId,designation,species,commonName) values (18,'METLEY','Prunus domestica','Ameixoeira');

INSERT INTO PlantVariety(plantVarietyId,designation,species,commonName) values (19,'MIRABELLE DE NANCY','Prunus domestica','Ameixoeira');

INSERT INTO PlantVariety(plantVarietyId,designation,species,commonName) values (20,'QUEEN ROSE','Prunus domestica','Ameixoeira');

INSERT INTO PlantVariety(plantVarietyId,designation,species,commonName) values (21,'RED BEAUT','Prunus domestica','Ameixoeira');

INSERT INTO PlantVariety(plantVarietyId,designation,species,commonName) values (22,'SANTA ROSA','Prunus domestica','Ameixoeira');

INSERT INTO PlantVariety(plantVarietyId,designation,species,commonName) values (23,'SHIRO','Prunus domestica','Ameixoeira');

INSERT INTO PlantVariety(plantVarietyId,designation,species,commonName) values (24,'SUNGOLD','Prunus domestica','Ameixoeira');

INSERT INTO PlantVariety(plantVarietyId,designation,species,commonName) values (25,'WILSON PERFECTION','Prunus domestica','Ameixoeira');

INSERT INTO PlantVariety(plantVarietyId,designation,species,commonName) values (26,'AUTUMN GIANT','Prunus domestica','Ameixoeira');

INSERT INTO PlantVariety(plantVarietyId,designation,species,commonName) values (27,'BULIDA','Prunus armeniaca','Damasqueiro');

INSERT INTO PlantVariety(plantVarietyId,designation,species,commonName) values (28,'CANINO','Prunus armeniaca','Damasqueiro');

INSERT INTO PlantVariety(plantVarietyId,designation,species,commonName) values (29,'LIABAUD','Prunus armeniaca','Damasqueiro');

INSERT INTO PlantVariety(plantVarietyId,designation,species,commonName) values (30,'MAILLOT JAUNE','Prunus armeniaca','Damasqueiro');

INSERT INTO PlantVariety(plantVarietyId,designation,species,commonName) values (31,'POLONAIS','Prunus armeniaca','Damasqueiro');

INSERT INTO PlantVariety(plantVarietyId,designation,species,commonName) values (32,'AKANE','Malus domestica','Macieira');

INSERT INTO PlantVariety(plantVarietyId,designation,species,commonName) values (33,'BELGOLDEN','Malus domestica','Macieira');

INSERT INTO PlantVariety(plantVarietyId,designation,species,commonName) values (34,'BRAVO DE ESMOLFE','Malus domestica','Macieira');

INSERT INTO PlantVariety(plantVarietyId,designation,species,commonName) values (35,'CASA NOVA DE ALCOBAÇA','Malus domestica','Macieira');

INSERT INTO PlantVariety(plantVarietyId,designation,species,commonName) values (36,'EROVAN','Malus domestica','Macieira');

INSERT INTO PlantVariety(plantVarietyId,designation,species,commonName) values (37,'FUJI','Malus domestica','Macieira');

INSERT INTO PlantVariety(plantVarietyId,designation,species,commonName) values (38,'GRANNY SMITH','Malus domestica','Macieira');

INSERT INTO PlantVariety(plantVarietyId,designation,species,commonName) values (39,'GOLDEN DELICIOUS','Malus domestica','Macieira');

INSERT INTO PlantVariety(plantVarietyId,designation,species,commonName) values (40,'HI-EARLY','Malus domestica','Macieira');

INSERT INTO PlantVariety(plantVarietyId,designation,species,commonName) values (41,'JONAGORED','Malus domestica','Macieira');

INSERT INTO PlantVariety(plantVarietyId,designation,species,commonName) values (42,'LYSGOLDEN','Malus domestica','Macieira');

INSERT INTO PlantVariety(plantVarietyId,designation,species,commonName) values (43,'MUTSU','Malus domestica','Macieira');

INSERT INTO PlantVariety(plantVarietyId,designation,species,commonName) values (44,'PORTA DA LOJA','Malus domestica','Macieira');

INSERT INTO PlantVariety(plantVarietyId,designation,species,commonName) values (45,'REINETTE OU CANADA','Malus domestica','Macieira');

INSERT INTO PlantVariety(plantVarietyId,designation,species,commonName) values (46,'REINETTE OU GRAND FAY','Malus domestica','Macieira');

INSERT INTO PlantVariety(plantVarietyId,designation,species,commonName) values (47,'RISCADINHA DE PALMELA','Malus domestica','Macieira');

INSERT INTO PlantVariety(plantVarietyId,designation,species,commonName) values (48,'ROYAL GALA','Malus domestica','Macieira');

INSERT INTO PlantVariety(plantVarietyId,designation,species,commonName) values (49,'REDCHIEF','Malus domestica','Macieira');

INSERT INTO PlantVariety(plantVarietyId,designation,species,commonName) values (50,'STARKING','Malus domestica','Macieira');

INSERT INTO PlantVariety(plantVarietyId,designation,species,commonName) values (51,'SUMMER RED','Malus domestica','Macieira');

INSERT INTO PlantVariety(plantVarietyId,designation,species,commonName) values (52,'WELLSPUR DELICIOUS','Malus domestica','Macieira');

INSERT INTO PlantVariety(plantVarietyId,designation,species,commonName) values (53,'NOIVA','Malus domestica','Macieira');

INSERT INTO PlantVariety(plantVarietyId,designation,species,commonName) values (54,'OLHO ABERTO','Malus domestica','Macieira');

INSERT INTO PlantVariety(plantVarietyId,designation,species,commonName) values (55,'CAMOESA ROSA','Malus domestica','Macieira');

INSERT INTO PlantVariety(plantVarietyId,designation,species,commonName) values (56,'MALÁPIO','Malus domestica','Macieira');

INSERT INTO PlantVariety(plantVarietyId,designation,species,commonName) values (57,'GRONHO DOCE','Malus domestica','Macieira');

INSERT INTO PlantVariety(plantVarietyId,designation,species,commonName) values (58,'PÉ DE BOI ','Malus domestica','Macieira');

INSERT INTO PlantVariety(plantVarietyId,designation,species,commonName) values (59,'PINOVA','Malus domestica','Macieira');

INSERT INTO PlantVariety(plantVarietyId,designation,species,commonName) values (60,'PARDO LINDO','Malus domestica','Macieira');

INSERT INTO PlantVariety(plantVarietyId,designation,species,commonName) values (61,'PIPO DE BASTO','Malus domestica','Macieira');

INSERT INTO PlantVariety(plantVarietyId,designation,species,commonName) values (62,'PRIMA','Malus domestica','Macieira');

INSERT INTO PlantVariety(plantVarietyId,designation,species,commonName) values (63,'QUERINA','Malus domestica','Macieira');

INSERT INTO PlantVariety(plantVarietyId,designation,species,commonName) values (64,'VISTA BELLA','Malus domestica','Macieira');

INSERT INTO PlantVariety(plantVarietyId,designation,species,commonName) values (65,'GOLDEN SMOOTHEE','Malus domestica','Macieira');

INSERT INTO PlantVariety(plantVarietyId,designation,species,commonName) values (66,'GOLDEN SUPREMA','Malus domestica','Macieira');

INSERT INTO PlantVariety(plantVarietyId,designation,species,commonName) values (67,'GLOSTER 69','Malus domestica','Macieira');

INSERT INTO PlantVariety(plantVarietyId,designation,species,commonName) values (68,'FREEDOM','Malus domestica','Macieira');

INSERT INTO PlantVariety(plantVarietyId,designation,species,commonName) values (69,'SNINSEIKI','Pyrus pyrifolia','Pera Nashi');

INSERT INTO PlantVariety(plantVarietyId,designation,species,commonName) values (70,'KUMOI','Pyrus pyrifolia','Pera Nashi');

INSERT INTO PlantVariety(plantVarietyId,designation,species,commonName) values (71,'HOSUI','Pyrus pyrifolia','Pera Nashi');

INSERT INTO PlantVariety(plantVarietyId,designation,species,commonName) values (72,'NIJISSEIKI','Pyrus pyrifolia','Pera Nashi');

INSERT INTO PlantVariety(plantVarietyId,designation,species,commonName) values (73,'Carson Hybrid','Daucus carota subsp. Sativus','Cenoura');

INSERT INTO PlantVariety(plantVarietyId,designation,species,commonName) values (74,'Red Cored Chantenay','Daucus carota subsp. Sativus','Cenoura');

INSERT INTO PlantVariety(plantVarietyId,designation,species,commonName) values (75,'Danvers Half Long','Daucus carota subsp. Sativus','Cenoura');

INSERT INTO PlantVariety(plantVarietyId,designation,species,commonName) values (76,'Imperator 58','Daucus carota subsp. Sativus','Cenoura');

INSERT INTO PlantVariety(plantVarietyId,designation,species,commonName) values (77,'Sugarsnax Hybrid','Daucus carota subsp. Sativus','Cenoura');

INSERT INTO PlantVariety(plantVarietyId,designation,species,commonName) values (78,'Nelson Hybrid','Daucus carota subsp. Sativus','Cenoura');

INSERT INTO PlantVariety(plantVarietyId,designation,species,commonName) values (79,'Scarlet Nantes','Daucus carota subsp. Sativus','Cenoura');

INSERT INTO PlantVariety(plantVarietyId,designation,species,commonName) values (80,'Amarelo','Lupinus luteus','Tremoço');

INSERT INTO PlantVariety(plantVarietyId,designation,species,commonName) values (81,'Branco','Lupinus albus','Tremoço');

INSERT INTO PlantVariety(plantVarietyId,designation,species,commonName) values (82,'MAS 24.C','Zea mays','Milho');

INSERT INTO PlantVariety(plantVarietyId,designation,species,commonName) values (83,'Doce Golden Bantam','Zea mays','Milho');

INSERT INTO PlantVariety(plantVarietyId,designation,species,commonName) values (84,'Senhora Conceição','Brassica rapa','Nabo greleiro');

INSERT INTO PlantVariety(plantVarietyId,designation,species,commonName) values (85,'COBRANÇOSA','Olea europaea','Oliveira');

INSERT INTO PlantVariety(plantVarietyId,designation,species,commonName) values (86,'ARBEQUINA','Olea europaea','Oliveira');

INSERT INTO PlantVariety(plantVarietyId,designation,species,commonName) values (87,'HOJIBLANCA','Olea europaea','Oliveira');

INSERT INTO PlantVariety(plantVarietyId,designation,species,commonName) values (88,'NEGRINHA DO FREIXO','Olea europaea','Oliveira');

INSERT INTO PlantVariety(plantVarietyId,designation,species,commonName) values (89,'PICUAL','Olea europaea','Oliveira');

INSERT INTO PlantVariety(plantVarietyId,designation,species,commonName) values (90,'MAÇANILHA','Olea europaea','Oliveira');

INSERT INTO PlantVariety(plantVarietyId,designation,species,commonName) values (91,'CONSERVA DE ELVAS','Olea europaea','Oliveira');

INSERT INTO PlantVariety(plantVarietyId,designation,species,commonName) values (92,'Galega','Olea europaea','Oliveira');

INSERT INTO PlantVariety(plantVarietyId,designation,species,commonName) values (93,'S. Cosme','Brassica rapa','Nabo');

INSERT INTO PlantVariety(plantVarietyId,designation,species,commonName) values (94,'Dona Maria','Vitis vinifera','Videira');

INSERT INTO PlantVariety(plantVarietyId,designation,species,commonName) values (95,'Cardinal','Vitis vinifera','Videira');

INSERT INTO PlantVariety(plantVarietyId,designation,species,commonName) values (96,'Butternut','Cucurbita moschata','Abóbora manteiga');

INSERT INTO PeriodType(periodTypeId,designation) values (1,'Plantation Period');

INSERT INTO PeriodType(periodTypeId,designation) values (2,'Pruning Period');

INSERT INTO PeriodType(periodTypeId,designation) values (3,'Flowering Period');

INSERT INTO PeriodType(periodTypeId,designation) values (4,'Harvest Period');

INSERT INTO CropType(cropTypeId,designation) values (1,'Permanente');

INSERT INTO CropType(cropTypeId,designation) values (2,'Temporária');

INSERT INTO FertilizationMode(fertilizationModeId,designation) values (1,'Solo');

INSERT INTO FertilizationMode(fertilizationModeId,designation) values (2,'Foliar');

INSERT INTO Plot(plotId,designation,area) values (101,'Campo da bouça',1.2);

INSERT INTO Plot(plotId,designation,area) values (102,'Campo grande',3);

INSERT INTO Plot(plotId,designation,area) values (103,'Campo do poço',1.5);

INSERT INTO Plot(plotId,designation,area) values (104,'Lameiro da ponte',0.8);

INSERT INTO Plot(plotId,designation,area) values (105,'Lameiro do moinho',1.1);

INSERT INTO Plot(plotId,designation,area) values (106,'Horta nova',0.3);

INSERT INTO Plot(plotId,designation,area) values (107,'Vinha',2);

INSERT INTO Plot(plotId,designation,area) values (108,'Campo Novo',1.1);

INSERT INTO Sector(sectorId,maximumFlow,initialDate) values (10,2500,TO_DATE('01/05/2017','DD/MM/YYYY'));

INSERT INTO Sector(sectorId,maximumFlow,initialDate) values (11,1500,TO_DATE('01/05/2017','DD/MM/YYYY'));

INSERT INTO Sector(sectorId,maximumFlow,initialDate) values (21,3500,TO_DATE('01/05/2017','DD/MM/YYYY'));

INSERT INTO Sector(sectorId,maximumFlow,initialDate) values (22,3500,TO_DATE('01/05/2019','DD/MM/YYYY'));

INSERT INTO Sector(sectorId,maximumFlow,initialDate) values (41,2500,TO_DATE('01/04/2023','DD/MM/YYYY'));

INSERT INTO Sector(sectorId,maximumFlow,initialDate) values (42,3500,TO_DATE('01/04/2023','DD/MM/YYYY'));

INSERT INTO SectorFinalDate(sectorId,value) values (41,TO_DATE('10/10/2023','DD/MM/YYYY'));

INSERT INTO SectorFinalDate(sectorId,value) values (42,TO_DATE('10/10/2023','DD/MM/YYYY'));

INSERT INTO Substance(substanceId,designation) values (1,'CU');

INSERT INTO Substance(substanceId,designation) values (2,'S');

INSERT INTO Substance(substanceId,designation) values (3,'K');

INSERT INTO Substance(substanceId,designation) values (4,'Mg');

INSERT INTO Substance(substanceId,designation) values (5,'CaCO3');

INSERT INTO Substance(substanceId,designation) values (6,'Bacillus pumilus');

INSERT INTO Substance(substanceId,designation) values (7,'Ácidos gordos (na forma de sais de potássio)');

INSERT INTO Substance(substanceId,designation) values (8,'Terpenóides');

INSERT INTO Substance(substanceId,designation) values (9,'MgCO3');

INSERT INTO Substance(substanceId,designation) values (10,'B');

INSERT INTO Substance(substanceId,designation) values (11,'MgO');

INSERT INTO Substance(substanceId,designation) values (12,'Mn');

INSERT INTO Substance(substanceId,designation) values (13,'Matéria orgânica');

INSERT INTO Substance(substanceId,designation) values (14,'Azoto orgânico (N)');

INSERT INTO Substance(substanceId,designation) values (15,'Fósforo total (P2O5)');

INSERT INTO Substance(substanceId,designation) values (16,'Potássio total (K2O)');

INSERT INTO Substance(substanceId,designation) values (17,'Cálcio total (Ca)');

INSERT INTO ProductionFactorType(productionFactorTypeId,designation) values (1,'Fitofármaco');

INSERT INTO ProductionFactorType(productionFactorTypeId,designation) values (2,'Adubo');

INSERT INTO ProductionFactorType(productionFactorTypeId,designation) values (3,'Corretor');

INSERT INTO Format(formatId,designation) values (1,'Pó molhável');

INSERT INTO Format(formatId,designation) values (2,'Granulado');

INSERT INTO Format(formatId,designation) values (3,'Pó');

INSERT INTO Format(formatId,designation) values (4,'Líquido');

INSERT INTO Format(formatId,designation) values (5,'Emulsão de óleo em água');

INSERT INTO Manufacturer(manufacturerId,designation) values (1,'ASCENZA');

INSERT INTO Manufacturer(manufacturerId,designation) values (2,'Bayer');

INSERT INTO Manufacturer(manufacturerId,designation) values (3,'K+S');

INSERT INTO Manufacturer(manufacturerId,designation) values (4,'Biocal');

INSERT INTO Manufacturer(manufacturerId,designation) values (5,'Nutrofertil');

INSERT INTO Application(applicationId,designation) values (1,'Fungicida');

INSERT INTO Application(applicationId,designation) values (2,'Adubo solo');

INSERT INTO Application(applicationId,designation) values (3,'Adubo foliar+Fertirrega');

INSERT INTO Application(applicationId,designation) values (4,'Adubo foliar');

INSERT INTO Application(applicationId,designation) values (5,'Correção solo');

INSERT INTO Application(applicationId,designation) values (6,'Insecticida');

INSERT INTO Building(buildingId,designation) values (201,'Espigueiro');

INSERT INTO Building(buildingId,designation) values (202,'Armazém novo');

INSERT INTO Building(buildingId,designation) values (203,'Armazém grande');

INSERT INTO Building(buildingId,designation) values (250,'Moinho');

INSERT INTO Building(buildingId,designation) values (301,'Tanque do campo grande');

INSERT INTO Building(buildingId,designation) values (302,'Poço da bouça');

INSERT INTO ProductionFactor(productionFactorId,applicationId,manufacturerId,formatId,productionFactorTypeId,designation) values (1,1,1,1,1,'Calda Bordalesa ASCENZA');

INSERT INTO ProductionFactor(productionFactorId,applicationId,manufacturerId,formatId,productionFactorTypeId,designation) values (2,1,2,1,1,'Enxofre Bayer 80 WG');

INSERT INTO ProductionFactor(productionFactorId,applicationId,manufacturerId,formatId,productionFactorTypeId,designation) values (3,2,3,2,2,'Patentkali');

INSERT INTO ProductionFactor(productionFactorId,applicationId,manufacturerId,formatId,productionFactorTypeId,designation) values (4,2,3,2,2,'ESTA Kieserit');

INSERT INTO ProductionFactor(productionFactorId,applicationId,manufacturerId,formatId,productionFactorTypeId,designation) values (5,3,3,2,2,'EPSO Microtop');

INSERT INTO ProductionFactor(productionFactorId,applicationId,manufacturerId,formatId,productionFactorTypeId,designation) values (6,4,3,2,2,'EPSO Top');

INSERT INTO ProductionFactor(productionFactorId,applicationId,manufacturerId,formatId,productionFactorTypeId,designation) values (7,5,4,2,3,'Biocal CaCo3');

INSERT INTO ProductionFactor(productionFactorId,applicationId,manufacturerId,formatId,productionFactorTypeId,designation) values (8,5,4,3,3,'Biocal Composto');

INSERT INTO ProductionFactor(productionFactorId,applicationId,manufacturerId,formatId,productionFactorTypeId,designation) values (9,1,2,4,1,'Sonata');

INSERT INTO ProductionFactor(productionFactorId,applicationId,manufacturerId,formatId,productionFactorTypeId,designation) values (10,6,2,5,1,'FLiPPER ');

INSERT INTO ProductionFactor(productionFactorId,applicationId,manufacturerId,formatId,productionFactorTypeId,designation) values (11,6,2,4,1,'Requiem Prime');

INSERT INTO ProductionFactor(productionFactorId,applicationId,manufacturerId,formatId,productionFactorTypeId,designation) values (12,2,5,2,2,'Fertimax Extrume de Cavalo');

INSERT INTO ProductionFactor(productionFactorId,applicationId,manufacturerId,formatId,productionFactorTypeId,designation) values (13,2,5,2,2,'BIOFERTIL N6');

INSERT INTO SubstanceDataSheet(productionFactorId,substanceId,percentage) values (1,1,0.2);

INSERT INTO SubstanceDataSheet(productionFactorId,substanceId,percentage) values (2,2,0.8);

INSERT INTO SubstanceDataSheet(productionFactorId,substanceId,percentage) values (3,3,0.249);

INSERT INTO SubstanceDataSheet(productionFactorId,substanceId,percentage) values (4,4,0.151);

INSERT INTO SubstanceDataSheet(productionFactorId,substanceId,percentage) values (5,4,0.09);

INSERT INTO SubstanceDataSheet(productionFactorId,substanceId,percentage) values (6,4,0.096);

INSERT INTO SubstanceDataSheet(productionFactorId,substanceId,percentage) values (7,5,0.882);

INSERT INTO SubstanceDataSheet(productionFactorId,substanceId,percentage) values (8,5,0.717);

INSERT INTO SubstanceDataSheet(productionFactorId,substanceId,percentage) values (9,6,0.9774);

INSERT INTO SubstanceDataSheet(productionFactorId,substanceId,percentage) values (10,7,0.478);

INSERT INTO SubstanceDataSheet(productionFactorId,substanceId,percentage) values (11,8,0.1442);

INSERT INTO SubstanceDataSheet(productionFactorId,substanceId,percentage) values (3,4,0.06);

INSERT INTO SubstanceDataSheet(productionFactorId,substanceId,percentage) values (4,2,0.208);

INSERT INTO SubstanceDataSheet(productionFactorId,substanceId,percentage) values (5,2,0.124);

INSERT INTO SubstanceDataSheet(productionFactorId,substanceId,percentage) values (6,2,0.13);

INSERT INTO SubstanceDataSheet(productionFactorId,substanceId,percentage) values (7,9,0.019);

INSERT INTO SubstanceDataSheet(productionFactorId,substanceId,percentage) values (8,9,0.148);

INSERT INTO SubstanceDataSheet(productionFactorId,substanceId,percentage) values (3,2,0.176);

INSERT INTO SubstanceDataSheet(productionFactorId,substanceId,percentage) values (5,10,0.009);

INSERT INTO SubstanceDataSheet(productionFactorId,substanceId,percentage) values (8,11,0.079);

INSERT INTO SubstanceDataSheet(productionFactorId,substanceId,percentage) values (5,12,0.01);

INSERT INTO SubstanceDataSheet(productionFactorId,substanceId,percentage) values (12,13,0.5);

INSERT INTO SubstanceDataSheet(productionFactorId,substanceId,percentage) values (12,14,0.03);

INSERT INTO SubstanceDataSheet(productionFactorId,substanceId,percentage) values (12,15,0.008);

INSERT INTO SubstanceDataSheet(productionFactorId,substanceId,percentage) values (12,16,0.004);

INSERT INTO SubstanceDataSheet(productionFactorId,substanceId,percentage) values (12,17,0.016);

INSERT INTO SubstanceDataSheet(productionFactorId,substanceId,percentage) values (12,11,0.003);

INSERT INTO SubstanceDataSheet(productionFactorId,substanceId,percentage) values (12,10,0.00004);

INSERT INTO SubstanceDataSheet(productionFactorId,substanceId,percentage) values (13,13,0.53);

INSERT INTO SubstanceDataSheet(productionFactorId,substanceId,percentage) values (13,14,0.064);

INSERT INTO SubstanceDataSheet(productionFactorId,substanceId,percentage) values (13,15,0.025);

INSERT INTO SubstanceDataSheet(productionFactorId,substanceId,percentage) values (13,16,0.024);

INSERT INTO SubstanceDataSheet(productionFactorId,substanceId,percentage) values (13,17,0.06);

INSERT INTO SubstanceDataSheet(productionFactorId,substanceId,percentage) values (13,11,0.003);

INSERT INTO SubstanceDataSheet(productionFactorId,substanceId,percentage) values (13,10,0.00002);

INSERT INTO Plant(plantId,plantVarietyId,designation) values (1,80,'Tremoço Amarelo');

INSERT INTO Plant(plantId,plantVarietyId,designation) values (2,83,'Milho Doce Golden Bantam');

INSERT INTO Plant(plantId,plantVarietyId,designation) values (3,82,'Milho MAS 24.C');

INSERT INTO Plant(plantId,plantVarietyId,designation) values (4,92,'Oliveira Galega');

INSERT INTO Plant(plantId,plantVarietyId,designation) values (5,89,'Oliveira Picual');

INSERT INTO Plant(plantId,plantVarietyId,designation) values (6,79,'Cenoura Scarlet Nantes');

INSERT INTO Plant(plantId,plantVarietyId,designation) values (7,78,'Cenoura Nelson Hybrid');

INSERT INTO Plant(plantId,plantVarietyId,designation) values (8,93,'Nabo S. Cosme');

INSERT INTO Plant(plantId,plantVarietyId,designation) values (9,77,'Cenoura Sugarsnax Hybrid');

INSERT INTO Plant(plantId,plantVarietyId,designation) values (10,75,'Cenoura Danvers Half Long');

INSERT INTO Plant(plantId,plantVarietyId,designation) values (11,84,'Nabo greleiro Senhora Conceição');

INSERT INTO Plant(plantId,plantVarietyId,designation) values (12,41,'Macieira Jonagored');

INSERT INTO Plant(plantId,plantVarietyId,designation) values (13,37,'Macieira Fuji');

INSERT INTO Plant(plantId,plantVarietyId,designation) values (14,48,'Macieira Royal Gala');

INSERT INTO Plant(plantId,plantVarietyId,designation) values (15,94,'Videira Dona Maria');

INSERT INTO Plant(plantId,plantVarietyId,designation) values (16,95,'Videira Cardinal');

INSERT INTO Plant(plantId,plantVarietyId,designation) values (17,96,'Abóbora Manteiga');

INSERT INTO Plant(plantId,plantVarietyId,designation) values (18,86,'Oliveira Arbquina');

INSERT INTO Plant(plantId,plantVarietyId,designation) values (19,61,'Macieira Pipo de Basto');

INSERT INTO Plant(plantId,plantVarietyId,designation) values (20,44,'Macieira Porta da Loja');

INSERT INTO Plant(plantId,plantVarietyId,designation) values (21,56,'Macieira Malápio');

INSERT INTO Plant(plantId,plantVarietyId,designation) values (22,45,'Macieira Canada');

INSERT INTO Plant(plantId,plantVarietyId,designation) values (23,46,'Macieira Grand Fay');

INSERT INTO Plant(plantId,plantVarietyId,designation) values (24,57,'Macieira Gronho Doce');

INSERT INTO Product(productId,plantId,designation) values (1,1,'Tremoço Amarelo');

INSERT INTO Product(productId,plantId,designation) values (2,2,'Milho Doce Golden Bantam');

INSERT INTO Product(productId,plantId,designation) values (3,3,'Milho MAS 24.C');

INSERT INTO Product(productId,plantId,designation) values (4,4,'Azeitona Galega');

INSERT INTO Product(productId,plantId,designation) values (5,5,'Azeitona Picual');

INSERT INTO Product(productId,plantId,designation) values (6,6,'Cenoura Scarlet Nantes');

INSERT INTO Product(productId,plantId,designation) values (7,7,'Cenoura Nelson Hybrid');

INSERT INTO Product(productId,plantId,designation) values (8,8,'Nabo S. Cosme');

INSERT INTO Product(productId,plantId,designation) values (9,9,'Cenoura Sugarsnax Hybrid');

INSERT INTO Product(productId,plantId,designation) values (10,10,'Cenoura Danvers Half Long');

INSERT INTO Product(productId,plantId,designation) values (11,11,'Nabo greleiro Senhora Conceição');

INSERT INTO Product(productId,plantId,designation) values (12,12,'Maçã Jonagored');

INSERT INTO Product(productId,plantId,designation) values (13,13,'Maçã Fuji');

INSERT INTO Product(productId,plantId,designation) values (14,14,'Maçã Royal Gala');

INSERT INTO Product(productId,plantId,designation) values (15,15,'Uva Dona Maria');

INSERT INTO Product(productId,plantId,designation) values (16,16,'Uva Cardinal');

INSERT INTO Product(productId,plantId,designation) values (17,17,'Abóbora Manteiga');

INSERT INTO Product(productId,plantId,designation) values (18,18,'Azeitona Arbquina');

INSERT INTO Product(productId,plantId,designation) values (19,19,'Maçã Pipo de Basto');

INSERT INTO Product(productId,plantId,designation) values (20,20,'Maçã Porta da Loja');

INSERT INTO Product(productId,plantId,designation) values (21,21,'Maçã Malápio');

INSERT INTO Product(productId,plantId,designation) values (22,22,'Maçã Canada');

INSERT INTO Product(productId,plantId,designation) values (23,23,'Maçã Grand Fay');

INSERT INTO Product(productId,plantId,designation) values (24,24,'Maçã Gronho Doce');

INSERT INTO Period(periodTypeId,plantVarietyId,value) values (2,1,'Novembro a dezembro');

INSERT INTO Period(periodTypeId,plantVarietyId,value) values (2,2,'Novembro a dezembro');

INSERT INTO Period(periodTypeId,plantVarietyId,value) values (2,3,'Novembro a dezembro');

INSERT INTO Period(periodTypeId,plantVarietyId,value) values (2,4,'Novembro a dezembro');

INSERT INTO Period(periodTypeId,plantVarietyId,value) values (2,5,'Novembro a dezembro');

INSERT INTO Period(periodTypeId,plantVarietyId,value) values (2,6,'Novembro a dezembro');

INSERT INTO Period(periodTypeId,plantVarietyId,value) values (2,7,'Novembro a dezembro');

INSERT INTO Period(periodTypeId,plantVarietyId,value) values (2,8,'Novembro a dezembro');

INSERT INTO Period(periodTypeId,plantVarietyId,value) values (2,9,'Novembro a dezembro');

INSERT INTO Period(periodTypeId,plantVarietyId,value) values (2,10,'Novembro a dezembro');

INSERT INTO Period(periodTypeId,plantVarietyId,value) values (2,11,'Novembro a dezembro');

INSERT INTO Period(periodTypeId,plantVarietyId,value) values (2,12,'Novembro a dezembro');

INSERT INTO Period(periodTypeId,plantVarietyId,value) values (2,13,'Novembro a dezembro');

INSERT INTO Period(periodTypeId,plantVarietyId,value) values (2,14,'Novembro a dezembro');

INSERT INTO Period(periodTypeId,plantVarietyId,value) values (2,15,'Novembro a dezembro');

INSERT INTO Period(periodTypeId,plantVarietyId,value) values (2,16,'Novembro a dezembro');

INSERT INTO Period(periodTypeId,plantVarietyId,value) values (2,17,'Novembro a dezembro');

INSERT INTO Period(periodTypeId,plantVarietyId,value) values (2,18,'Novembro a dezembro');

INSERT INTO Period(periodTypeId,plantVarietyId,value) values (2,19,'Novembro a dezembro');

INSERT INTO Period(periodTypeId,plantVarietyId,value) values (2,20,'Novembro a dezembro');

INSERT INTO Period(periodTypeId,plantVarietyId,value) values (2,21,'Novembro a dezembro');

INSERT INTO Period(periodTypeId,plantVarietyId,value) values (2,22,'Novembro a dezembro');

INSERT INTO Period(periodTypeId,plantVarietyId,value) values (2,23,'Novembro a dezembro');

INSERT INTO Period(periodTypeId,plantVarietyId,value) values (2,24,'Novembro a dezembro');

INSERT INTO Period(periodTypeId,plantVarietyId,value) values (2,25,'Novembro a dezembro');

INSERT INTO Period(periodTypeId,plantVarietyId,value) values (2,26,'Novembro a dezembro');

INSERT INTO Period(periodTypeId,plantVarietyId,value) values (2,27,'Novembro a dezembro');

INSERT INTO Period(periodTypeId,plantVarietyId,value) values (2,28,'Novembro a dezembro');

INSERT INTO Period(periodTypeId,plantVarietyId,value) values (2,29,'Novembro a dezembro');

INSERT INTO Period(periodTypeId,plantVarietyId,value) values (2,30,'Novembro a dezembro');

INSERT INTO Period(periodTypeId,plantVarietyId,value) values (2,31,'Novembro a dezembro');

INSERT INTO Period(periodTypeId,plantVarietyId,value) values (2,32,'Novembro a dezembro');

INSERT INTO Period(periodTypeId,plantVarietyId,value) values (2,33,'Novembro a dezembro');

INSERT INTO Period(periodTypeId,plantVarietyId,value) values (2,34,'Novembro a dezembro');

INSERT INTO Period(periodTypeId,plantVarietyId,value) values (2,35,'Novembro a dezembro');

INSERT INTO Period(periodTypeId,plantVarietyId,value) values (2,36,'Novembro a dezembro');

INSERT INTO Period(periodTypeId,plantVarietyId,value) values (2,37,'Novembro a dezembro');

INSERT INTO Period(periodTypeId,plantVarietyId,value) values (2,38,'Novembro a dezembro');

INSERT INTO Period(periodTypeId,plantVarietyId,value) values (2,39,'Novembro a dezembro');

INSERT INTO Period(periodTypeId,plantVarietyId,value) values (2,40,'Novembro a dezembro');

INSERT INTO Period(periodTypeId,plantVarietyId,value) values (2,41,'Novembro a dezembro');

INSERT INTO Period(periodTypeId,plantVarietyId,value) values (2,42,'Novembro a dezembro');

INSERT INTO Period(periodTypeId,plantVarietyId,value) values (2,43,'Novembro a dezembro');

INSERT INTO Period(periodTypeId,plantVarietyId,value) values (2,44,'Janeiro');

INSERT INTO Period(periodTypeId,plantVarietyId,value) values (2,45,'Novembro a dezembro');

INSERT INTO Period(periodTypeId,plantVarietyId,value) values (2,46,'Novembro a dezembro');

INSERT INTO Period(periodTypeId,plantVarietyId,value) values (2,47,'Novembro a dezembro');

INSERT INTO Period(periodTypeId,plantVarietyId,value) values (2,48,'Novembro a dezembro');

INSERT INTO Period(periodTypeId,plantVarietyId,value) values (2,49,'Novembro a dezembro');

INSERT INTO Period(periodTypeId,plantVarietyId,value) values (2,50,'Novembro a dezembro');

INSERT INTO Period(periodTypeId,plantVarietyId,value) values (2,51,'Novembro a dezembro');

INSERT INTO Period(periodTypeId,plantVarietyId,value) values (2,52,'Novembro a dezembro');

INSERT INTO Period(periodTypeId,plantVarietyId,value) values (2,53,'Novembro a dezembro');

INSERT INTO Period(periodTypeId,plantVarietyId,value) values (2,54,'Novembro a dezembro');

INSERT INTO Period(periodTypeId,plantVarietyId,value) values (2,55,'Novembro a dezembro');

INSERT INTO Period(periodTypeId,plantVarietyId,value) values (2,56,'Novembro a dezembro');

INSERT INTO Period(periodTypeId,plantVarietyId,value) values (2,57,'Novembro a dezembro');

INSERT INTO Period(periodTypeId,plantVarietyId,value) values (2,58,'Novembro a dezembro');

INSERT INTO Period(periodTypeId,plantVarietyId,value) values (2,59,'Novembro a dezembro');

INSERT INTO Period(periodTypeId,plantVarietyId,value) values (2,60,'Novembro a dezembro');

INSERT INTO Period(periodTypeId,plantVarietyId,value) values (2,61,'Novembro a dezembro');

INSERT INTO Period(periodTypeId,plantVarietyId,value) values (2,62,'Novembro a dezembro');

INSERT INTO Period(periodTypeId,plantVarietyId,value) values (2,63,'Novembro a dezembro');

INSERT INTO Period(periodTypeId,plantVarietyId,value) values (2,64,'Novembro a dezembro');

INSERT INTO Period(periodTypeId,plantVarietyId,value) values (2,65,'Novembro a dezembro');

INSERT INTO Period(periodTypeId,plantVarietyId,value) values (2,66,'Novembro a dezembro');

INSERT INTO Period(periodTypeId,plantVarietyId,value) values (2,67,'Novembro a dezembro');

INSERT INTO Period(periodTypeId,plantVarietyId,value) values (2,68,'Novembro a dezembro');

INSERT INTO Period(periodTypeId,plantVarietyId,value) values (2,94,'Dezembro a janeiro');

INSERT INTO Period(periodTypeId,plantVarietyId,value) values (2,95,'Dezembro a janeiro');

INSERT INTO Period(periodTypeId,plantVarietyId,value) values (1,82,'Abril a junho');

INSERT INTO Period(periodTypeId,plantVarietyId,value) values (1,83,'Abril a junho');

INSERT INTO Period(periodTypeId,plantVarietyId,value) values (1,84,'Março a setembro');

INSERT INTO Period(periodTypeId,plantVarietyId,value) values (1,93,'Fevereiro a abril, agosto a outubro');

INSERT INTO Period(periodTypeId,plantVarietyId,value) values (3,1,'Fevereiro a março');

INSERT INTO Period(periodTypeId,plantVarietyId,value) values (3,2,'Fevereiro a março');

INSERT INTO Period(periodTypeId,plantVarietyId,value) values (3,3,'Fevereiro a março');

INSERT INTO Period(periodTypeId,plantVarietyId,value) values (3,4,'Fevereiro a março');

INSERT INTO Period(periodTypeId,plantVarietyId,value) values (3,5,'Fevereiro a março');

INSERT INTO Period(periodTypeId,plantVarietyId,value) values (3,6,'Fevereiro a março');

INSERT INTO Period(periodTypeId,plantVarietyId,value) values (3,7,'Fevereiro a março');

INSERT INTO Period(periodTypeId,plantVarietyId,value) values (3,8,'Fevereiro a março');

INSERT INTO Period(periodTypeId,plantVarietyId,value) values (3,9,'Fevereiro a março');

INSERT INTO Period(periodTypeId,plantVarietyId,value) values (3,10,'Fevereiro a março');

INSERT INTO Period(periodTypeId,plantVarietyId,value) values (3,11,'Fevereiro a março');

INSERT INTO Period(periodTypeId,plantVarietyId,value) values (3,12,'Fevereiro a março');

INSERT INTO Period(periodTypeId,plantVarietyId,value) values (3,13,'Fevereiro a março');

INSERT INTO Period(periodTypeId,plantVarietyId,value) values (3,14,'Fevereiro a março');

INSERT INTO Period(periodTypeId,plantVarietyId,value) values (3,15,'Fevereiro a março');

INSERT INTO Period(periodTypeId,plantVarietyId,value) values (3,16,'Fevereiro a março');

INSERT INTO Period(periodTypeId,plantVarietyId,value) values (3,17,'Fevereiro a março');

INSERT INTO Period(periodTypeId,plantVarietyId,value) values (3,18,'Fevereiro a março');

INSERT INTO Period(periodTypeId,plantVarietyId,value) values (3,19,'Fevereiro a março');

INSERT INTO Period(periodTypeId,plantVarietyId,value) values (3,20,'Fevereiro a março');

INSERT INTO Period(periodTypeId,plantVarietyId,value) values (3,21,'Fevereiro a março');

INSERT INTO Period(periodTypeId,plantVarietyId,value) values (3,22,'Fevereiro a março');

INSERT INTO Period(periodTypeId,plantVarietyId,value) values (3,23,'Fevereiro a março');

INSERT INTO Period(periodTypeId,plantVarietyId,value) values (3,24,'Fevereiro a março');

INSERT INTO Period(periodTypeId,plantVarietyId,value) values (3,25,'Fevereiro a março');

INSERT INTO Period(periodTypeId,plantVarietyId,value) values (3,26,'Fevereiro a março');

INSERT INTO Period(periodTypeId,plantVarietyId,value) values (3,27,'Fevereiro a março');

INSERT INTO Period(periodTypeId,plantVarietyId,value) values (3,28,'Fevereiro a março');

INSERT INTO Period(periodTypeId,plantVarietyId,value) values (3,29,'Fevereiro a março');

INSERT INTO Period(periodTypeId,plantVarietyId,value) values (3,30,'Fevereiro a março');

INSERT INTO Period(periodTypeId,plantVarietyId,value) values (3,31,'Fevereiro a março');

INSERT INTO Period(periodTypeId,plantVarietyId,value) values (3,32,'Março a abril');

INSERT INTO Period(periodTypeId,plantVarietyId,value) values (3,33,'Março a abril');

INSERT INTO Period(periodTypeId,plantVarietyId,value) values (3,34,'Março a abril');

INSERT INTO Period(periodTypeId,plantVarietyId,value) values (3,35,'Março a abril');

INSERT INTO Period(periodTypeId,plantVarietyId,value) values (3,36,'Março a abril');

INSERT INTO Period(periodTypeId,plantVarietyId,value) values (3,37,'Março a abril');

INSERT INTO Period(periodTypeId,plantVarietyId,value) values (3,38,'Março a abril');

INSERT INTO Period(periodTypeId,plantVarietyId,value) values (3,39,'Março a abril');

INSERT INTO Period(periodTypeId,plantVarietyId,value) values (3,40,'Março a abril');

INSERT INTO Period(periodTypeId,plantVarietyId,value) values (3,41,'Março a abril');

INSERT INTO Period(periodTypeId,plantVarietyId,value) values (3,42,'Março a abril');

INSERT INTO Period(periodTypeId,plantVarietyId,value) values (3,43,'Março a abril');

INSERT INTO Period(periodTypeId,plantVarietyId,value) values (3,44,'Abril a maio');

INSERT INTO Period(periodTypeId,plantVarietyId,value) values (3,45,'Março a abril');

INSERT INTO Period(periodTypeId,plantVarietyId,value) values (3,46,'Março a abril');

INSERT INTO Period(periodTypeId,plantVarietyId,value) values (3,47,'Março a abril');

INSERT INTO Period(periodTypeId,plantVarietyId,value) values (3,48,'Março a abril');

INSERT INTO Period(periodTypeId,plantVarietyId,value) values (3,49,'Março a abril');

INSERT INTO Period(periodTypeId,plantVarietyId,value) values (3,50,'Março a abril');

INSERT INTO Period(periodTypeId,plantVarietyId,value) values (3,51,'Março a abril');

INSERT INTO Period(periodTypeId,plantVarietyId,value) values (3,52,'Março a abril');

INSERT INTO Period(periodTypeId,plantVarietyId,value) values (3,53,'Março a abril');

INSERT INTO Period(periodTypeId,plantVarietyId,value) values (3,54,'Março a abril');

INSERT INTO Period(periodTypeId,plantVarietyId,value) values (3,55,'Março a abril');

INSERT INTO Period(periodTypeId,plantVarietyId,value) values (3,56,'Março a abril');

INSERT INTO Period(periodTypeId,plantVarietyId,value) values (3,57,'Março a abril');

INSERT INTO Period(periodTypeId,plantVarietyId,value) values (3,58,'Março a abril');

INSERT INTO Period(periodTypeId,plantVarietyId,value) values (3,59,'Março a abril');

INSERT INTO Period(periodTypeId,plantVarietyId,value) values (3,60,'Março a abril');

INSERT INTO Period(periodTypeId,plantVarietyId,value) values (3,61,'Março a abril');

INSERT INTO Period(periodTypeId,plantVarietyId,value) values (3,62,'Março a abril');

INSERT INTO Period(periodTypeId,plantVarietyId,value) values (3,63,'Março a abril');

INSERT INTO Period(periodTypeId,plantVarietyId,value) values (3,64,'Março a abril');

INSERT INTO Period(periodTypeId,plantVarietyId,value) values (3,65,'Março a abril');

INSERT INTO Period(periodTypeId,plantVarietyId,value) values (3,66,'Março a abril');

INSERT INTO Period(periodTypeId,plantVarietyId,value) values (3,67,'Março a abril');

INSERT INTO Period(periodTypeId,plantVarietyId,value) values (3,68,'Março a abril');

INSERT INTO Period(periodTypeId,plantVarietyId,value) values (3,94,'Maio');

INSERT INTO Period(periodTypeId,plantVarietyId,value) values (3,95,'Maio');

INSERT INTO Period(periodTypeId,plantVarietyId,value) values (4,1,'Julho a agosto');

INSERT INTO Period(periodTypeId,plantVarietyId,value) values (4,2,'Julho a agosto');

INSERT INTO Period(periodTypeId,plantVarietyId,value) values (4,3,'Julho a agosto');

INSERT INTO Period(periodTypeId,plantVarietyId,value) values (4,4,'Julho a agosto');

INSERT INTO Period(periodTypeId,plantVarietyId,value) values (4,5,'Julho a agosto');

INSERT INTO Period(periodTypeId,plantVarietyId,value) values (4,6,'Julho a agosto');

INSERT INTO Period(periodTypeId,plantVarietyId,value) values (4,7,'Julho a agosto');

INSERT INTO Period(periodTypeId,plantVarietyId,value) values (4,8,'Julho a agosto');

INSERT INTO Period(periodTypeId,plantVarietyId,value) values (4,9,'Julho a agosto');

INSERT INTO Period(periodTypeId,plantVarietyId,value) values (4,10,'Julho a agosto');

INSERT INTO Period(periodTypeId,plantVarietyId,value) values (4,11,'Julho a agosto');

INSERT INTO Period(periodTypeId,plantVarietyId,value) values (4,12,'Julho a agosto');

INSERT INTO Period(periodTypeId,plantVarietyId,value) values (4,13,'Julho a agosto');

INSERT INTO Period(periodTypeId,plantVarietyId,value) values (4,14,'Julho a agosto');

INSERT INTO Period(periodTypeId,plantVarietyId,value) values (4,15,'Julho a agosto');

INSERT INTO Period(periodTypeId,plantVarietyId,value) values (4,16,'Julho a agosto');

INSERT INTO Period(periodTypeId,plantVarietyId,value) values (4,17,'Julho a agosto');

INSERT INTO Period(periodTypeId,plantVarietyId,value) values (4,18,'Julho a agosto');

INSERT INTO Period(periodTypeId,plantVarietyId,value) values (4,19,'Julho a agosto');

INSERT INTO Period(periodTypeId,plantVarietyId,value) values (4,20,'Julho a agosto');

INSERT INTO Period(periodTypeId,plantVarietyId,value) values (4,21,'Julho a agosto');

INSERT INTO Period(periodTypeId,plantVarietyId,value) values (4,22,'Julho a agosto');

INSERT INTO Period(periodTypeId,plantVarietyId,value) values (4,23,'Julho a agosto');

INSERT INTO Period(periodTypeId,plantVarietyId,value) values (4,24,'Julho a agosto');

INSERT INTO Period(periodTypeId,plantVarietyId,value) values (4,25,'Julho a agosto');

INSERT INTO Period(periodTypeId,plantVarietyId,value) values (4,26,'Julho a agosto');

INSERT INTO Period(periodTypeId,plantVarietyId,value) values (4,27,'Julho a agosto');

INSERT INTO Period(periodTypeId,plantVarietyId,value) values (4,28,'Julho a agosto');

INSERT INTO Period(periodTypeId,plantVarietyId,value) values (4,29,'Julho a agosto');

INSERT INTO Period(periodTypeId,plantVarietyId,value) values (4,30,'Julho a agosto');

INSERT INTO Period(periodTypeId,plantVarietyId,value) values (4,31,'Julho a agosto');

INSERT INTO Period(periodTypeId,plantVarietyId,value) values (4,32,'Agosto a setembro');

INSERT INTO Period(periodTypeId,plantVarietyId,value) values (4,33,'Agosto a setembro');

INSERT INTO Period(periodTypeId,plantVarietyId,value) values (4,34,'Agosto a setembro');

INSERT INTO Period(periodTypeId,plantVarietyId,value) values (4,35,'Agosto a setembro');

INSERT INTO Period(periodTypeId,plantVarietyId,value) values (4,36,'Agosto a setembro');

INSERT INTO Period(periodTypeId,plantVarietyId,value) values (4,37,'Agosto a setembro');

INSERT INTO Period(periodTypeId,plantVarietyId,value) values (4,38,'Agosto a setembro');

INSERT INTO Period(periodTypeId,plantVarietyId,value) values (4,39,'Agosto a setembro');

INSERT INTO Period(periodTypeId,plantVarietyId,value) values (4,40,'Agosto a setembro');

INSERT INTO Period(periodTypeId,plantVarietyId,value) values (4,41,'Agosto a setembro');

INSERT INTO Period(periodTypeId,plantVarietyId,value) values (4,42,'Agosto a setembro');

INSERT INTO Period(periodTypeId,plantVarietyId,value) values (4,43,'Agosto a setembro');

INSERT INTO Period(periodTypeId,plantVarietyId,value) values (4,44,'Novembro a dezembro');

INSERT INTO Period(periodTypeId,plantVarietyId,value) values (4,45,'Agosto a setembro');

INSERT INTO Period(periodTypeId,plantVarietyId,value) values (4,46,'Agosto a setembro');

INSERT INTO Period(periodTypeId,plantVarietyId,value) values (4,47,'Agosto a setembro');

INSERT INTO Period(periodTypeId,plantVarietyId,value) values (4,48,'Agosto a setembro');

INSERT INTO Period(periodTypeId,plantVarietyId,value) values (4,49,'Agosto a setembro');

INSERT INTO Period(periodTypeId,plantVarietyId,value) values (4,50,'Agosto a setembro');

INSERT INTO Period(periodTypeId,plantVarietyId,value) values (4,51,'Agosto a setembro');

INSERT INTO Period(periodTypeId,plantVarietyId,value) values (4,52,'Agosto a setembro');

INSERT INTO Period(periodTypeId,plantVarietyId,value) values (4,53,'Agosto a setembro');

INSERT INTO Period(periodTypeId,plantVarietyId,value) values (4,54,'Agosto a setembro');

INSERT INTO Period(periodTypeId,plantVarietyId,value) values (4,55,'Agosto a setembro');

INSERT INTO Period(periodTypeId,plantVarietyId,value) values (4,56,'Agosto a setembro');

INSERT INTO Period(periodTypeId,plantVarietyId,value) values (4,57,'Agosto a setembro');

INSERT INTO Period(periodTypeId,plantVarietyId,value) values (4,58,'Agosto a setembro');

INSERT INTO Period(periodTypeId,plantVarietyId,value) values (4,59,'Agosto a setembro');

INSERT INTO Period(periodTypeId,plantVarietyId,value) values (4,60,'Agosto a setembro');

INSERT INTO Period(periodTypeId,plantVarietyId,value) values (4,61,'Agosto a setembro');

INSERT INTO Period(periodTypeId,plantVarietyId,value) values (4,62,'Agosto a setembro');

INSERT INTO Period(periodTypeId,plantVarietyId,value) values (4,63,'Agosto a setembro');

INSERT INTO Period(periodTypeId,plantVarietyId,value) values (4,64,'Agosto a setembro');

INSERT INTO Period(periodTypeId,plantVarietyId,value) values (4,65,'Agosto a setembro');

INSERT INTO Period(periodTypeId,plantVarietyId,value) values (4,66,'Agosto a setembro');

INSERT INTO Period(periodTypeId,plantVarietyId,value) values (4,67,'Agosto a setembro');

INSERT INTO Period(periodTypeId,plantVarietyId,value) values (4,68,'Agosto a setembro');

INSERT INTO Period(periodTypeId,plantVarietyId,value) values (4,73,'80 dias');

INSERT INTO Period(periodTypeId,plantVarietyId,value) values (4,74,'80 dias');

INSERT INTO Period(periodTypeId,plantVarietyId,value) values (4,75,'80 dias');

INSERT INTO Period(periodTypeId,plantVarietyId,value) values (4,76,'80 dias');

INSERT INTO Period(periodTypeId,plantVarietyId,value) values (4,77,'80 dias');

INSERT INTO Period(periodTypeId,plantVarietyId,value) values (4,78,'80 dias');

INSERT INTO Period(periodTypeId,plantVarietyId,value) values (4,79,'80 dias');

INSERT INTO Period(periodTypeId,plantVarietyId,value) values (4,82,'Julho a setembro');

INSERT INTO Period(periodTypeId,plantVarietyId,value) values (4,83,'Julho a setembro');

INSERT INTO Period(periodTypeId,plantVarietyId,value) values (4,84,'Junho a fevereiro');

INSERT INTO Period(periodTypeId,plantVarietyId,value) values (4,85,'Outubro a novembro');

INSERT INTO Period(periodTypeId,plantVarietyId,value) values (4,86,'Outubro a novembro');

INSERT INTO Period(periodTypeId,plantVarietyId,value) values (4,87,'Outubro a novembro');

INSERT INTO Period(periodTypeId,plantVarietyId,value) values (4,88,'Outubro a novembro');

INSERT INTO Period(periodTypeId,plantVarietyId,value) values (4,89,'Outubro a novembro');

INSERT INTO Period(periodTypeId,plantVarietyId,value) values (4,90,'Outubro a novembro');

INSERT INTO Period(periodTypeId,plantVarietyId,value) values (4,91,'Outubro a novembro');

INSERT INTO Period(periodTypeId,plantVarietyId,value) values (4,92,'Outubro a novembro');

INSERT INTO Period(periodTypeId,plantVarietyId,value) values (4,93,'90 dias');

INSERT INTO Period(periodTypeId,plantVarietyId,value) values (4,94,'Junho a agosto');

INSERT INTO Period(periodTypeId,plantVarietyId,value) values (4,95,'Junho a agosto');

INSERT INTO Crop(cropId,cropTypeId,plotId,plantId,initialDate,amount,unit) values (1,2,101,1,TO_DATE('10/10/2020','DD/MM/YYYY'),1.1,'ha');

INSERT INTO Crop(cropId,cropTypeId,plotId,plantId,initialDate,amount,unit) values (2,2,101,2,TO_DATE('10/04/2021','DD/MM/YYYY'),0.9,'ha');

INSERT INTO Crop(cropId,cropTypeId,plotId,plantId,initialDate,amount,unit) values (3,2,101,1,TO_DATE('03/10/2021','DD/MM/YYYY'),1.1,'ha');

INSERT INTO Crop(cropId,cropTypeId,plotId,plantId,initialDate,amount,unit) values (4,2,101,2,TO_DATE('15/04/2022','DD/MM/YYYY'),0.9,'ha');

INSERT INTO Crop(cropId,cropTypeId,plotId,plantId,initialDate,amount,unit) values (5,2,103,3,TO_DATE('05/04/2020','DD/MM/YYYY'),1.2,'ha');

INSERT INTO Crop(cropId,cropTypeId,plotId,plantId,initialDate,amount,unit) values (6,2,103,1,TO_DATE('12/10/2020','DD/MM/YYYY'),1.3,'ha');

INSERT INTO Crop(cropId,cropTypeId,plotId,plantId,initialDate,amount,unit) values (7,2,103,3,TO_DATE('03/04/2021','DD/MM/YYYY'),1.2,'ha');

INSERT INTO Crop(cropId,cropTypeId,plotId,plantId,initialDate,amount,unit) values (8,2,103,1,TO_DATE('06/10/2021','DD/MM/YYYY'),1.3,'ha');

INSERT INTO Crop(cropId,cropTypeId,plotId,plantId,initialDate,amount,unit) values (9,2,103,3,TO_DATE('08/04/2022','DD/MM/YYYY'),1.2,'ha');

INSERT INTO Crop(cropId,cropTypeId,plotId,plantId,initialDate,amount,unit) values (10,2,103,1,TO_DATE('12/10/2022','DD/MM/YYYY'),1.3,'ha');

INSERT INTO Crop(cropId,cropTypeId,plotId,plantId,initialDate,amount,unit) values (11,1,102,4,TO_DATE('06/10/2016','DD/MM/YYYY'),30,'un');

INSERT INTO Crop(cropId,cropTypeId,plotId,plantId,initialDate,amount,unit) values (12,1,102,5,TO_DATE('10/10/2016','DD/MM/YYYY'),20,'un');

INSERT INTO Crop(cropId,cropTypeId,plotId,plantId,initialDate,amount,unit) values (13,2,106,6,TO_DATE('10/03/2020','DD/MM/YYYY'),0.15,'ha');

INSERT INTO Crop(cropId,cropTypeId,plotId,plantId,initialDate,amount,unit) values (14,2,106,7,TO_DATE('02/06/2020','DD/MM/YYYY'),0.1,'ha');

INSERT INTO Crop(cropId,cropTypeId,plotId,plantId,initialDate,amount,unit) values (15,2,106,8,TO_DATE('20/09/2020','DD/MM/YYYY'),0.2,'ha');

INSERT INTO Crop(cropId,cropTypeId,plotId,plantId,initialDate,amount,unit) values (16,2,106,9,TO_DATE('10/03/2021','DD/MM/YYYY'),0.15,'ha');

INSERT INTO Crop(cropId,cropTypeId,plotId,plantId,initialDate,amount,unit) values (17,2,106,10,TO_DATE('02/06/2021','DD/MM/YYYY'),0.1,'ha');

INSERT INTO Crop(cropId,cropTypeId,plotId,plantId,initialDate,amount,unit) values (18,2,106,8,TO_DATE('20/09/2021','DD/MM/YYYY'),0.2,'ha');

INSERT INTO Crop(cropId,cropTypeId,plotId,plantId,initialDate,amount,unit) values (19,2,106,9,TO_DATE('06/03/2022','DD/MM/YYYY'),0.15,'ha');

INSERT INTO Crop(cropId,cropTypeId,plotId,plantId,initialDate,amount,unit) values (20,2,106,7,TO_DATE('30/05/2022','DD/MM/YYYY'),0.15,'ha');

INSERT INTO Crop(cropId,cropTypeId,plotId,plantId,initialDate,amount,unit) values (21,2,106,11,TO_DATE('20/09/2022','DD/MM/YYYY'),0.25,'ha');

INSERT INTO Crop(cropId,cropTypeId,plotId,plantId,initialDate,amount,unit) values (22,1,104,12,TO_DATE('07/01/2017','DD/MM/YYYY'),90,'un');

INSERT INTO Crop(cropId,cropTypeId,plotId,plantId,initialDate,amount,unit) values (23,1,104,13,TO_DATE('08/01/2017','DD/MM/YYYY'),60,'un');

INSERT INTO Crop(cropId,cropTypeId,plotId,plantId,initialDate,amount,unit) values (24,1,104,14,TO_DATE('08/01/2017','DD/MM/YYYY'),40,'un');

INSERT INTO Crop(cropId,cropTypeId,plotId,plantId,initialDate,amount,unit) values (25,1,104,14,TO_DATE('10/12/2018','DD/MM/YYYY'),30,'un');

INSERT INTO Crop(cropId,cropTypeId,plotId,plantId,initialDate,amount,unit) values (26,1,107,15,TO_DATE('10/01/2018','DD/MM/YYYY'),500,'un');

INSERT INTO Crop(cropId,cropTypeId,plotId,plantId,initialDate,amount,unit) values (27,1,107,16,TO_DATE('11/01/2018','DD/MM/YYYY'),700,'un');

INSERT INTO Crop(cropId,cropTypeId,plotId,plantId,initialDate,amount,unit) values (28,1,102,4,TO_DATE('01/05/2017','DD/MM/YYYY'),30,'un');

INSERT INTO Crop(cropId,cropTypeId,plotId,plantId,initialDate,amount,unit) values (29,1,102,5,TO_DATE('01/05/2017','DD/MM/YYYY'),20,'un');

INSERT INTO Crop(cropId,cropTypeId,plotId,plantId,initialDate,amount,unit) values (30,1,102,18,TO_DATE('01/05/2017','DD/MM/YYYY'),40,'un');

INSERT INTO Crop(cropId,cropTypeId,plotId,plantId,initialDate,amount,unit) values (31,1,104,12,TO_DATE('01/05/2017','DD/MM/YYYY'),90,'un');

INSERT INTO Crop(cropId,cropTypeId,plotId,plantId,initialDate,amount,unit) values (32,1,104,13,TO_DATE('01/05/2017','DD/MM/YYYY'),60,'un');

INSERT INTO Crop(cropId,cropTypeId,plotId,plantId,initialDate,amount,unit) values (33,1,104,14,TO_DATE('01/05/2017','DD/MM/YYYY'),60,'un');

INSERT INTO Crop(cropId,cropTypeId,plotId,plantId,initialDate,amount,unit) values (34,1,105,14,TO_DATE('01/05/2019','DD/MM/YYYY'),40,'un');

INSERT INTO Crop(cropId,cropTypeId,plotId,plantId,initialDate,amount,unit) values (35,1,105,19,TO_DATE('01/05/2019','DD/MM/YYYY'),40,'un');

INSERT INTO Crop(cropId,cropTypeId,plotId,plantId,initialDate,amount,unit) values (36,1,105,20,TO_DATE('01/05/2019','DD/MM/YYYY'),50,'un');

INSERT INTO Crop(cropId,cropTypeId,plotId,plantId,initialDate,amount,unit) values (37,1,105,21,TO_DATE('01/05/2019','DD/MM/YYYY'),20,'un');

INSERT INTO Crop(cropId,cropTypeId,plotId,plantId,initialDate,amount,unit) values (38,1,105,22,TO_DATE('01/05/2019','DD/MM/YYYY'),30,'un');

INSERT INTO Crop(cropId,cropTypeId,plotId,plantId,initialDate,amount,unit) values (39,1,105,23,TO_DATE('01/05/2019','DD/MM/YYYY'),40,'un');

INSERT INTO Crop(cropId,cropTypeId,plotId,plantId,initialDate,amount,unit) values (40,1,105,24,TO_DATE('01/05/2019','DD/MM/YYYY'),50,'un');

INSERT INTO Crop(cropId,cropTypeId,plotId,plantId,initialDate,amount,unit) values (41,2,108,9,TO_DATE('05/04/2023','DD/MM/YYYY'),50,'un');

INSERT INTO Crop(cropId,cropTypeId,plotId,plantId,initialDate,amount,unit) values (42,2,108,10,TO_DATE('05/07/2023','DD/MM/YYYY'),50,'un');

INSERT INTO Crop(cropId,cropTypeId,plotId,plantId,initialDate,amount,unit) values (43,2,108,17,TO_DATE('06/04/2023','DD/MM/YYYY'),50,'un');

INSERT INTO Crop(cropId,cropTypeId,plotId,plantId,initialDate,amount,unit) values (44,1,108,1,TO_DATE('12/10/2023','DD/MM/YYYY'),32,'kg');

INSERT INTO CropFinalDate(cropId,value) values (1,TO_DATE('30/03/2021','DD/MM/YYYY'));

INSERT INTO CropFinalDate(cropId,value) values (2,TO_DATE('12/08/2021','DD/MM/YYYY'));

INSERT INTO CropFinalDate(cropId,value) values (3,TO_DATE('05/04/2022','DD/MM/YYYY'));

INSERT INTO CropFinalDate(cropId,value) values (4,TO_DATE('21/08/2022','DD/MM/YYYY'));

INSERT INTO CropFinalDate(cropId,value) values (5,TO_DATE('20/08/2020','DD/MM/YYYY'));

INSERT INTO CropFinalDate(cropId,value) values (6,TO_DATE('15/03/2021','DD/MM/YYYY'));

INSERT INTO CropFinalDate(cropId,value) values (7,TO_DATE('25/08/2021','DD/MM/YYYY'));

INSERT INTO CropFinalDate(cropId,value) values (8,TO_DATE('19/03/2022','DD/MM/YYYY'));

INSERT INTO CropFinalDate(cropId,value) values (9,TO_DATE('18/08/2022','DD/MM/YYYY'));

INSERT INTO CropFinalDate(cropId,value) values (10,TO_DATE('20/03/2023','DD/MM/YYYY'));

INSERT INTO CropFinalDate(cropId,value) values (13,TO_DATE('15/05/2020','DD/MM/YYYY'));

INSERT INTO CropFinalDate(cropId,value) values (14,TO_DATE('08/09/2020','DD/MM/YYYY'));

INSERT INTO CropFinalDate(cropId,value) values (15,TO_DATE('10/01/2021','DD/MM/YYYY'));

INSERT INTO CropFinalDate(cropId,value) values (16,TO_DATE('15/05/2021','DD/MM/YYYY'));

INSERT INTO CropFinalDate(cropId,value) values (17,TO_DATE('08/09/2021','DD/MM/YYYY'));

INSERT INTO CropFinalDate(cropId,value) values (18,TO_DATE('10/01/2022','DD/MM/YYYY'));

INSERT INTO CropFinalDate(cropId,value) values (19,TO_DATE('16/05/2022','DD/MM/YYYY'));

INSERT INTO CropFinalDate(cropId,value) values (20,TO_DATE('05/09/2022','DD/MM/YYYY'));

INSERT INTO CropFinalDate(cropId,value) values (21,TO_DATE('14/01/2023','DD/MM/YYYY'));

INSERT INTO Operation(operationId,cropId,operationTypeId,operationDate,amount,unit) values (1,11,1,TO_DATE('06/10/2016','DD/MM/YYYY'),30,'un');

INSERT INTO Operation(operationId,cropId,operationTypeId,operationDate,amount,unit) values (2,12,1,TO_DATE('10/10/2016','DD/MM/YYYY'),20,'un');

INSERT INTO Operation(operationId,cropId,operationTypeId,operationDate,amount,unit) values (3,22,1,TO_DATE('07/01/2017','DD/MM/YYYY'),90,'un');

INSERT INTO Operation(operationId,cropId,operationTypeId,operationDate,amount,unit) values (4,23,1,TO_DATE('08/01/2017','DD/MM/YYYY'),60,'un');

INSERT INTO Operation(operationId,cropId,operationTypeId,operationDate,amount,unit) values (5,24,1,TO_DATE('08/01/2017','DD/MM/YYYY'),40,'un');

INSERT INTO Operation(operationId,cropId,operationTypeId,operationDate,amount,unit) values (6,12,2,TO_DATE('03/07/2017','DD/MM/YYYY'),0.4,'m3');

INSERT INTO Operation(operationId,cropId,operationTypeId,operationDate,amount,unit) values (7,11,2,TO_DATE('03/07/2017','DD/MM/YYYY'),0.9,'m3');

INSERT INTO Operation(operationId,cropId,operationTypeId,operationDate,amount,unit) values (8,22,2,TO_DATE('10/07/2017','DD/MM/YYYY'),3,'m3');

INSERT INTO Operation(operationId,cropId,operationTypeId,operationDate,amount,unit) values (9,12,2,TO_DATE('10/08/2017','DD/MM/YYYY'),0.4,'m3');

INSERT INTO Operation(operationId,cropId,operationTypeId,operationDate,amount,unit) values (10,11,2,TO_DATE('10/08/2017','DD/MM/YYYY'),0.9,'m3');

INSERT INTO Operation(operationId,cropId,operationTypeId,operationDate,amount,unit) values (11,23,2,TO_DATE('10/08/2017','DD/MM/YYYY'),3.5,'m3');

INSERT INTO Operation(operationId,cropId,operationTypeId,operationDate,amount,unit) values (12,24,2,TO_DATE('10/09/2017','DD/MM/YYYY'),3,'m3');

INSERT INTO Operation(operationId,cropId,operationTypeId,operationDate,amount,unit) values (13,11,4,TO_DATE('04/11/2017','DD/MM/YYYY'),30,'un');

INSERT INTO Operation(operationId,cropId,operationTypeId,operationDate,amount,unit) values (14,12,4,TO_DATE('04/11/2017','DD/MM/YYYY'),20,'un');

INSERT INTO Operation(operationId,cropId,operationTypeId,operationDate,amount,unit) values (15,11,3,TO_DATE('10/12/2017','DD/MM/YYYY'),15,'kg');

INSERT INTO Operation(operationId,cropId,operationTypeId,operationDate,amount,unit) values (16,12,3,TO_DATE('10/12/2017','DD/MM/YYYY'),10,'kg');

INSERT INTO Operation(operationId,cropId,operationTypeId,operationDate,amount,unit) values (17,22,4,TO_DATE('07/01/2018','DD/MM/YYYY'),90,'un');

INSERT INTO Operation(operationId,cropId,operationTypeId,operationDate,amount,unit) values (18,23,4,TO_DATE('08/01/2018','DD/MM/YYYY'),60,'un');

INSERT INTO Operation(operationId,cropId,operationTypeId,operationDate,amount,unit) values (19,24,4,TO_DATE('08/01/2018','DD/MM/YYYY'),40,'un');

INSERT INTO Operation(operationId,cropId,operationTypeId,operationDate,amount,unit) values (20,26,1,TO_DATE('10/01/2018','DD/MM/YYYY'),500,'un');

INSERT INTO Operation(operationId,cropId,operationTypeId,operationDate,amount,unit) values (21,27,1,TO_DATE('11/01/2018','DD/MM/YYYY'),700,'un');

INSERT INTO Operation(operationId,cropId,operationTypeId,operationDate,amount,unit) values (22,22,3,TO_DATE('06/02/2018','DD/MM/YYYY'),10,'kg');

INSERT INTO Operation(operationId,cropId,operationTypeId,operationDate,amount,unit) values (23,23,3,TO_DATE('06/02/2018','DD/MM/YYYY'),6,'kg');

INSERT INTO Operation(operationId,cropId,operationTypeId,operationDate,amount,unit) values (24,24,3,TO_DATE('06/02/2018','DD/MM/YYYY'),5,'kg');

INSERT INTO Operation(operationId,cropId,operationTypeId,operationDate,amount,unit) values (25,12,2,TO_DATE('03/07/2018','DD/MM/YYYY'),1,'m3');

INSERT INTO Operation(operationId,cropId,operationTypeId,operationDate,amount,unit) values (26,11,2,TO_DATE('03/07/2018','DD/MM/YYYY'),1.5,'m3');

INSERT INTO Operation(operationId,cropId,operationTypeId,operationDate,amount,unit) values (27,22,2,TO_DATE('10/07/2018','DD/MM/YYYY'),3.5,'m3');

INSERT INTO Operation(operationId,cropId,operationTypeId,operationDate,amount,unit) values (28,26,2,TO_DATE('10/07/2018','DD/MM/YYYY'),6,'m3');

INSERT INTO Operation(operationId,cropId,operationTypeId,operationDate,amount,unit) values (29,12,2,TO_DATE('10/08/2018','DD/MM/YYYY'),1,'m3');

INSERT INTO Operation(operationId,cropId,operationTypeId,operationDate,amount,unit) values (30,11,2,TO_DATE('10/08/2018','DD/MM/YYYY'),1.5,'m3');

INSERT INTO Operation(operationId,cropId,operationTypeId,operationDate,amount,unit) values (31,23,2,TO_DATE('10/08/2018','DD/MM/YYYY'),4,'m3');

INSERT INTO Operation(operationId,cropId,operationTypeId,operationDate,amount,unit) values (32,27,2,TO_DATE('11/08/2018','DD/MM/YYYY'),7,'m3');

INSERT INTO Operation(operationId,cropId,operationTypeId,operationDate,amount,unit) values (33,24,2,TO_DATE('02/09/2018','DD/MM/YYYY'),4,'m3');

INSERT INTO Operation(operationId,cropId,operationTypeId,operationDate,amount,unit) values (34,22,2,TO_DATE('10/09/2018','DD/MM/YYYY'),4,'m3');

INSERT INTO Operation(operationId,cropId,operationTypeId,operationDate,amount,unit) values (35,11,4,TO_DATE('17/11/2018','DD/MM/YYYY'),30,'un');

INSERT INTO Operation(operationId,cropId,operationTypeId,operationDate,amount,unit) values (36,12,4,TO_DATE('17/11/2018','DD/MM/YYYY'),20,'un');

INSERT INTO Operation(operationId,cropId,operationTypeId,operationDate,amount,unit) values (37,25,1,TO_DATE('10/12/2018','DD/MM/YYYY'),30,'un');

INSERT INTO Operation(operationId,cropId,operationTypeId,operationDate,amount,unit) values (38,26,4,TO_DATE('16/12/2018','DD/MM/YYYY'),500,'un');

INSERT INTO Operation(operationId,cropId,operationTypeId,operationDate,amount,unit) values (39,27,4,TO_DATE('18/12/2018','DD/MM/YYYY'),700,'un');

INSERT INTO Operation(operationId,cropId,operationTypeId,operationDate,amount,unit) values (40,22,4,TO_DATE('07/01/2019','DD/MM/YYYY'),90,'un');

INSERT INTO Operation(operationId,cropId,operationTypeId,operationDate,amount,unit) values (41,23,4,TO_DATE('08/01/2019','DD/MM/YYYY'),60,'un');

INSERT INTO Operation(operationId,cropId,operationTypeId,operationDate,amount,unit) values (42,24,4,TO_DATE('08/01/2019','DD/MM/YYYY'),40,'un');

INSERT INTO Operation(operationId,cropId,operationTypeId,operationDate,amount,unit) values (43,26,5,TO_DATE('20/01/2019','DD/MM/YYYY'),2,'kg');

INSERT INTO Operation(operationId,cropId,operationTypeId,operationDate,amount,unit) values (44,27,5,TO_DATE('20/01/2019','DD/MM/YYYY'),2.5,'kg');

INSERT INTO Operation(operationId,cropId,operationTypeId,operationDate,amount,unit) values (45,22,3,TO_DATE('06/02/2019','DD/MM/YYYY'),10,'kg');

INSERT INTO Operation(operationId,cropId,operationTypeId,operationDate,amount,unit) values (46,23,3,TO_DATE('06/02/2019','DD/MM/YYYY'),5,'kg');

INSERT INTO Operation(operationId,cropId,operationTypeId,operationDate,amount,unit) values (47,24,3,TO_DATE('06/02/2019','DD/MM/YYYY'),7,'kg');

INSERT INTO Operation(operationId,cropId,operationTypeId,operationDate,amount,unit) values (48,12,1,TO_DATE('03/07/2019','DD/MM/YYYY'),1,'m3');

INSERT INTO Operation(operationId,cropId,operationTypeId,operationDate,amount,unit) values (49,11,1,TO_DATE('03/07/2019','DD/MM/YYYY'),1.5,'m3');

INSERT INTO Operation(operationId,cropId,operationTypeId,operationDate,amount,unit) values (50,25,1,TO_DATE('03/07/2019','DD/MM/YYYY'),4,'m3');

INSERT INTO Operation(operationId,cropId,operationTypeId,operationDate,amount,unit) values (51,26,1,TO_DATE('10/07/2019','DD/MM/YYYY'),6,'m3');

INSERT INTO Operation(operationId,cropId,operationTypeId,operationDate,amount,unit) values (52,12,1,TO_DATE('10/08/2019','DD/MM/YYYY'),1,'m3');

INSERT INTO Operation(operationId,cropId,operationTypeId,operationDate,amount,unit) values (53,11,1,TO_DATE('10/08/2019','DD/MM/YYYY'),1.5,'m3');

INSERT INTO Operation(operationId,cropId,operationTypeId,operationDate,amount,unit) values (54,22,1,TO_DATE('10/08/2019','DD/MM/YYYY'),4.5,'m3');

INSERT INTO Operation(operationId,cropId,operationTypeId,operationDate,amount,unit) values (55,27,1,TO_DATE('11/08/2019','DD/MM/YYYY'),7,'m3');

INSERT INTO Operation(operationId,cropId,operationTypeId,operationDate,amount,unit) values (56,11,4,TO_DATE('15/11/2019','DD/MM/YYYY'),30,'un');

INSERT INTO Operation(operationId,cropId,operationTypeId,operationDate,amount,unit) values (57,12,4,TO_DATE('15/11/2019','DD/MM/YYYY'),20,'un');

INSERT INTO Operation(operationId,cropId,operationTypeId,operationDate,amount,unit) values (58,26,4,TO_DATE('16/12/2019','DD/MM/YYYY'),500,'un');

INSERT INTO Operation(operationId,cropId,operationTypeId,operationDate,amount,unit) values (59,27,4,TO_DATE('18/12/2019','DD/MM/YYYY'),700,'un');

INSERT INTO Operation(operationId,cropId,operationTypeId,operationDate,amount,unit) values (60,26,5,TO_DATE('20/01/2020','DD/MM/YYYY'),2,'kg');

INSERT INTO Operation(operationId,cropId,operationTypeId,operationDate,amount,unit) values (61,27,5,TO_DATE('20/01/2020','DD/MM/YYYY'),2.5,'kg');

INSERT INTO Operation(operationId,cropId,operationTypeId,operationDate,amount,unit) values (62,13,6,TO_DATE('12/03/2020','DD/MM/YYYY'),0.9,'kg');

INSERT INTO Operation(operationId,cropId,operationTypeId,operationDate,amount,unit) values (63,5,6,TO_DATE('05/04/2020','DD/MM/YYYY'),1.2,'ha');

INSERT INTO Operation(operationId,cropId,operationTypeId,operationDate,amount,unit) values (64,13,7,TO_DATE('05/05/2020','DD/MM/YYYY'),2200,'kg');

INSERT INTO Operation(operationId,cropId,operationTypeId,operationDate,amount,unit) values (65,13,7,TO_DATE('15/05/2020','DD/MM/YYYY'),1400,'kg');

INSERT INTO Operation(operationId,cropId,operationTypeId,operationDate,amount,unit) values (66,14,6,TO_DATE('02/06/2020','DD/MM/YYYY'),0.6,'kg');

INSERT INTO Operation(operationId,cropId,operationTypeId,operationDate,amount,unit) values (67,12,2,TO_DATE('03/07/2020','DD/MM/YYYY'),1,'m3');

INSERT INTO Operation(operationId,cropId,operationTypeId,operationDate,amount,unit) values (68,11,2,TO_DATE('03/07/2020','DD/MM/YYYY'),1.5,'m3');

INSERT INTO Operation(operationId,cropId,operationTypeId,operationDate,amount,unit) values (69,26,2,TO_DATE('10/07/2020','DD/MM/YYYY'),6,'m3');

INSERT INTO Operation(operationId,cropId,operationTypeId,operationDate,amount,unit) values (70,5,2,TO_DATE('12/07/2020','DD/MM/YYYY'),15,'m3');

INSERT INTO Operation(operationId,cropId,operationTypeId,operationDate,amount,unit) values (71,14,2,TO_DATE('15/07/2020','DD/MM/YYYY'),2.5,'m3');

INSERT INTO Operation(operationId,cropId,operationTypeId,operationDate,amount,unit) values (72,5,2,TO_DATE('28/07/2020','DD/MM/YYYY'),15,'m3');

INSERT INTO Operation(operationId,cropId,operationTypeId,operationDate,amount,unit) values (73,12,2,TO_DATE('10/08/2020','DD/MM/YYYY'),1,'m3');

INSERT INTO Operation(operationId,cropId,operationTypeId,operationDate,amount,unit) values (74,11,2,TO_DATE('10/08/2020','DD/MM/YYYY'),1.5,'m3');

INSERT INTO Operation(operationId,cropId,operationTypeId,operationDate,amount,unit) values (75,5,2,TO_DATE('10/08/2020','DD/MM/YYYY'),15,'m3');

INSERT INTO Operation(operationId,cropId,operationTypeId,operationDate,amount,unit) values (76,27,2,TO_DATE('11/08/2020','DD/MM/YYYY'),7,'m3');

INSERT INTO Operation(operationId,cropId,operationTypeId,operationDate,amount,unit) values (77,14,2,TO_DATE('12/08/2020','DD/MM/YYYY'),3.5,'m3');

INSERT INTO Operation(operationId,cropId,operationTypeId,operationDate,amount,unit) values (78,5,7,TO_DATE('20/08/2020','DD/MM/YYYY'),3300,'kg');

INSERT INTO Operation(operationId,cropId,operationTypeId,operationDate,amount,unit) values (79,14,7,TO_DATE('28/08/2020','DD/MM/YYYY'),600,'kg');

INSERT INTO Operation(operationId,cropId,operationTypeId,operationDate,amount,unit) values (80,14,7,TO_DATE('07/09/2020','DD/MM/YYYY'),1800,'kg');

INSERT INTO Operation(operationId,cropId,operationTypeId,operationDate,amount,unit) values (81,15,6,TO_DATE('20/09/2020','DD/MM/YYYY'),0.6,'kg');

INSERT INTO Operation(operationId,cropId,operationTypeId,operationDate,amount,unit) values (82,1,6,TO_DATE('10/10/2020','DD/MM/YYYY'),36,'kg');

INSERT INTO Operation(operationId,cropId,operationTypeId,operationDate,amount,unit) values (83,6,6,TO_DATE('12/10/2020','DD/MM/YYYY'),1.3,'ha');

INSERT INTO Operation(operationId,cropId,operationTypeId,operationDate,amount,unit) values (84,11,4,TO_DATE('10/11/2020','DD/MM/YYYY'),30,'un');

INSERT INTO Operation(operationId,cropId,operationTypeId,operationDate,amount,unit) values (85,12,4,TO_DATE('10/11/2020','DD/MM/YYYY'),20,'un');

INSERT INTO Operation(operationId,cropId,operationTypeId,operationDate,amount,unit) values (86,15,7,TO_DATE('15/11/2020','DD/MM/YYYY'),600,'kg');

INSERT INTO Operation(operationId,cropId,operationTypeId,operationDate,amount,unit) values (87,25,4,TO_DATE('05/12/2020','DD/MM/YYYY'),70,'un');

INSERT INTO Operation(operationId,cropId,operationTypeId,operationDate,amount,unit) values (88,22,4,TO_DATE('05/12/2020','DD/MM/YYYY'),50,'un');

INSERT INTO Operation(operationId,cropId,operationTypeId,operationDate,amount,unit) values (89,11,3,TO_DATE('10/12/2020','DD/MM/YYYY'),10,'kg');

INSERT INTO Operation(operationId,cropId,operationTypeId,operationDate,amount,unit) values (90,12,3,TO_DATE('10/12/2020','DD/MM/YYYY'),7,'kg');

INSERT INTO Operation(operationId,cropId,operationTypeId,operationDate,amount,unit) values (91,22,4,TO_DATE('15/12/2020','DD/MM/YYYY'),40,'un');

INSERT INTO Operation(operationId,cropId,operationTypeId,operationDate,amount,unit) values (92,23,4,TO_DATE('15/12/2020','DD/MM/YYYY'),60,'un');

INSERT INTO Operation(operationId,cropId,operationTypeId,operationDate,amount,unit) values (93,26,4,TO_DATE('16/12/2020','DD/MM/YYYY'),500,'un');

INSERT INTO Operation(operationId,cropId,operationTypeId,operationDate,amount,unit) values (94,15,7,TO_DATE('18/12/2020','DD/MM/YYYY'),2500,'kg');

INSERT INTO Operation(operationId,cropId,operationTypeId,operationDate,amount,unit) values (95,27,4,TO_DATE('18/12/2020','DD/MM/YYYY'),700,'un');

INSERT INTO Operation(operationId,cropId,operationTypeId,operationDate,amount,unit) values (96,15,7,TO_DATE('04/01/2021','DD/MM/YYYY'),2900,'kg');

INSERT INTO Operation(operationId,cropId,operationTypeId,operationDate,amount,unit) values (97,26,5,TO_DATE('20/01/2021','DD/MM/YYYY'),2,'kg');

INSERT INTO Operation(operationId,cropId,operationTypeId,operationDate,amount,unit) values (98,27,5,TO_DATE('20/01/2021','DD/MM/YYYY'),2.5,'kg');

INSERT INTO Operation(operationId,cropId,operationTypeId,operationDate,amount,unit) values (99,16,6,TO_DATE('10/03/2021','DD/MM/YYYY'),0.9,'kg');

INSERT INTO Operation(operationId,cropId,operationTypeId,operationDate,amount,unit) values (100,6,8,TO_DATE('14/03/2021','DD/MM/YYYY'),1.3,'ha');

INSERT INTO Operation(operationId,cropId,operationTypeId,operationDate,amount,unit) values (101,1,8,TO_DATE('30/03/2021','DD/MM/YYYY'),1.3,'ha');

INSERT INTO Operation(operationId,cropId,operationTypeId,operationDate,amount,unit) values (102,7,6,TO_DATE('03/04/2021','DD/MM/YYYY'),1.2,'ha');

INSERT INTO Operation(operationId,cropId,operationTypeId,operationDate,amount,unit) values (103,3,6,TO_DATE('15/04/2021','DD/MM/YYYY'),30,'kg');

INSERT INTO Operation(operationId,cropId,operationTypeId,operationDate,amount,unit) values (104,25,3,TO_DATE('02/05/2021','DD/MM/YYYY'),10,'kg');

INSERT INTO Operation(operationId,cropId,operationTypeId,operationDate,amount,unit) values (105,16,7,TO_DATE('05/05/2021','DD/MM/YYYY'),2200,'kg');

INSERT INTO Operation(operationId,cropId,operationTypeId,operationDate,amount,unit) values (106,16,7,TO_DATE('15/05/2021','DD/MM/YYYY'),1400,'kg');

INSERT INTO Operation(operationId,cropId,operationTypeId,operationDate,amount,unit) values (107,17,6,TO_DATE('02/06/2021','DD/MM/YYYY'),0.6,'kg');

INSERT INTO Operation(operationId,cropId,operationTypeId,operationDate,amount,unit) values (108,17,2,TO_DATE('20/06/2021','DD/MM/YYYY'),3,'m3');

INSERT INTO Operation(operationId,cropId,operationTypeId,operationDate,amount,unit) values (109,12,2,TO_DATE('03/07/2021','DD/MM/YYYY'),0.8,'m3');

INSERT INTO Operation(operationId,cropId,operationTypeId,operationDate,amount,unit) values (110,11,2,TO_DATE('03/07/2021','DD/MM/YYYY'),1.5,'m3');

INSERT INTO Operation(operationId,cropId,operationTypeId,operationDate,amount,unit) values (111,22,2,TO_DATE('05/07/2021','DD/MM/YYYY'),5,'m3');

INSERT INTO Operation(operationId,cropId,operationTypeId,operationDate,amount,unit) values (112,17,2,TO_DATE('07/07/2021','DD/MM/YYYY'),3,'m3');

INSERT INTO Operation(operationId,cropId,operationTypeId,operationDate,amount,unit) values (113,26,2,TO_DATE('10/07/2021','DD/MM/YYYY'),7,'m3');

INSERT INTO Operation(operationId,cropId,operationTypeId,operationDate,amount,unit) values (114,7,2,TO_DATE('12/07/2021','DD/MM/YYYY'),15,'m3');

INSERT INTO Operation(operationId,cropId,operationTypeId,operationDate,amount,unit) values (115,26,7,TO_DATE('15/07/2021','DD/MM/YYYY'),300,'kg');

INSERT INTO Operation(operationId,cropId,operationTypeId,operationDate,amount,unit) values (116,26,7,TO_DATE('20/07/2021','DD/MM/YYYY'),400,'kg');

INSERT INTO Operation(operationId,cropId,operationTypeId,operationDate,amount,unit) values (117,7,2,TO_DATE('24/07/2021','DD/MM/YYYY'),15,'m3');

INSERT INTO Operation(operationId,cropId,operationTypeId,operationDate,amount,unit) values (118,23,2,TO_DATE('30/07/2021','DD/MM/YYYY'),5.5,'m3');

INSERT INTO Operation(operationId,cropId,operationTypeId,operationDate,amount,unit) values (119,17,2,TO_DATE('30/07/2021','DD/MM/YYYY'),3.5,'m3');

INSERT INTO Operation(operationId,cropId,operationTypeId,operationDate,amount,unit) values (120,7,2,TO_DATE('07/08/2021','DD/MM/YYYY'),15,'m3');

INSERT INTO Operation(operationId,cropId,operationTypeId,operationDate,amount,unit) values (121,12,2,TO_DATE('10/08/2021','DD/MM/YYYY'),0.8,'m3');

INSERT INTO Operation(operationId,cropId,operationTypeId,operationDate,amount,unit) values (122,11,2,TO_DATE('10/08/2021','DD/MM/YYYY'),1.5,'m3');

INSERT INTO Operation(operationId,cropId,operationTypeId,operationDate,amount,unit) values (123,2,7,TO_DATE('12/08/2021','DD/MM/YYYY'),3300,'kg');

INSERT INTO Operation(operationId,cropId,operationTypeId,operationDate,amount,unit) values (124,17,2,TO_DATE('17/08/2021','DD/MM/YYYY'),3,'m3');

INSERT INTO Operation(operationId,cropId,operationTypeId,operationDate,amount,unit) values (125,24,7,TO_DATE('24/08/2021','DD/MM/YYYY'),900,'kg');

INSERT INTO Operation(operationId,cropId,operationTypeId,operationDate,amount,unit) values (126,7,7,TO_DATE('25/08/2021','DD/MM/YYYY'),3300,'kg');

INSERT INTO Operation(operationId,cropId,operationTypeId,operationDate,amount,unit) values (127,17,7,TO_DATE('28/08/2021','DD/MM/YYYY'),600,'kg');

INSERT INTO Operation(operationId,cropId,operationTypeId,operationDate,amount,unit) values (128,25,7,TO_DATE('05/09/2021','DD/MM/YYYY'),800,'kg');

INSERT INTO Operation(operationId,cropId,operationTypeId,operationDate,amount,unit) values (129,17,7,TO_DATE('07/09/2021','DD/MM/YYYY'),1800,'kg');

INSERT INTO Operation(operationId,cropId,operationTypeId,operationDate,amount,unit) values (130,22,7,TO_DATE('12/09/2021','DD/MM/YYYY'),800,'kg');

INSERT INTO Operation(operationId,cropId,operationTypeId,operationDate,amount,unit) values (131,18,6,TO_DATE('20/09/2021','DD/MM/YYYY'),0.6,'kg');

INSERT INTO Operation(operationId,cropId,operationTypeId,operationDate,amount,unit) values (132,22,7,TO_DATE('23/09/2021','DD/MM/YYYY'),1200,'kg');

INSERT INTO Operation(operationId,cropId,operationTypeId,operationDate,amount,unit) values (133,9,6,TO_DATE('06/10/2021','DD/MM/YYYY'),1.3,'ha');

INSERT INTO Operation(operationId,cropId,operationTypeId,operationDate,amount,unit) values (134,23,7,TO_DATE('12/10/2021','DD/MM/YYYY'),950,'kg');

INSERT INTO Operation(operationId,cropId,operationTypeId,operationDate,amount,unit) values (135,23,7,TO_DATE('03/11/2021','DD/MM/YYYY'),750,'kg');

INSERT INTO Operation(operationId,cropId,operationTypeId,operationDate,amount,unit) values (136,11,7,TO_DATE('10/11/2021','DD/MM/YYYY'),210,'kg');

INSERT INTO Operation(operationId,cropId,operationTypeId,operationDate,amount,unit) values (137,12,7,TO_DATE('10/11/2021','DD/MM/YYYY'),120,'kg');

INSERT INTO Operation(operationId,cropId,operationTypeId,operationDate,amount,unit) values (138,9,7,TO_DATE('15/11/2021','DD/MM/YYYY'),600,'kg');

INSERT INTO Operation(operationId,cropId,operationTypeId,operationDate,amount,unit) values (139,11,4,TO_DATE('17/11/2021','DD/MM/YYYY'),30,'un');

INSERT INTO Operation(operationId,cropId,operationTypeId,operationDate,amount,unit) values (140,12,4,TO_DATE('17/11/2021','DD/MM/YYYY'),20,'un');

INSERT INTO Operation(operationId,cropId,operationTypeId,operationDate,amount,unit) values (141,24,4,TO_DATE('28/11/2021','DD/MM/YYYY'),70,'un');

INSERT INTO Operation(operationId,cropId,operationTypeId,operationDate,amount,unit) values (142,22,4,TO_DATE('03/12/2021','DD/MM/YYYY'),90,'un');

INSERT INTO Operation(operationId,cropId,operationTypeId,operationDate,amount,unit) values (143,26,4,TO_DATE('16/12/2021','DD/MM/YYYY'),500,'un');

INSERT INTO Operation(operationId,cropId,operationTypeId,operationDate,amount,unit) values (144,23,4,TO_DATE('18/12/2021','DD/MM/YYYY'),60,'un');

INSERT INTO Operation(operationId,cropId,operationTypeId,operationDate,amount,unit) values (145,9,7,TO_DATE('18/12/2021','DD/MM/YYYY'),2500,'kg');

INSERT INTO Operation(operationId,cropId,operationTypeId,operationDate,amount,unit) values (146,27,4,TO_DATE('18/12/2021','DD/MM/YYYY'),700,'un');

INSERT INTO Operation(operationId,cropId,operationTypeId,operationDate,amount,unit) values (147,9,7,TO_DATE('04/01/2022','DD/MM/YYYY'),2900,'kg');

INSERT INTO Operation(operationId,cropId,operationTypeId,operationDate,amount,unit) values (148,26,5,TO_DATE('20/01/2022','DD/MM/YYYY'),3,'kg');

INSERT INTO Operation(operationId,cropId,operationTypeId,operationDate,amount,unit) values (149,27,5,TO_DATE('20/01/2022','DD/MM/YYYY'),3.5,'kg');

INSERT INTO Operation(operationId,cropId,operationTypeId,operationDate,amount,unit) values (150,19,6,TO_DATE('06/03/2022','DD/MM/YYYY'),0.9,'kg');

INSERT INTO Operation(operationId,cropId,operationTypeId,operationDate,amount,unit) values (151,8,8,TO_DATE('19/03/2022','DD/MM/YYYY'),1.3,'ha');

INSERT INTO Operation(operationId,cropId,operationTypeId,operationDate,amount,unit) values (152,3,8,TO_DATE('05/04/2022','DD/MM/YYYY'),1.3,'ha');

INSERT INTO Operation(operationId,cropId,operationTypeId,operationDate,amount,unit) values (153,9,6,TO_DATE('08/04/2022','DD/MM/YYYY'),1.2,'ha');

INSERT INTO Operation(operationId,cropId,operationTypeId,operationDate,amount,unit) values (154,4,6,TO_DATE('15/04/2022','DD/MM/YYYY'),30,'kg');

INSERT INTO Operation(operationId,cropId,operationTypeId,operationDate,amount,unit) values (155,19,7,TO_DATE('05/05/2022','DD/MM/YYYY'),2250,'kg');

INSERT INTO Operation(operationId,cropId,operationTypeId,operationDate,amount,unit) values (156,24,3,TO_DATE('13/05/2022','DD/MM/YYYY'),10,'kg');

INSERT INTO Operation(operationId,cropId,operationTypeId,operationDate,amount,unit) values (157,19,7,TO_DATE('15/05/2022','DD/MM/YYYY'),1300,'kg');

INSERT INTO Operation(operationId,cropId,operationTypeId,operationDate,amount,unit) values (158,20,6,TO_DATE('30/05/2022','DD/MM/YYYY'),0.6,'kg');

INSERT INTO Operation(operationId,cropId,operationTypeId,operationDate,amount,unit) values (159,23,2,TO_DATE('05/06/2022','DD/MM/YYYY'),3,'m3');

INSERT INTO Operation(operationId,cropId,operationTypeId,operationDate,amount,unit) values (160,20,2,TO_DATE('30/06/2022','DD/MM/YYYY'),3,'m3');

INSERT INTO Operation(operationId,cropId,operationTypeId,operationDate,amount,unit) values (161,22,2,TO_DATE('02/07/2022','DD/MM/YYYY'),5.5,'m3');

INSERT INTO Operation(operationId,cropId,operationTypeId,operationDate,amount,unit) values (162,12,2,TO_DATE('03/07/2022','DD/MM/YYYY'),0.8,'m3');

INSERT INTO Operation(operationId,cropId,operationTypeId,operationDate,amount,unit) values (163,11,2,TO_DATE('03/07/2022','DD/MM/YYYY'),1.5,'m3');

INSERT INTO Operation(operationId,cropId,operationTypeId,operationDate,amount,unit) values (164,27,2,TO_DATE('10/07/2022','DD/MM/YYYY'),5,'m3');

INSERT INTO Operation(operationId,cropId,operationTypeId,operationDate,amount,unit) values (165,9,2,TO_DATE('12/07/2022','DD/MM/YYYY'),15,'m3');

INSERT INTO Operation(operationId,cropId,operationTypeId,operationDate,amount,unit) values (166,20,2,TO_DATE('15/07/2022','DD/MM/YYYY'),3,'m3');

INSERT INTO Operation(operationId,cropId,operationTypeId,operationDate,amount,unit) values (167,26,7,TO_DATE('15/07/2022','DD/MM/YYYY'),600,'kg');

INSERT INTO Operation(operationId,cropId,operationTypeId,operationDate,amount,unit) values (168,26,7,TO_DATE('20/07/2022','DD/MM/YYYY'),500,'kg');

INSERT INTO Operation(operationId,cropId,operationTypeId,operationDate,amount,unit) values (169,9,2,TO_DATE('24/07/2022','DD/MM/YYYY'),15,'m3');

INSERT INTO Operation(operationId,cropId,operationTypeId,operationDate,amount,unit) values (170,25,2,TO_DATE('30/07/2022','DD/MM/YYYY'),5,'m3');

INSERT INTO Operation(operationId,cropId,operationTypeId,operationDate,amount,unit) values (171,20,2,TO_DATE('30/07/2022','DD/MM/YYYY'),2.5,'m3');

INSERT INTO Operation(operationId,cropId,operationTypeId,operationDate,amount,unit) values (172,9,2,TO_DATE('07/08/2022','DD/MM/YYYY'),15,'m3');

INSERT INTO Operation(operationId,cropId,operationTypeId,operationDate,amount,unit) values (173,12,2,TO_DATE('10/08/2022','DD/MM/YYYY'),0.8,'m3');

INSERT INTO Operation(operationId,cropId,operationTypeId,operationDate,amount,unit) values (174,11,2,TO_DATE('10/08/2022','DD/MM/YYYY'),1.5,'m3');

INSERT INTO Operation(operationId,cropId,operationTypeId,operationDate,amount,unit) values (175,27,7,TO_DATE('12/08/2022','DD/MM/YYYY'),1200,'kg');

INSERT INTO Operation(operationId,cropId,operationTypeId,operationDate,amount,unit) values (176,7,7,TO_DATE('12/08/2022','DD/MM/YYYY'),600,'kg');

INSERT INTO Operation(operationId,cropId,operationTypeId,operationDate,amount,unit) values (177,4,7,TO_DATE('17/08/2022','DD/MM/YYYY'),3500,'kg');

INSERT INTO Operation(operationId,cropId,operationTypeId,operationDate,amount,unit) values (178,20,2,TO_DATE('17/08/2022','DD/MM/YYYY'),3,'m3');

INSERT INTO Operation(operationId,cropId,operationTypeId,operationDate,amount,unit) values (179,9,7,TO_DATE('18/08/2022','DD/MM/YYYY'),3300,'kg');

INSERT INTO Operation(operationId,cropId,operationTypeId,operationDate,amount,unit) values (180,24,7,TO_DATE('20/08/2022','DD/MM/YYYY'),950,'kg');

INSERT INTO Operation(operationId,cropId,operationTypeId,operationDate,amount,unit) values (181,20,7,TO_DATE('24/08/2022','DD/MM/YYYY'),650,'kg');

INSERT INTO Operation(operationId,cropId,operationTypeId,operationDate,amount,unit) values (182,20,7,TO_DATE('05/09/2022','DD/MM/YYYY'),1900,'kg');

INSERT INTO Operation(operationId,cropId,operationTypeId,operationDate,amount,unit) values (183,25,7,TO_DATE('07/09/2022','DD/MM/YYYY'),830,'kg');

INSERT INTO Operation(operationId,cropId,operationTypeId,operationDate,amount,unit) values (184,22,7,TO_DATE('11/09/2022','DD/MM/YYYY'),750,'kg');

INSERT INTO Operation(operationId,cropId,operationTypeId,operationDate,amount,unit) values (185,22,7,TO_DATE('20/09/2022','DD/MM/YYYY'),1150,'kg');

INSERT INTO Operation(operationId,cropId,operationTypeId,operationDate,amount,unit) values (186,21,6,TO_DATE('20/09/2022','DD/MM/YYYY'),0.6,'kg');

INSERT INTO Operation(operationId,cropId,operationTypeId,operationDate,amount,unit) values (187,10,6,TO_DATE('12/10/2022','DD/MM/YYYY'),1.3,'ha');

INSERT INTO Operation(operationId,cropId,operationTypeId,operationDate,amount,unit) values (188,23,7,TO_DATE('17/10/2022','DD/MM/YYYY'),850,'kg');

INSERT INTO Operation(operationId,cropId,operationTypeId,operationDate,amount,unit) values (189,23,7,TO_DATE('06/11/2022','DD/MM/YYYY'),900,'kg');

INSERT INTO Operation(operationId,cropId,operationTypeId,operationDate,amount,unit) values (190,11,4,TO_DATE('10/11/2022','DD/MM/YYYY'),30,'un');

INSERT INTO Operation(operationId,cropId,operationTypeId,operationDate,amount,unit) values (191,12,4,TO_DATE('10/11/2022','DD/MM/YYYY'),20,'un');

INSERT INTO Operation(operationId,cropId,operationTypeId,operationDate,amount,unit) values (192,11,7,TO_DATE('12/11/2022','DD/MM/YYYY'),300,'kg');

INSERT INTO Operation(operationId,cropId,operationTypeId,operationDate,amount,unit) values (193,12,7,TO_DATE('12/11/2022','DD/MM/YYYY'),200,'kg');

INSERT INTO Operation(operationId,cropId,operationTypeId,operationDate,amount,unit) values (194,21,7,TO_DATE('15/11/2022','DD/MM/YYYY'),50,'kg');

INSERT INTO Operation(operationId,cropId,operationTypeId,operationDate,amount,unit) values (195,25,4,TO_DATE('04/12/2022','DD/MM/YYYY'),70,'un');

INSERT INTO Operation(operationId,cropId,operationTypeId,operationDate,amount,unit) values (196,22,4,TO_DATE('07/12/2022','DD/MM/YYYY'),90,'un');

INSERT INTO Operation(operationId,cropId,operationTypeId,operationDate,amount,unit) values (197,11,3,TO_DATE('11/12/2022','DD/MM/YYYY'),15,'kg');

INSERT INTO Operation(operationId,cropId,operationTypeId,operationDate,amount,unit) values (198,12,3,TO_DATE('11/12/2022','DD/MM/YYYY'),10,'kg');

INSERT INTO Operation(operationId,cropId,operationTypeId,operationDate,amount,unit) values (199,26,4,TO_DATE('16/12/2022','DD/MM/YYYY'),500,'un');

INSERT INTO Operation(operationId,cropId,operationTypeId,operationDate,amount,unit) values (200,21,7,TO_DATE('18/12/2022','DD/MM/YYYY'),200,'kg');

INSERT INTO Operation(operationId,cropId,operationTypeId,operationDate,amount,unit) values (201,27,4,TO_DATE('18/12/2022','DD/MM/YYYY'),700,'un');

INSERT INTO Operation(operationId,cropId,operationTypeId,operationDate,amount,unit) values (202,23,4,TO_DATE('12/01/2023','DD/MM/YYYY'),60,'un');

INSERT INTO Operation(operationId,cropId,operationTypeId,operationDate,amount,unit) values (203,21,7,TO_DATE('14/01/2023','DD/MM/YYYY'),250,'kg');

INSERT INTO Operation(operationId,cropId,operationTypeId,operationDate,amount,unit) values (204,26,5,TO_DATE('20/01/2023','DD/MM/YYYY'),4,'kg');

INSERT INTO Operation(operationId,cropId,operationTypeId,operationDate,amount,unit) values (205,27,5,TO_DATE('20/01/2023','DD/MM/YYYY'),5,'kg');

INSERT INTO Operation(operationId,cropId,operationTypeId,operationDate,amount,unit) values (206,10,8,TO_DATE('20/03/2023','DD/MM/YYYY'),1.3,'ha');

INSERT INTO Operation(operationId,cropId,operationTypeId,operationDate,amount,unit) values (207,31,2,TO_DATE('14/05/2023','DD/MM/YYYY'),120,'min');

INSERT INTO Operation(operationId,cropId,operationTypeId,operationDate,amount,unit) values (208,32,2,TO_DATE('01/06/2023','DD/MM/YYYY'),120,'min');

INSERT INTO Operation(operationId,cropId,operationTypeId,operationDate,amount,unit) values (209,33,2,TO_DATE('15/06/2023','DD/MM/YYYY'),120,'min');

INSERT INTO Operation(operationId,cropId,operationTypeId,operationDate,amount,unit) values (210,31,2,TO_DATE('30/06/2023','DD/MM/YYYY'),120,'min');

INSERT INTO Operation(operationId,cropId,operationTypeId,operationDate,amount,unit) values (211,32,2,TO_DATE('07/07/2023','DD/MM/YYYY'),180,'min');

INSERT INTO Operation(operationId,cropId,operationTypeId,operationDate,amount,unit) values (212,33,2,TO_DATE('14/07/2023','DD/MM/YYYY'),180,'min');

INSERT INTO Operation(operationId,cropId,operationTypeId,operationDate,amount,unit) values (213,31,2,TO_DATE('21/07/2023','DD/MM/YYYY'),180,'min');

INSERT INTO Operation(operationId,cropId,operationTypeId,operationDate,amount,unit) values (214,32,2,TO_DATE('28/07/2023','DD/MM/YYYY'),180,'min');

INSERT INTO Operation(operationId,cropId,operationTypeId,operationDate,amount,unit) values (215,33,2,TO_DATE('04/08/2023','DD/MM/YYYY'),150,'min');

INSERT INTO Operation(operationId,cropId,operationTypeId,operationDate,amount,unit) values (216,31,2,TO_DATE('11/08/2023','DD/MM/YYYY'),150,'min');

INSERT INTO Operation(operationId,cropId,operationTypeId,operationDate,amount,unit) values (217,32,2,TO_DATE('18/08/2023','DD/MM/YYYY'),150,'min');

INSERT INTO Operation(operationId,cropId,operationTypeId,operationDate,amount,unit) values (218,33,2,TO_DATE('25/08/2023','DD/MM/YYYY'),120,'min');

INSERT INTO Operation(operationId,cropId,operationTypeId,operationDate,amount,unit) values (219,31,2,TO_DATE('01/09/2023','DD/MM/YYYY'),120,'min');

INSERT INTO Operation(operationId,cropId,operationTypeId,operationDate,amount,unit) values (220,32,2,TO_DATE('08/09/2023','DD/MM/YYYY'),120,'min');

INSERT INTO Operation(operationId,cropId,operationTypeId,operationDate,amount,unit) values (221,33,2,TO_DATE('15/09/2023','DD/MM/YYYY'),120,'min');

INSERT INTO Operation(operationId,cropId,operationTypeId,operationDate,amount,unit) values (222,24,7,TO_DATE('18/08/2023','DD/MM/YYYY'),700,'kg');

INSERT INTO Operation(operationId,cropId,operationTypeId,operationDate,amount,unit) values (223,25,7,TO_DATE('30/08/2023','DD/MM/YYYY'),900,'kg');

INSERT INTO Operation(operationId,cropId,operationTypeId,operationDate,amount,unit) values (224,22,7,TO_DATE('05/09/2023','DD/MM/YYYY'),900,'kg');

INSERT INTO Operation(operationId,cropId,operationTypeId,operationDate,amount,unit) values (225,22,7,TO_DATE('08/09/2023','DD/MM/YYYY'),1050,'kg');

INSERT INTO Operation(operationId,cropId,operationTypeId,operationDate,amount,unit) values (226,23,7,TO_DATE('28/09/2023','DD/MM/YYYY'),950,'kg');

INSERT INTO Operation(operationId,cropId,operationTypeId,operationDate,amount,unit) values (227,23,7,TO_DATE('03/10/2023','DD/MM/YYYY'),800,'kg');

INSERT INTO Operation(operationId,cropId,operationTypeId,operationDate,amount,unit) values (228,14,7,TO_DATE('04/01/2019','DD/MM/YYYY'),3200,'kg');

INSERT INTO Operation(operationId,cropId,operationTypeId,operationDate,amount,unit) values (229,36,3,TO_DATE('09/01/2019','DD/MM/YYYY'),50,'un');

INSERT INTO Operation(operationId,cropId,operationTypeId,operationDate,amount,unit) values (230,37,1,TO_DATE('09/01/2019','DD/MM/YYYY'),20,'un');

INSERT INTO Operation(operationId,cropId,operationTypeId,operationDate,amount,unit) values (231,35,1,TO_DATE('10/01/2019','DD/MM/YYYY'),40,'un');

INSERT INTO Operation(operationId,cropId,operationTypeId,operationDate,amount,unit) values (232,38,1,TO_DATE('10/01/2019','DD/MM/YYYY'),30,'un');

INSERT INTO Operation(operationId,cropId,operationTypeId,operationDate,amount,unit) values (233,39,1,TO_DATE('11/01/2019','DD/MM/YYYY'),40,'un');

INSERT INTO Operation(operationId,cropId,operationTypeId,operationDate,amount,unit) values (234,40,1,TO_DATE('11/01/2019','DD/MM/YYYY'),50,'un');

INSERT INTO Operation(operationId,cropId,operationTypeId,operationDate,amount,unit) values (235,36,3,TO_DATE('06/01/2020','DD/MM/YYYY'),100,'kg');

INSERT INTO Operation(operationId,cropId,operationTypeId,operationDate,amount,unit) values (236,37,3,TO_DATE('06/01/2020','DD/MM/YYYY'),40,'kg');

INSERT INTO Operation(operationId,cropId,operationTypeId,operationDate,amount,unit) values (237,35,3,TO_DATE('06/01/2020','DD/MM/YYYY'),80,'kg');

INSERT INTO Operation(operationId,cropId,operationTypeId,operationDate,amount,unit) values (238,38,3,TO_DATE('06/01/2020','DD/MM/YYYY'),60,'kg');

INSERT INTO Operation(operationId,cropId,operationTypeId,operationDate,amount,unit) values (239,39,3,TO_DATE('07/01/2020','DD/MM/YYYY'),80,'kg');

INSERT INTO Operation(operationId,cropId,operationTypeId,operationDate,amount,unit) values (240,40,3,TO_DATE('07/01/2020','DD/MM/YYYY'),100,'kg');

INSERT INTO Operation(operationId,cropId,operationTypeId,operationDate,amount,unit) values (241,36,3,TO_DATE('07/01/2021','DD/MM/YYYY'),150,'kg');

INSERT INTO Operation(operationId,cropId,operationTypeId,operationDate,amount,unit) values (242,37,3,TO_DATE('07/01/2021','DD/MM/YYYY'),60,'kg');

INSERT INTO Operation(operationId,cropId,operationTypeId,operationDate,amount,unit) values (243,35,3,TO_DATE('08/01/2021','DD/MM/YYYY'),120,'kg');

INSERT INTO Operation(operationId,cropId,operationTypeId,operationDate,amount,unit) values (244,38,3,TO_DATE('07/01/2021','DD/MM/YYYY'),90,'kg');

INSERT INTO Operation(operationId,cropId,operationTypeId,operationDate,amount,unit) values (245,39,3,TO_DATE('07/01/2021','DD/MM/YYYY'),120,'kg');

INSERT INTO Operation(operationId,cropId,operationTypeId,operationDate,amount,unit) values (246,40,3,TO_DATE('08/01/2021','DD/MM/YYYY'),150,'kg');

INSERT INTO Operation(operationId,cropId,operationTypeId,operationDate,amount,unit) values (247,36,3,TO_DATE('15/01/2022','DD/MM/YYYY'),150,'kg');

INSERT INTO Operation(operationId,cropId,operationTypeId,operationDate,amount,unit) values (248,37,3,TO_DATE('15/01/2022','DD/MM/YYYY'),60,'kg');

INSERT INTO Operation(operationId,cropId,operationTypeId,operationDate,amount,unit) values (249,35,3,TO_DATE('15/01/2022','DD/MM/YYYY'),120,'kg');

INSERT INTO Operation(operationId,cropId,operationTypeId,operationDate,amount,unit) values (250,38,3,TO_DATE('16/01/2022','DD/MM/YYYY'),90,'kg');

INSERT INTO Operation(operationId,cropId,operationTypeId,operationDate,amount,unit) values (251,39,3,TO_DATE('16/01/2022','DD/MM/YYYY'),120,'kg');

INSERT INTO Operation(operationId,cropId,operationTypeId,operationDate,amount,unit) values (252,40,3,TO_DATE('16/01/2022','DD/MM/YYYY'),150,'kg');

INSERT INTO Operation(operationId,cropId,operationTypeId,operationDate,amount,unit) values (253,36,3,TO_DATE('15/05/2023','DD/MM/YYYY'),5,'kg');

INSERT INTO Operation(operationId,cropId,operationTypeId,operationDate,amount,unit) values (254,37,3,TO_DATE('15/05/2023','DD/MM/YYYY'),2,'kg');

INSERT INTO Operation(operationId,cropId,operationTypeId,operationDate,amount,unit) values (255,35,3,TO_DATE('15/05/2023','DD/MM/YYYY'),4,'kg');

INSERT INTO Operation(operationId,cropId,operationTypeId,operationDate,amount,unit) values (256,38,3,TO_DATE('15/05/2023','DD/MM/YYYY'),3,'kg');

INSERT INTO Operation(operationId,cropId,operationTypeId,operationDate,amount,unit) values (257,39,3,TO_DATE('15/05/2023','DD/MM/YYYY'),4,'kg');

INSERT INTO Operation(operationId,cropId,operationTypeId,operationDate,amount,unit) values (258,40,3,TO_DATE('15/05/2023','DD/MM/YYYY'),5,'kg');

INSERT INTO Operation(operationId,cropId,operationTypeId,operationDate,amount,unit) values (259,38,7,TO_DATE('15/09/2023','DD/MM/YYYY'),700,'kg');

INSERT INTO Operation(operationId,cropId,operationTypeId,operationDate,amount,unit) values (260,39,7,TO_DATE('16/09/2023','DD/MM/YYYY'),600,'kg');

INSERT INTO Operation(operationId,cropId,operationTypeId,operationDate,amount,unit) values (261,39,7,TO_DATE('20/09/2023','DD/MM/YYYY'),700,'kg');

INSERT INTO Operation(operationId,cropId,operationTypeId,operationDate,amount,unit) values (262,35,7,TO_DATE('27/09/2023','DD/MM/YYYY'),600,'kg');

INSERT INTO Operation(operationId,cropId,operationTypeId,operationDate,amount,unit) values (263,35,7,TO_DATE('05/10/2023','DD/MM/YYYY'),700,'kg');

INSERT INTO Operation(operationId,cropId,operationTypeId,operationDate,amount,unit) values (264,40,7,TO_DATE('15/10/2023','DD/MM/YYYY'),1200,'kg');

INSERT INTO Operation(operationId,cropId,operationTypeId,operationDate,amount,unit) values (265,37,7,TO_DATE('15/10/2023','DD/MM/YYYY'),700,'kg');

INSERT INTO Operation(operationId,cropId,operationTypeId,operationDate,amount,unit) values (266,36,7,TO_DATE('12/11/2023','DD/MM/YYYY'),700,'kg');

INSERT INTO Operation(operationId,cropId,operationTypeId,operationDate,amount,unit) values (267,36,7,TO_DATE('15/11/2023','DD/MM/YYYY'),800,'kg');

INSERT INTO Operation(operationId,cropId,operationTypeId,operationDate,amount,unit) values (268,36,2,TO_DATE('13/05/2023','DD/MM/YYYY'),120,'min');

INSERT INTO Operation(operationId,cropId,operationTypeId,operationDate,amount,unit) values (269,37,2,TO_DATE('02/06/2023','DD/MM/YYYY'),120,'min');

INSERT INTO Operation(operationId,cropId,operationTypeId,operationDate,amount,unit) values (270,38,2,TO_DATE('16/06/2023','DD/MM/YYYY'),120,'min');

INSERT INTO Operation(operationId,cropId,operationTypeId,operationDate,amount,unit) values (271,39,2,TO_DATE('01/07/2023','DD/MM/YYYY'),120,'min');

INSERT INTO Operation(operationId,cropId,operationTypeId,operationDate,amount,unit) values (272,40,2,TO_DATE('08/07/2023','DD/MM/YYYY'),180,'min');

INSERT INTO Operation(operationId,cropId,operationTypeId,operationDate,amount,unit) values (273,36,2,TO_DATE('15/07/2023','DD/MM/YYYY'),180,'min');

INSERT INTO Operation(operationId,cropId,operationTypeId,operationDate,amount,unit) values (274,37,2,TO_DATE('22/07/2023','DD/MM/YYYY'),180,'min');

INSERT INTO Operation(operationId,cropId,operationTypeId,operationDate,amount,unit) values (275,38,2,TO_DATE('29/07/2023','DD/MM/YYYY'),180,'min');

INSERT INTO Operation(operationId,cropId,operationTypeId,operationDate,amount,unit) values (276,39,2,TO_DATE('05/08/2023','DD/MM/YYYY'),150,'min');

INSERT INTO Operation(operationId,cropId,operationTypeId,operationDate,amount,unit) values (277,40,2,TO_DATE('10/08/2023','DD/MM/YYYY'),150,'min');

INSERT INTO Operation(operationId,cropId,operationTypeId,operationDate,amount,unit) values (278,36,2,TO_DATE('17/08/2023','DD/MM/YYYY'),150,'min');

INSERT INTO Operation(operationId,cropId,operationTypeId,operationDate,amount,unit) values (279,37,2,TO_DATE('24/08/2023','DD/MM/YYYY'),120,'min');

INSERT INTO Operation(operationId,cropId,operationTypeId,operationDate,amount,unit) values (280,38,2,TO_DATE('02/09/2023','DD/MM/YYYY'),120,'min');

INSERT INTO Operation(operationId,cropId,operationTypeId,operationDate,amount,unit) values (281,39,2,TO_DATE('09/09/2023','DD/MM/YYYY'),120,'min');

INSERT INTO Operation(operationId,cropId,operationTypeId,operationDate,amount,unit) values (282,40,2,TO_DATE('18/09/2023','DD/MM/YYYY'),120,'min');

INSERT INTO Operation(operationId,cropId,operationTypeId,operationDate,amount,unit) values (283,30,1,TO_DATE('12/10/2016','DD/MM/YYYY'),40,'un');

INSERT INTO Operation(operationId,cropId,operationTypeId,operationDate,amount,unit) values (284,12,3,TO_DATE('13/01/2021','DD/MM/YYYY'),120,'kg');

INSERT INTO Operation(operationId,cropId,operationTypeId,operationDate,amount,unit) values (285,11,3,TO_DATE('12/01/2021','DD/MM/YYYY'),180,'kg');

INSERT INTO Operation(operationId,cropId,operationTypeId,operationDate,amount,unit) values (286,30,3,TO_DATE('12/01/2021','DD/MM/YYYY'),240,'kg');

INSERT INTO Operation(operationId,cropId,operationTypeId,operationDate,amount,unit) values (287,12,3,TO_DATE('12/01/2022','DD/MM/YYYY'),120,'kg');

INSERT INTO Operation(operationId,cropId,operationTypeId,operationDate,amount,unit) values (288,11,3,TO_DATE('12/01/2022','DD/MM/YYYY'),180,'kg');

INSERT INTO Operation(operationId,cropId,operationTypeId,operationDate,amount,unit) values (289,30,3,TO_DATE('13/01/2022','DD/MM/YYYY'),240,'kg');

INSERT INTO Operation(operationId,cropId,operationTypeId,operationDate,amount,unit) values (290,12,3,TO_DATE('12/01/2023','DD/MM/YYYY'),120,'kg');

INSERT INTO Operation(operationId,cropId,operationTypeId,operationDate,amount,unit) values (291,11,3,TO_DATE('12/01/2023','DD/MM/YYYY'),180,'kg');

INSERT INTO Operation(operationId,cropId,operationTypeId,operationDate,amount,unit) values (292,30,3,TO_DATE('12/01/2023','DD/MM/YYYY'),240,'kg');

INSERT INTO Operation(operationId,cropId,operationTypeId,operationDate,amount,unit) values (293,30,7,TO_DATE('02/11/2023','DD/MM/YYYY'),400,'kg');

INSERT INTO Operation(operationId,cropId,operationTypeId,operationDate,amount,unit) values (294,12,7,TO_DATE('05/11/2023','DD/MM/YYYY'),300,'kg');

INSERT INTO Operation(operationId,cropId,operationTypeId,operationDate,amount,unit) values (295,11,7,TO_DATE('08/11/2023','DD/MM/YYYY'),350,'kg');

INSERT INTO Operation(operationId,cropId,operationTypeId,operationDate,amount,unit) values (296,12,2,TO_DATE('02/06/2023','DD/MM/YYYY'),60,'min');

INSERT INTO Operation(operationId,cropId,operationTypeId,operationDate,amount,unit) values (297,11,2,TO_DATE('02/07/2023','DD/MM/YYYY'),120,'min');

INSERT INTO Operation(operationId,cropId,operationTypeId,operationDate,amount,unit) values (298,12,2,TO_DATE('02/08/2023','DD/MM/YYYY'),180,'min');

INSERT INTO Operation(operationId,cropId,operationTypeId,operationDate,amount,unit) values (299,11,2,TO_DATE('04/09/2023','DD/MM/YYYY'),120,'min');

INSERT INTO Operation(operationId,cropId,operationTypeId,operationDate,amount,unit) values (300,12,2,TO_DATE('02/10/2023','DD/MM/YYYY'),60,'min');

INSERT INTO Operation(operationId,cropId,operationTypeId,operationDate,amount,unit) values (301,41,3,TO_DATE('01/04/2023','DD/MM/YYYY'),500,'kg');

INSERT INTO Operation(operationId,cropId,operationTypeId,operationDate,amount,unit) values (302,41,11,TO_DATE('05/04/2023','DD/MM/YYYY'),1.2,'kg');

INSERT INTO Operation(operationId,cropId,operationTypeId,operationDate,amount,unit) values (303,43,11,TO_DATE('06/04/2023','DD/MM/YYYY'),1.5,'kg');

INSERT INTO Operation(operationId,cropId,operationTypeId,operationDate,amount,unit) values (304,41,9,TO_DATE('08/05/2023','DD/MM/YYYY'),0.5,'ha');

INSERT INTO Operation(operationId,cropId,operationTypeId,operationDate,amount,unit) values (305,43,9,TO_DATE('20/05/2023','DD/MM/YYYY'),0.6,'ha');

INSERT INTO Operation(operationId,cropId,operationTypeId,operationDate,amount,unit) values (306,41,7,TO_DATE('14/06/2023','DD/MM/YYYY'),1500,'kg');

INSERT INTO Operation(operationId,cropId,operationTypeId,operationDate,amount,unit) values (307,43,8,TO_DATE('20/06/2023','DD/MM/YYYY'),0.6,'ha');

INSERT INTO Operation(operationId,cropId,operationTypeId,operationDate,amount,unit) values (308,41,7,TO_DATE('28/06/2023','DD/MM/YYYY'),2500,'kg');

INSERT INTO Operation(operationId,cropId,operationTypeId,operationDate,amount,unit) values (309,42,3,TO_DATE('03/07/2023','DD/MM/YYYY'),1800,'kg');

INSERT INTO Operation(operationId,cropId,operationTypeId,operationDate,amount,unit) values (310,43,10,TO_DATE('04/07/2023','DD/MM/YYYY'),0.5,'ha');

INSERT INTO Operation(operationId,cropId,operationTypeId,operationDate,amount,unit) values (311,42,11,TO_DATE('05/07/2023','DD/MM/YYYY'),1.2,'kg');

INSERT INTO Operation(operationId,cropId,operationTypeId,operationDate,amount,unit) values (312,42,9,TO_DATE('08/08/2023','DD/MM/YYYY'),0.5,'ha');

INSERT INTO Operation(operationId,cropId,operationTypeId,operationDate,amount,unit) values (313,43,7,TO_DATE('15/09/2023','DD/MM/YYYY'),8000,'kg');

INSERT INTO Operation(operationId,cropId,operationTypeId,operationDate,amount,unit) values (314,43,7,TO_DATE('25/09/2023','DD/MM/YYYY'),5000,'kg');

INSERT INTO Operation(operationId,cropId,operationTypeId,operationDate,amount,unit) values (315,42,7,TO_DATE('18/09/2023','DD/MM/YYYY'),900,'kg');

INSERT INTO Operation(operationId,cropId,operationTypeId,operationDate,amount,unit) values (316,42,7,TO_DATE('22/09/2023','DD/MM/YYYY'),1500,'kg');

INSERT INTO Operation(operationId,cropId,operationTypeId,operationDate,amount,unit) values (317,42,7,TO_DATE('05/10/2023','DD/MM/YYYY'),1200,'kg');

INSERT INTO Operation(operationId,cropId,operationTypeId,operationDate,amount,unit) values (318,41,10,TO_DATE('10/10/2023','DD/MM/YYYY'),1.1,'ha');

INSERT INTO Operation(operationId,cropId,operationTypeId,operationDate,amount,unit) values (319,44,11,TO_DATE('12/10/2023','DD/MM/YYYY'),32,'kg');

INSERT INTO Operation(operationId,cropId,operationTypeId,operationDate,amount,unit) values (320,43,2,TO_DATE('12/06/2023','DD/MM/YYYY'),60,'min');

INSERT INTO Operation(operationId,cropId,operationTypeId,operationDate,amount,unit) values (321,43,2,TO_DATE('19/06/2023','DD/MM/YYYY'),60,'min');

INSERT INTO Operation(operationId,cropId,operationTypeId,operationDate,amount,unit) values (322,43,2,TO_DATE('30/06/2023','DD/MM/YYYY'),120,'min');

INSERT INTO Operation(operationId,cropId,operationTypeId,operationDate,amount,unit) values (323,43,2,TO_DATE('08/07/2023','DD/MM/YYYY'),120,'min');

INSERT INTO Operation(operationId,cropId,operationTypeId,operationDate,amount,unit) values (324,43,2,TO_DATE('15/07/2023','DD/MM/YYYY'),120,'min');

INSERT INTO Operation(operationId,cropId,operationTypeId,operationDate,amount,unit) values (325,43,2,TO_DATE('22/07/2023','DD/MM/YYYY'),150,'min');

INSERT INTO Operation(operationId,cropId,operationTypeId,operationDate,amount,unit) values (326,43,2,TO_DATE('29/07/2023','DD/MM/YYYY'),150,'min');

INSERT INTO Operation(operationId,cropId,operationTypeId,operationDate,amount,unit) values (327,43,2,TO_DATE('05/08/2023','DD/MM/YYYY'),120,'min');

INSERT INTO Operation(operationId,cropId,operationTypeId,operationDate,amount,unit) values (328,43,2,TO_DATE('12/08/2023','DD/MM/YYYY'),120,'min');

INSERT INTO Operation(operationId,cropId,operationTypeId,operationDate,amount,unit) values (329,43,2,TO_DATE('19/08/2023','DD/MM/YYYY'),120,'min');

INSERT INTO Operation(operationId,cropId,operationTypeId,operationDate,amount,unit) values (330,43,2,TO_DATE('26/08/2023','DD/MM/YYYY'),120,'min');

INSERT INTO Operation(operationId,cropId,operationTypeId,operationDate,amount,unit) values (331,43,2,TO_DATE('31/08/2023','DD/MM/YYYY'),120,'min');

INSERT INTO Operation(operationId,cropId,operationTypeId,operationDate,amount,unit) values (332,43,2,TO_DATE('05/09/2023','DD/MM/YYYY'),120,'min');

INSERT INTO Operation(operationId,cropId,operationTypeId,operationDate,amount,unit) values (333,41,2,TO_DATE('20/05/2023','DD/MM/YYYY'),120,'min');

INSERT INTO Operation(operationId,cropId,operationTypeId,operationDate,amount,unit) values (334,42,2,TO_DATE('02/06/2023','DD/MM/YYYY'),120,'min');

INSERT INTO Operation(operationId,cropId,operationTypeId,operationDate,amount,unit) values (335,41,2,TO_DATE('09/06/2023','DD/MM/YYYY'),120,'min');

INSERT INTO Operation(operationId,cropId,operationTypeId,operationDate,amount,unit) values (336,42,2,TO_DATE('09/07/2023','DD/MM/YYYY'),120,'min');

INSERT INTO Operation(operationId,cropId,operationTypeId,operationDate,amount,unit) values (337,41,2,TO_DATE('16/07/2023','DD/MM/YYYY'),120,'min');

INSERT INTO Operation(operationId,cropId,operationTypeId,operationDate,amount,unit) values (338,42,2,TO_DATE('23/07/2023','DD/MM/YYYY'),120,'min');

INSERT INTO Operation(operationId,cropId,operationTypeId,operationDate,amount,unit) values (339,41,2,TO_DATE('30/07/2023','DD/MM/YYYY'),120,'min');

INSERT INTO Operation(operationId,cropId,operationTypeId,operationDate,amount,unit) values (340,42,2,TO_DATE('07/08/2023','DD/MM/YYYY'),120,'min');

INSERT INTO Operation(operationId,cropId,operationTypeId,operationDate,amount,unit) values (341,41,2,TO_DATE('14/08/2023','DD/MM/YYYY'),120,'min');

INSERT INTO Operation(operationId,cropId,operationTypeId,operationDate,amount,unit) values (342,42,2,TO_DATE('21/08/2023','DD/MM/YYYY'),120,'min');

INSERT INTO Operation(operationId,cropId,operationTypeId,operationDate,amount,unit) values (343,41,2,TO_DATE('28/08/2023','DD/MM/YYYY'),120,'min');

INSERT INTO Operation(operationId,cropId,operationTypeId,operationDate,amount,unit) values (344,42,2,TO_DATE('06/09/2023','DD/MM/YYYY'),120,'min');

INSERT INTO Operation(operationId,cropId,operationTypeId,operationDate,amount,unit) values (345,41,2,TO_DATE('13/09/2023','DD/MM/YYYY'),120,'min');

INSERT INTO Operation(operationId,cropId,operationTypeId,operationDate,amount,unit) values (346,42,2,TO_DATE('20/09/2023','DD/MM/YYYY'),120,'min');

INSERT INTO PlotInSector(sectorId,plotId) values (10,102);

INSERT INTO PlotInSector(sectorId,plotId) values (11,102);

INSERT INTO PlotInSector(sectorId,plotId) values (21,104);

INSERT INTO PlotInSector(sectorId,plotId) values (21,105);

INSERT INTO PlotInSector(sectorId,plotId) values (22,105);

INSERT INTO PlotInSector(sectorId,plotId) values (41,108);

INSERT INTO PlotInSector(sectorId,plotId) values (42,108);

INSERT INTO SectorIrrigation(operationId,sectorId) values (207,21);

INSERT INTO SectorIrrigation(operationId,sectorId) values (208,21);

INSERT INTO SectorIrrigation(operationId,sectorId) values (209,21);

INSERT INTO SectorIrrigation(operationId,sectorId) values (210,21);

INSERT INTO SectorIrrigation(operationId,sectorId) values (211,21);

INSERT INTO SectorIrrigation(operationId,sectorId) values (212,21);

INSERT INTO SectorIrrigation(operationId,sectorId) values (213,21);

INSERT INTO SectorIrrigation(operationId,sectorId) values (214,21);

INSERT INTO SectorIrrigation(operationId,sectorId) values (215,21);

INSERT INTO SectorIrrigation(operationId,sectorId) values (216,21);

INSERT INTO SectorIrrigation(operationId,sectorId) values (217,21);

INSERT INTO SectorIrrigation(operationId,sectorId) values (218,21);

INSERT INTO SectorIrrigation(operationId,sectorId) values (219,21);

INSERT INTO SectorIrrigation(operationId,sectorId) values (220,21);

INSERT INTO SectorIrrigation(operationId,sectorId) values (221,21);

INSERT INTO SectorIrrigation(operationId,sectorId) values (268,22);

INSERT INTO SectorIrrigation(operationId,sectorId) values (269,22);

INSERT INTO SectorIrrigation(operationId,sectorId) values (270,22);

INSERT INTO SectorIrrigation(operationId,sectorId) values (271,22);

INSERT INTO SectorIrrigation(operationId,sectorId) values (272,22);

INSERT INTO SectorIrrigation(operationId,sectorId) values (273,22);

INSERT INTO SectorIrrigation(operationId,sectorId) values (274,22);

INSERT INTO SectorIrrigation(operationId,sectorId) values (275,22);

INSERT INTO SectorIrrigation(operationId,sectorId) values (276,22);

INSERT INTO SectorIrrigation(operationId,sectorId) values (277,22);

INSERT INTO SectorIrrigation(operationId,sectorId) values (278,22);

INSERT INTO SectorIrrigation(operationId,sectorId) values (279,22);

INSERT INTO SectorIrrigation(operationId,sectorId) values (280,22);

INSERT INTO SectorIrrigation(operationId,sectorId) values (281,22);

INSERT INTO SectorIrrigation(operationId,sectorId) values (282,22);

INSERT INTO SectorIrrigation(operationId,sectorId) values (296,10);

INSERT INTO SectorIrrigation(operationId,sectorId) values (297,10);

INSERT INTO SectorIrrigation(operationId,sectorId) values (298,10);

INSERT INTO SectorIrrigation(operationId,sectorId) values (299,10);

INSERT INTO SectorIrrigation(operationId,sectorId) values (300,10);

INSERT INTO SectorIrrigation(operationId,sectorId) values (320,42);

INSERT INTO SectorIrrigation(operationId,sectorId) values (321,42);

INSERT INTO SectorIrrigation(operationId,sectorId) values (322,42);

INSERT INTO SectorIrrigation(operationId,sectorId) values (323,42);

INSERT INTO SectorIrrigation(operationId,sectorId) values (324,42);

INSERT INTO SectorIrrigation(operationId,sectorId) values (325,42);

INSERT INTO SectorIrrigation(operationId,sectorId) values (326,42);

INSERT INTO SectorIrrigation(operationId,sectorId) values (327,42);

INSERT INTO SectorIrrigation(operationId,sectorId) values (328,42);

INSERT INTO SectorIrrigation(operationId,sectorId) values (329,42);

INSERT INTO SectorIrrigation(operationId,sectorId) values (330,42);

INSERT INTO SectorIrrigation(operationId,sectorId) values (331,42);

INSERT INTO SectorIrrigation(operationId,sectorId) values (332,42);

INSERT INTO SectorIrrigation(operationId,sectorId) values (333,41);

INSERT INTO SectorIrrigation(operationId,sectorId) values (334,41);

INSERT INTO SectorIrrigation(operationId,sectorId) values (335,41);

INSERT INTO SectorIrrigation(operationId,sectorId) values (336,41);

INSERT INTO SectorIrrigation(operationId,sectorId) values (337,41);

INSERT INTO SectorIrrigation(operationId,sectorId) values (338,41);

INSERT INTO SectorIrrigation(operationId,sectorId) values (339,41);

INSERT INTO SectorIrrigation(operationId,sectorId) values (340,41);

INSERT INTO SectorIrrigation(operationId,sectorId) values (341,41);

INSERT INTO SectorIrrigation(operationId,sectorId) values (342,41);

INSERT INTO SectorIrrigation(operationId,sectorId) values (343,41);

INSERT INTO SectorIrrigation(operationId,sectorId) values (344,41);

INSERT INTO SectorIrrigation(operationId,sectorId) values (345,41);

INSERT INTO SectorIrrigation(operationId,sectorId) values (346,41);

INSERT INTO Plantation(operationId,plantId) values (1,4);

INSERT INTO Plantation(operationId,plantId) values (2,5);

INSERT INTO Plantation(operationId,plantId) values (3,12);

INSERT INTO Plantation(operationId,plantId) values (4,13);

INSERT INTO Plantation(operationId,plantId) values (5,14);

INSERT INTO Plantation(operationId,plantId) values (20,15);

INSERT INTO Plantation(operationId,plantId) values (21,16);

INSERT INTO Plantation(operationId,plantId) values (37,14);

INSERT INTO Plantation(operationId,plantId) values (229,20);

INSERT INTO Plantation(operationId,plantId) values (230,21);

INSERT INTO Plantation(operationId,plantId) values (231,19);

INSERT INTO Plantation(operationId,plantId) values (232,22);

INSERT INTO Plantation(operationId,plantId) values (233,23);

INSERT INTO Plantation(operationId,plantId) values (234,24);

INSERT INTO Plantation(operationId,plantId) values (283,18);

INSERT INTO Plantation(operationId,plantId) values (306,17);

INSERT INTO Harvest(operationId,productId) values (64,6);

INSERT INTO Harvest(operationId,productId) values (65,6);

INSERT INTO Harvest(operationId,productId) values (78,3);

INSERT INTO Harvest(operationId,productId) values (79,7);

INSERT INTO Harvest(operationId,productId) values (80,7);

INSERT INTO Harvest(operationId,productId) values (86,8);

INSERT INTO Harvest(operationId,productId) values (94,8);

INSERT INTO Harvest(operationId,productId) values (96,8);

INSERT INTO Harvest(operationId,productId) values (105,9);

INSERT INTO Harvest(operationId,productId) values (106,9);

INSERT INTO Harvest(operationId,productId) values (115,15);

INSERT INTO Harvest(operationId,productId) values (116,15);

INSERT INTO Harvest(operationId,productId) values (123,2);

INSERT INTO Harvest(operationId,productId) values (125,14);

INSERT INTO Harvest(operationId,productId) values (126,3);

INSERT INTO Harvest(operationId,productId) values (127,10);

INSERT INTO Harvest(operationId,productId) values (128,14);

INSERT INTO Harvest(operationId,productId) values (129,10);

INSERT INTO Harvest(operationId,productId) values (130,12);

INSERT INTO Harvest(operationId,productId) values (132,12);

INSERT INTO Harvest(operationId,productId) values (134,13);

INSERT INTO Harvest(operationId,productId) values (135,13);

INSERT INTO Harvest(operationId,productId) values (136,4);

INSERT INTO Harvest(operationId,productId) values (137,5);

INSERT INTO Harvest(operationId,productId) values (138,8);

INSERT INTO Harvest(operationId,productId) values (145,8);

INSERT INTO Harvest(operationId,productId) values (147,8);

INSERT INTO Harvest(operationId,productId) values (155,9);

INSERT INTO Harvest(operationId,productId) values (157,9);

INSERT INTO Harvest(operationId,productId) values (167,15);

INSERT INTO Harvest(operationId,productId) values (168,15);

INSERT INTO Harvest(operationId,productId) values (175,16);

INSERT INTO Harvest(operationId,productId) values (176,16);

INSERT INTO Harvest(operationId,productId) values (177,2);

INSERT INTO Harvest(operationId,productId) values (179,3);

INSERT INTO Harvest(operationId,productId) values (180,14);

INSERT INTO Harvest(operationId,productId) values (181,7);

INSERT INTO Harvest(operationId,productId) values (182,7);

INSERT INTO Harvest(operationId,productId) values (183,14);

INSERT INTO Harvest(operationId,productId) values (184,12);

INSERT INTO Harvest(operationId,productId) values (185,12);

INSERT INTO Harvest(operationId,productId) values (188,13);

INSERT INTO Harvest(operationId,productId) values (189,13);

INSERT INTO Harvest(operationId,productId) values (192,4);

INSERT INTO Harvest(operationId,productId) values (193,5);

INSERT INTO Harvest(operationId,productId) values (194,11);

INSERT INTO Harvest(operationId,productId) values (200,11);

INSERT INTO Harvest(operationId,productId) values (203,11);

INSERT INTO Harvest(operationId,productId) values (222,14);

INSERT INTO Harvest(operationId,productId) values (223,14);

INSERT INTO Harvest(operationId,productId) values (224,12);

INSERT INTO Harvest(operationId,productId) values (225,12);

INSERT INTO Harvest(operationId,productId) values (226,13);

INSERT INTO Harvest(operationId,productId) values (227,13);

INSERT INTO Harvest(operationId,productId) values (259,22);

INSERT INTO Harvest(operationId,productId) values (260,23);

INSERT INTO Harvest(operationId,productId) values (261,23);

INSERT INTO Harvest(operationId,productId) values (262,19);

INSERT INTO Harvest(operationId,productId) values (263,19);

INSERT INTO Harvest(operationId,productId) values (264,24);

INSERT INTO Harvest(operationId,productId) values (265,21);

INSERT INTO Harvest(operationId,productId) values (266,20);

INSERT INTO Harvest(operationId,productId) values (267,20);

INSERT INTO Harvest(operationId,productId) values (293,18);

INSERT INTO Harvest(operationId,productId) values (294,5);

INSERT INTO Harvest(operationId,productId) values (295,4);

INSERT INTO Harvest(operationId,productId) values (305,9);

INSERT INTO Harvest(operationId,productId) values (307,9);

INSERT INTO Harvest(operationId,productId) values (313,17);

INSERT INTO Harvest(operationId,productId) values (314,17);

INSERT INTO Harvest(operationId,productId) values (315,10);

INSERT INTO Harvest(operationId,productId) values (316,10);

INSERT INTO Harvest(operationId,productId) values (317,10);

INSERT INTO ProductionFactorAppliance(operationId,productionFactorId) values (15,3);

INSERT INTO ProductionFactorAppliance(operationId,productionFactorId) values (16,3);

INSERT INTO ProductionFactorAppliance(operationId,productionFactorId) values (22,4);

INSERT INTO ProductionFactorAppliance(operationId,productionFactorId) values (23,4);

INSERT INTO ProductionFactorAppliance(operationId,productionFactorId) values (24,4);

INSERT INTO ProductionFactorAppliance(operationId,productionFactorId) values (43,1);

INSERT INTO ProductionFactorAppliance(operationId,productionFactorId) values (44,1);

INSERT INTO ProductionFactorAppliance(operationId,productionFactorId) values (45,4);

INSERT INTO ProductionFactorAppliance(operationId,productionFactorId) values (46,4);

INSERT INTO ProductionFactorAppliance(operationId,productionFactorId) values (47,4);

INSERT INTO ProductionFactorAppliance(operationId,productionFactorId) values (60,1);

INSERT INTO ProductionFactorAppliance(operationId,productionFactorId) values (61,1);

INSERT INTO ProductionFactorAppliance(operationId,productionFactorId) values (89,3);

INSERT INTO ProductionFactorAppliance(operationId,productionFactorId) values (90,3);

INSERT INTO ProductionFactorAppliance(operationId,productionFactorId) values (97,1);

INSERT INTO ProductionFactorAppliance(operationId,productionFactorId) values (98,1);

INSERT INTO ProductionFactorAppliance(operationId,productionFactorId) values (104,5);

INSERT INTO ProductionFactorAppliance(operationId,productionFactorId) values (148,1);

INSERT INTO ProductionFactorAppliance(operationId,productionFactorId) values (149,1);

INSERT INTO ProductionFactorAppliance(operationId,productionFactorId) values (156,5);

INSERT INTO ProductionFactorAppliance(operationId,productionFactorId) values (197,3);

INSERT INTO ProductionFactorAppliance(operationId,productionFactorId) values (198,3);

INSERT INTO ProductionFactorAppliance(operationId,productionFactorId) values (204,1);

INSERT INTO ProductionFactorAppliance(operationId,productionFactorId) values (205,1);

INSERT INTO ProductionFactorAppliance(operationId,productionFactorId) values (228,13);

INSERT INTO ProductionFactorAppliance(operationId,productionFactorId) values (235,12);

INSERT INTO ProductionFactorAppliance(operationId,productionFactorId) values (236,12);

INSERT INTO ProductionFactorAppliance(operationId,productionFactorId) values (237,12);

INSERT INTO ProductionFactorAppliance(operationId,productionFactorId) values (238,12);

INSERT INTO ProductionFactorAppliance(operationId,productionFactorId) values (239,12);

INSERT INTO ProductionFactorAppliance(operationId,productionFactorId) values (240,12);

INSERT INTO ProductionFactorAppliance(operationId,productionFactorId) values (241,12);

INSERT INTO ProductionFactorAppliance(operationId,productionFactorId) values (242,12);

INSERT INTO ProductionFactorAppliance(operationId,productionFactorId) values (243,12);

INSERT INTO ProductionFactorAppliance(operationId,productionFactorId) values (244,12);

INSERT INTO ProductionFactorAppliance(operationId,productionFactorId) values (245,12);

INSERT INTO ProductionFactorAppliance(operationId,productionFactorId) values (246,12);

INSERT INTO ProductionFactorAppliance(operationId,productionFactorId) values (247,13);

INSERT INTO ProductionFactorAppliance(operationId,productionFactorId) values (248,13);

INSERT INTO ProductionFactorAppliance(operationId,productionFactorId) values (249,13);

INSERT INTO ProductionFactorAppliance(operationId,productionFactorId) values (250,13);

INSERT INTO ProductionFactorAppliance(operationId,productionFactorId) values (251,13);

INSERT INTO ProductionFactorAppliance(operationId,productionFactorId) values (252,13);

INSERT INTO ProductionFactorAppliance(operationId,productionFactorId) values (253,5);

INSERT INTO ProductionFactorAppliance(operationId,productionFactorId) values (254,5);

INSERT INTO ProductionFactorAppliance(operationId,productionFactorId) values (255,5);

INSERT INTO ProductionFactorAppliance(operationId,productionFactorId) values (256,5);

INSERT INTO ProductionFactorAppliance(operationId,productionFactorId) values (257,5);

INSERT INTO ProductionFactorAppliance(operationId,productionFactorId) values (258,5);

INSERT INTO ProductionFactorAppliance(operationId,productionFactorId) values (284,13);

INSERT INTO ProductionFactorAppliance(operationId,productionFactorId) values (285,13);

INSERT INTO ProductionFactorAppliance(operationId,productionFactorId) values (286,13);

INSERT INTO ProductionFactorAppliance(operationId,productionFactorId) values (287,13);

INSERT INTO ProductionFactorAppliance(operationId,productionFactorId) values (288,13);

INSERT INTO ProductionFactorAppliance(operationId,productionFactorId) values (289,13);

INSERT INTO ProductionFactorAppliance(operationId,productionFactorId) values (290,13);

INSERT INTO ProductionFactorAppliance(operationId,productionFactorId) values (291,13);

INSERT INTO ProductionFactorAppliance(operationId,productionFactorId) values (292,13);

INSERT INTO ProductionFactorAppliance(operationId,productionFactorId) values (301,8);

INSERT INTO ProductionFactorAppliance(operationId,productionFactorId) values (309,12);

INSERT INTO Fertilization(operationId,fertilizationModeId) values (15,1);

INSERT INTO Fertilization(operationId,fertilizationModeId) values (16,1);

INSERT INTO Fertilization(operationId,fertilizationModeId) values (22,1);

INSERT INTO Fertilization(operationId,fertilizationModeId) values (23,1);

INSERT INTO Fertilization(operationId,fertilizationModeId) values (24,1);

INSERT INTO Fertilization(operationId,fertilizationModeId) values (45,1);

INSERT INTO Fertilization(operationId,fertilizationModeId) values (46,1);

INSERT INTO Fertilization(operationId,fertilizationModeId) values (47,1);

INSERT INTO Fertilization(operationId,fertilizationModeId) values (89,1);

INSERT INTO Fertilization(operationId,fertilizationModeId) values (90,1);

INSERT INTO Fertilization(operationId,fertilizationModeId) values (104,2);

INSERT INTO Fertilization(operationId,fertilizationModeId) values (156,2);

INSERT INTO Fertilization(operationId,fertilizationModeId) values (197,1);

INSERT INTO Fertilization(operationId,fertilizationModeId) values (198,1);

INSERT INTO Fertilization(operationId,fertilizationModeId) values (228,1);

INSERT INTO Fertilization(operationId,fertilizationModeId) values (235,1);

INSERT INTO Fertilization(operationId,fertilizationModeId) values (236,1);

INSERT INTO Fertilization(operationId,fertilizationModeId) values (237,1);

INSERT INTO Fertilization(operationId,fertilizationModeId) values (238,1);

INSERT INTO Fertilization(operationId,fertilizationModeId) values (239,1);

INSERT INTO Fertilization(operationId,fertilizationModeId) values (240,1);

INSERT INTO Fertilization(operationId,fertilizationModeId) values (241,1);

INSERT INTO Fertilization(operationId,fertilizationModeId) values (242,1);

INSERT INTO Fertilization(operationId,fertilizationModeId) values (243,1);

INSERT INTO Fertilization(operationId,fertilizationModeId) values (244,1);

INSERT INTO Fertilization(operationId,fertilizationModeId) values (245,1);

INSERT INTO Fertilization(operationId,fertilizationModeId) values (246,1);

INSERT INTO Fertilization(operationId,fertilizationModeId) values (247,1);

INSERT INTO Fertilization(operationId,fertilizationModeId) values (248,1);

INSERT INTO Fertilization(operationId,fertilizationModeId) values (249,1);

INSERT INTO Fertilization(operationId,fertilizationModeId) values (250,1);

INSERT INTO Fertilization(operationId,fertilizationModeId) values (251,1);

INSERT INTO Fertilization(operationId,fertilizationModeId) values (252,1);

INSERT INTO Fertilization(operationId,fertilizationModeId) values (253,2);

INSERT INTO Fertilization(operationId,fertilizationModeId) values (254,2);

INSERT INTO Fertilization(operationId,fertilizationModeId) values (255,2);

INSERT INTO Fertilization(operationId,fertilizationModeId) values (256,2);

INSERT INTO Fertilization(operationId,fertilizationModeId) values (257,2);

INSERT INTO Fertilization(operationId,fertilizationModeId) values (258,2);

INSERT INTO Fertilization(operationId,fertilizationModeId) values (284,1);

INSERT INTO Fertilization(operationId,fertilizationModeId) values (285,1);

INSERT INTO Fertilization(operationId,fertilizationModeId) values (286,1);

INSERT INTO Fertilization(operationId,fertilizationModeId) values (287,1);

INSERT INTO Fertilization(operationId,fertilizationModeId) values (288,1);

INSERT INTO Fertilization(operationId,fertilizationModeId) values (289,1);

INSERT INTO Fertilization(operationId,fertilizationModeId) values (290,1);

INSERT INTO Fertilization(operationId,fertilizationModeId) values (291,1);

INSERT INTO Fertilization(operationId,fertilizationModeId) values (292,1);

INSERT INTO Fertilization(operationId,fertilizationModeId) values (301,1);

INSERT INTO Fertilization(operationId,fertilizationModeId) values (309,1);

COMMIT;

