INSERT INTO UnitType(unitTypeId,designation) values (1,'Área');
INSERT INTO UnitType(unitTypeId,designation) values (2,'Quantidade');
INSERT INTO UnitType(unitTypeId,designation) values (3,'Tempo');
INSERT INTO UnitType(unitTypeId,designation) values (4,'Rácio');
INSERT INTO Unit(unitId,unitTypeId,designation) values (1,1,'ha');
INSERT INTO Unit(unitId,unitTypeId,designation) values (2,2,'un');
INSERT INTO Unit(unitId,unitTypeId,designation) values (3,2,'kg');
INSERT INTO Unit(unitId,unitTypeId,designation) values (4,1,'m3');
INSERT INTO Unit(unitId,unitTypeId,designation) values (5,1,'m2');
INSERT INTO Unit(unitId,unitTypeId,designation) values (6,3,'min');
INSERT INTO Unit(unitId,unitTypeId,designation) values (7,4,'kg/ha');
INSERT INTO Unit(unitId,unitTypeId,designation) values (8,4,'l/ha');
INSERT INTO Unit(unitId,unitTypeId,designation) values (9,2,'l');
INSERT INTO PlantVarietyType(plantVarietyTypeId,designation) values (1,'Permanente');
INSERT INTO PlantVarietyType(plantVarietyTypeId,designation) values (2,'Temporária');
INSERT INTO PlantVariety(plantVarietyId,plantVarietyTypeId,designation,species,commonName) values (1,1,'RAINHA CLAUDIA CARANGUEJEIRA','Prunus domestica','Ameixoeira');
INSERT INTO PlantVariety(plantVarietyId,plantVarietyTypeId,designation,species,commonName) values (2,1,'PRESIDENT','Prunus domestica','Ameixoeira');
INSERT INTO PlantVariety(plantVarietyId,plantVarietyTypeId,designation,species,commonName) values (3,1,'STANLEY','Prunus domestica','Ameixoeira');
INSERT INTO PlantVariety(plantVarietyId,plantVarietyTypeId,designation,species,commonName) values (4,1,'ANGELENO','Prunus domestica','Ameixoeira');
INSERT INTO PlantVariety(plantVarietyId,plantVarietyTypeId,designation,species,commonName) values (5,1,'BLACK BEAUTY','Prunus domestica','Ameixoeira');
INSERT INTO PlantVariety(plantVarietyId,plantVarietyTypeId,designation,species,commonName) values (6,1,'BLACK STAR','Prunus domestica','Ameixoeira');
INSERT INTO PlantVariety(plantVarietyId,plantVarietyTypeId,designation,species,commonName) values (7,1,'BLACK GOLD','Prunus domestica','Ameixoeira');
INSERT INTO PlantVariety(plantVarietyId,plantVarietyTypeId,designation,species,commonName) values (8,1,'BLACK DIAMOND','Prunus domestica','Ameixoeira');
INSERT INTO PlantVariety(plantVarietyId,plantVarietyTypeId,designation,species,commonName) values (9,1,'BLACK AMBER','Prunus domestica','Ameixoeira');
INSERT INTO PlantVariety(plantVarietyId,plantVarietyTypeId,designation,species,commonName) values (10,1,'BLACK SPLENDOR','Prunus domestica','Ameixoeira');
INSERT INTO PlantVariety(plantVarietyId,plantVarietyTypeId,designation,species,commonName) values (11,1,'FORTUNA','Prunus domestica','Ameixoeira');
INSERT INTO PlantVariety(plantVarietyId,plantVarietyTypeId,designation,species,commonName) values (12,1,'FRIAR','Prunus domestica','Ameixoeira');
INSERT INTO PlantVariety(plantVarietyId,plantVarietyTypeId,designation,species,commonName) values (13,1,'EL DORADO','Prunus domestica','Ameixoeira');
INSERT INTO PlantVariety(plantVarietyId,plantVarietyTypeId,designation,species,commonName) values (14,1,'ELEPHANT HEART','Prunus domestica','Ameixoeira');
INSERT INTO PlantVariety(plantVarietyId,plantVarietyTypeId,designation,species,commonName) values (15,1,'GOLDEN JAPAN','Prunus domestica','Ameixoeira');
INSERT INTO PlantVariety(plantVarietyId,plantVarietyTypeId,designation,species,commonName) values (16,1,'HARRY PITCHON','Prunus domestica','Ameixoeira');
INSERT INTO PlantVariety(plantVarietyId,plantVarietyTypeId,designation,species,commonName) values (17,1,'LAETITIA','Prunus domestica','Ameixoeira');
INSERT INTO PlantVariety(plantVarietyId,plantVarietyTypeId,designation,species,commonName) values (18,1,'METLEY','Prunus domestica','Ameixoeira');
INSERT INTO PlantVariety(plantVarietyId,plantVarietyTypeId,designation,species,commonName) values (19,1,'MIRABELLE DE NANCY','Prunus domestica','Ameixoeira');
INSERT INTO PlantVariety(plantVarietyId,plantVarietyTypeId,designation,species,commonName) values (20,1,'QUEEN ROSE','Prunus domestica','Ameixoeira');
INSERT INTO PlantVariety(plantVarietyId,plantVarietyTypeId,designation,species,commonName) values (21,1,'RED BEAUT','Prunus domestica','Ameixoeira');
INSERT INTO PlantVariety(plantVarietyId,plantVarietyTypeId,designation,species,commonName) values (22,1,'SANTA ROSA','Prunus domestica','Ameixoeira');
INSERT INTO PlantVariety(plantVarietyId,plantVarietyTypeId,designation,species,commonName) values (23,1,'SHIRO','Prunus domestica','Ameixoeira');
INSERT INTO PlantVariety(plantVarietyId,plantVarietyTypeId,designation,species,commonName) values (24,1,'SUNGOLD','Prunus domestica','Ameixoeira');
INSERT INTO PlantVariety(plantVarietyId,plantVarietyTypeId,designation,species,commonName) values (25,1,'WILSON PERFECTION','Prunus domestica','Ameixoeira');
INSERT INTO PlantVariety(plantVarietyId,plantVarietyTypeId,designation,species,commonName) values (26,1,'AUTUMN GIANT','Prunus domestica','Ameixoeira');
INSERT INTO PlantVariety(plantVarietyId,plantVarietyTypeId,designation,species,commonName) values (27,1,'BULIDA','Prunus armeniaca','Damasqueiro');
INSERT INTO PlantVariety(plantVarietyId,plantVarietyTypeId,designation,species,commonName) values (28,1,'CANINO','Prunus armeniaca','Damasqueiro');
INSERT INTO PlantVariety(plantVarietyId,plantVarietyTypeId,designation,species,commonName) values (29,1,'LIABAUD','Prunus armeniaca','Damasqueiro');
INSERT INTO PlantVariety(plantVarietyId,plantVarietyTypeId,designation,species,commonName) values (30,1,'MAILLOT JAUNE','Prunus armeniaca','Damasqueiro');
INSERT INTO PlantVariety(plantVarietyId,plantVarietyTypeId,designation,species,commonName) values (31,1,'POLONAIS','Prunus armeniaca','Damasqueiro');
INSERT INTO PlantVariety(plantVarietyId,plantVarietyTypeId,designation,species,commonName) values (32,1,'AKANE','Malus domestica','Macieira');
INSERT INTO PlantVariety(plantVarietyId,plantVarietyTypeId,designation,species,commonName) values (33,1,'BELGOLDEN','Malus domestica','Macieira');
INSERT INTO PlantVariety(plantVarietyId,plantVarietyTypeId,designation,species,commonName) values (34,1,'BRAVO DE ESMOLFE','Malus domestica','Macieira');
INSERT INTO PlantVariety(plantVarietyId,plantVarietyTypeId,designation,species,commonName) values (35,1,'CASA NOVA DE ALCOBAÇA','Malus domestica','Macieira');
INSERT INTO PlantVariety(plantVarietyId,plantVarietyTypeId,designation,species,commonName) values (36,1,'EROVAN','Malus domestica','Macieira');
INSERT INTO PlantVariety(plantVarietyId,plantVarietyTypeId,designation,species,commonName) values (37,1,'FUJI','Malus domestica','Macieira');
INSERT INTO PlantVariety(plantVarietyId,plantVarietyTypeId,designation,species,commonName) values (38,1,'GRANNY SMITH','Malus domestica','Macieira');
INSERT INTO PlantVariety(plantVarietyId,plantVarietyTypeId,designation,species,commonName) values (39,1,'GOLDEN DELICIOUS','Malus domestica','Macieira');
INSERT INTO PlantVariety(plantVarietyId,plantVarietyTypeId,designation,species,commonName) values (40,1,'HI-EARLY','Malus domestica','Macieira');
INSERT INTO PlantVariety(plantVarietyId,plantVarietyTypeId,designation,species,commonName) values (41,1,'JONAGORED','Malus domestica','Macieira');
INSERT INTO PlantVariety(plantVarietyId,plantVarietyTypeId,designation,species,commonName) values (42,1,'LYSGOLDEN','Malus domestica','Macieira');
INSERT INTO PlantVariety(plantVarietyId,plantVarietyTypeId,designation,species,commonName) values (43,1,'MUTSU','Malus domestica','Macieira');
INSERT INTO PlantVariety(plantVarietyId,plantVarietyTypeId,designation,species,commonName) values (44,1,'PORTA DA LOJA','Malus domestica','Macieira');
INSERT INTO PlantVariety(plantVarietyId,plantVarietyTypeId,designation,species,commonName) values (45,1,'REINETTE OU CANADA','Malus domestica','Macieira');
INSERT INTO PlantVariety(plantVarietyId,plantVarietyTypeId,designation,species,commonName) values (46,1,'REINETTE OU GRAND FAY','Malus domestica','Macieira');
INSERT INTO PlantVariety(plantVarietyId,plantVarietyTypeId,designation,species,commonName) values (47,1,'RISCADINHA DE PALMELA','Malus domestica','Macieira');
INSERT INTO PlantVariety(plantVarietyId,plantVarietyTypeId,designation,species,commonName) values (48,1,'ROYAL GALA','Malus domestica','Macieira');
INSERT INTO PlantVariety(plantVarietyId,plantVarietyTypeId,designation,species,commonName) values (49,1,'REDCHIEF','Malus domestica','Macieira');
INSERT INTO PlantVariety(plantVarietyId,plantVarietyTypeId,designation,species,commonName) values (50,1,'STARKING','Malus domestica','Macieira');
INSERT INTO PlantVariety(plantVarietyId,plantVarietyTypeId,designation,species,commonName) values (51,1,'SUMMER RED','Malus domestica','Macieira');
INSERT INTO PlantVariety(plantVarietyId,plantVarietyTypeId,designation,species,commonName) values (52,1,'WELLSPUR DELICIOUS','Malus domestica','Macieira');
INSERT INTO PlantVariety(plantVarietyId,plantVarietyTypeId,designation,species,commonName) values (53,1,'NOIVA','Malus domestica','Macieira');
INSERT INTO PlantVariety(plantVarietyId,plantVarietyTypeId,designation,species,commonName) values (54,1,'OLHO ABERTO','Malus domestica','Macieira');
INSERT INTO PlantVariety(plantVarietyId,plantVarietyTypeId,designation,species,commonName) values (55,1,'CAMOESA ROSA','Malus domestica','Macieira');
INSERT INTO PlantVariety(plantVarietyId,plantVarietyTypeId,designation,species,commonName) values (56,1,'MALÁPIO','Malus domestica','Macieira');
INSERT INTO PlantVariety(plantVarietyId,plantVarietyTypeId,designation,species,commonName) values (57,1,'GRONHO DOCE','Malus domestica','Macieira');
INSERT INTO PlantVariety(plantVarietyId,plantVarietyTypeId,designation,species,commonName) values (58,1,'PÉ DE BOI ','Malus domestica','Macieira');
INSERT INTO PlantVariety(plantVarietyId,plantVarietyTypeId,designation,species,commonName) values (59,1,'PINOVA','Malus domestica','Macieira');
INSERT INTO PlantVariety(plantVarietyId,plantVarietyTypeId,designation,species,commonName) values (60,1,'PARDO LINDO','Malus domestica','Macieira');
INSERT INTO PlantVariety(plantVarietyId,plantVarietyTypeId,designation,species,commonName) values (61,1,'PIPO DE BASTO','Malus domestica','Macieira');
INSERT INTO PlantVariety(plantVarietyId,plantVarietyTypeId,designation,species,commonName) values (62,1,'PRIMA','Malus domestica','Macieira');
INSERT INTO PlantVariety(plantVarietyId,plantVarietyTypeId,designation,species,commonName) values (63,1,'QUERINA','Malus domestica','Macieira');
INSERT INTO PlantVariety(plantVarietyId,plantVarietyTypeId,designation,species,commonName) values (64,1,'VISTA BELLA','Malus domestica','Macieira');
INSERT INTO PlantVariety(plantVarietyId,plantVarietyTypeId,designation,species,commonName) values (65,1,'GOLDEN SMOOTHEE','Malus domestica','Macieira');
INSERT INTO PlantVariety(plantVarietyId,plantVarietyTypeId,designation,species,commonName) values (66,1,'GOLDEN SUPREMA','Malus domestica','Macieira');
INSERT INTO PlantVariety(plantVarietyId,plantVarietyTypeId,designation,species,commonName) values (67,1,'GLOSTER 69','Malus domestica','Macieira');
INSERT INTO PlantVariety(plantVarietyId,plantVarietyTypeId,designation,species,commonName) values (68,1,'FREEDOM','Malus domestica','Macieira');
INSERT INTO PlantVariety(plantVarietyId,plantVarietyTypeId,designation,species,commonName) values (69,1,'SNINSEIKI','Pyrus pyrifolia','Pera Nashi');
INSERT INTO PlantVariety(plantVarietyId,plantVarietyTypeId,designation,species,commonName) values (70,1,'KUMOI','Pyrus pyrifolia','Pera Nashi');
INSERT INTO PlantVariety(plantVarietyId,plantVarietyTypeId,designation,species,commonName) values (71,1,'HOSUI','Pyrus pyrifolia','Pera Nashi');
INSERT INTO PlantVariety(plantVarietyId,plantVarietyTypeId,designation,species,commonName) values (72,1,'NIJISSEIKI','Pyrus pyrifolia','Pera Nashi');
INSERT INTO PlantVariety(plantVarietyId,plantVarietyTypeId,designation,species,commonName) values (73,2,'Carson Hybrid','Daucus carota subsp. Sativus','Cenoura');
INSERT INTO PlantVariety(plantVarietyId,plantVarietyTypeId,designation,species,commonName) values (74,2,'Red Cored Chantenay','Daucus carota subsp. Sativus','Cenoura');
INSERT INTO PlantVariety(plantVarietyId,plantVarietyTypeId,designation,species,commonName) values (75,2,'Danvers Half Long','Daucus carota subsp. Sativus','Cenoura');
INSERT INTO PlantVariety(plantVarietyId,plantVarietyTypeId,designation,species,commonName) values (76,2,'Imperator 58','Daucus carota subsp. Sativus','Cenoura');
INSERT INTO PlantVariety(plantVarietyId,plantVarietyTypeId,designation,species,commonName) values (77,2,'Sugarsnax Hybrid','Daucus carota subsp. Sativus','Cenoura');
INSERT INTO PlantVariety(plantVarietyId,plantVarietyTypeId,designation,species,commonName) values (78,2,'Nelson Hybrid','Daucus carota subsp. Sativus','Cenoura');
INSERT INTO PlantVariety(plantVarietyId,plantVarietyTypeId,designation,species,commonName) values (79,2,'Scarlet Nantes','Daucus carota subsp. Sativus','Cenoura');
INSERT INTO PlantVariety(plantVarietyId,plantVarietyTypeId,designation,species,commonName) values (80,2,'Amarelo','Lupinus luteus','Tremoço');
INSERT INTO PlantVariety(plantVarietyId,plantVarietyTypeId,designation,species,commonName) values (81,2,'Branco','Lupinus albus','Tremoço');
INSERT INTO PlantVariety(plantVarietyId,plantVarietyTypeId,designation,species,commonName) values (82,2,'MAS 24.C','Zea mays','Milho');
INSERT INTO PlantVariety(plantVarietyId,plantVarietyTypeId,designation,species,commonName) values (83,2,'Doce Golden Bantam','Zea mays','Milho');
INSERT INTO PlantVariety(plantVarietyId,plantVarietyTypeId,designation,species,commonName) values (84,2,'Senhora Conceição','Brassica rapa','Nabo greleiro');
INSERT INTO PlantVariety(plantVarietyId,plantVarietyTypeId,designation,species,commonName) values (85,1,'COBRANÇOSA','Olea europaea','Oliveira');
INSERT INTO PlantVariety(plantVarietyId,plantVarietyTypeId,designation,species,commonName) values (86,1,'ARBEQUINA','Olea europaea','Oliveira');
INSERT INTO PlantVariety(plantVarietyId,plantVarietyTypeId,designation,species,commonName) values (87,1,'HOJIBLANCA','Olea europaea','Oliveira');
INSERT INTO PlantVariety(plantVarietyId,plantVarietyTypeId,designation,species,commonName) values (88,1,'NEGRINHA DO FREIXO','Olea europaea','Oliveira');
INSERT INTO PlantVariety(plantVarietyId,plantVarietyTypeId,designation,species,commonName) values (89,1,'PICUAL','Olea europaea','Oliveira');
INSERT INTO PlantVariety(plantVarietyId,plantVarietyTypeId,designation,species,commonName) values (90,1,'MAÇANILHA','Olea europaea','Oliveira');
INSERT INTO PlantVariety(plantVarietyId,plantVarietyTypeId,designation,species,commonName) values (91,1,'CONSERVA DE ELVAS','Olea europaea','Oliveira');
INSERT INTO PlantVariety(plantVarietyId,plantVarietyTypeId,designation,species,commonName) values (92,1,'Galega','Olea europaea','Oliveira');
INSERT INTO PlantVariety(plantVarietyId,plantVarietyTypeId,designation,species,commonName) values (93,2,'S. Cosme','Brassica rapa','Nabo');
INSERT INTO PlantVariety(plantVarietyId,plantVarietyTypeId,designation,species,commonName) values (94,1,'Dona Maria','Vitis vinifera','Videira');
INSERT INTO PlantVariety(plantVarietyId,plantVarietyTypeId,designation,species,commonName) values (95,1,'Cardinal','Vitis vinifera','Videira');
INSERT INTO PlantVariety(plantVarietyId,plantVarietyTypeId,designation,species,commonName) values (96,2,'Butternut','Cucurbita moschata','Abóbora manteiga');
INSERT INTO PeriodType(periodTypeId,designation) values (1,'Plantation Period');
INSERT INTO PeriodType(periodTypeId,designation) values (2,'Pruning Period');
INSERT INTO PeriodType(periodTypeId,designation) values (3,'Flowering Period');
INSERT INTO PeriodType(periodTypeId,designation) values (4,'Harvest Period');
INSERT INTO FertilizationMode(fertilizationModeId,designation) values (1,'Solo');
INSERT INTO FertilizationMode(fertilizationModeId,designation) values (2,'Foliar');
INSERT INTO Plot(plotId,designation,areaInHa) values (101,'Campo da bouça',1.2);
INSERT INTO Plot(plotId,designation,areaInHa) values (102,'Campo grande',3);
INSERT INTO Plot(plotId,designation,areaInHa) values (103,'Campo do poço',1.5);
INSERT INTO Plot(plotId,designation,areaInHa) values (104,'Lameiro da ponte',0.8);
INSERT INTO Plot(plotId,designation,areaInHa) values (105,'Lameiro do moinho',1.1);
INSERT INTO Plot(plotId,designation,areaInHa) values (106,'Horta nova',0.3);
INSERT INTO Plot(plotId,designation,areaInHa) values (107,'Vinha',2);
INSERT INTO Plot(plotId,designation,areaInHa) values (108,'Campo Novo',1.1);
INSERT INTO Sector(sectorId,maximumFlow,initialDate) values (10,2500,TO_DATE('01/05/2017','DD/MM/YYYY'));
INSERT INTO Sector(sectorId,maximumFlow,initialDate) values (11,1500,TO_DATE('01/05/2017','DD/MM/YYYY'));
INSERT INTO Sector(sectorId,maximumFlow,initialDate) values (21,3500,TO_DATE('01/05/2017','DD/MM/YYYY'));
INSERT INTO Sector(sectorId,maximumFlow,initialDate) values (22,3500,TO_DATE('01/05/2019','DD/MM/YYYY'));
INSERT INTO Sector(sectorId,maximumFlow,initialDate) values (41,2500,TO_DATE('01/04/2023','DD/MM/YYYY'));
INSERT INTO Sector(sectorId,maximumFlow,initialDate) values (42,3500,TO_DATE('01/04/2023','DD/MM/YYYY'));
INSERT INTO SectorFinalDate(sectorId,value) values (41,TO_DATE('10/10/2023','DD/MM/YYYY'));
INSERT INTO SectorFinalDate(sectorId,value) values (42,TO_DATE('10/10/2023','DD/MM/YYYY'));
INSERT INTO Substance(substanceId,designation) values (1,'CU');
INSERT INTO Substance(substanceId,designation) values (2,'S');
INSERT INTO Substance(substanceId,designation) values (3,'K');
INSERT INTO Substance(substanceId,designation) values (4,'Mg');
INSERT INTO Substance(substanceId,designation) values (5,'CaCO3');
INSERT INTO Substance(substanceId,designation) values (6,'Bacillus pumilus');
INSERT INTO Substance(substanceId,designation) values (7,'Ácidos gordos (na forma de sais de potássio)');
INSERT INTO Substance(substanceId,designation) values (8,'Terpenóides');
INSERT INTO Substance(substanceId,designation) values (9,'MgCO3');
INSERT INTO Substance(substanceId,designation) values (10,'B');
INSERT INTO Substance(substanceId,designation) values (11,'MgO');
INSERT INTO Substance(substanceId,designation) values (12,'Mn');
INSERT INTO Substance(substanceId,designation) values (13,'Matéria orgânica');
INSERT INTO Substance(substanceId,designation) values (14,'Azoto orgânico (N)');
INSERT INTO Substance(substanceId,designation) values (15,'Fósforo total (P2O5)');
INSERT INTO Substance(substanceId,designation) values (16,'Potássio total (K2O)');
INSERT INTO Substance(substanceId,designation) values (17,'Cálcio total (Ca)');
INSERT INTO Substance(substanceId,designation) values (18,'Azoto (N)');
INSERT INTO Substance(substanceId,designation) values (19,'Carbono Orgânico Total (COT)');
INSERT INTO Substance(substanceId,designation) values (20,'Ácidos Fúlvicos (AF)');
INSERT INTO Substance(substanceId,designation) values (21,'Enxofre (SO3)');
INSERT INTO Substance(substanceId,designation) values (22,'Óxido de cálcio (CaO)');
INSERT INTO ProductionFactorType(productionFactorTypeId,designation) values (1,'Fitofármaco');
INSERT INTO ProductionFactorType(productionFactorTypeId,designation) values (2,'Adubo');
INSERT INTO ProductionFactorType(productionFactorTypeId,designation) values (3,'Corretor');
INSERT INTO ProductionFactorType(productionFactorTypeId,designation) values (4,'Matéria orgânica');
INSERT INTO Format(formatId,designation) values (1,'Pó molhável');
INSERT INTO Format(formatId,designation) values (2,'Granulado');
INSERT INTO Format(formatId,designation) values (3,'Pó');
INSERT INTO Format(formatId,designation) values (4,'Líquido');
INSERT INTO Format(formatId,designation) values (5,'Emulsão de óleo em água');
INSERT INTO Manufacturer(manufacturerId,designation) values (1,'ASCENZA');
INSERT INTO Manufacturer(manufacturerId,designation) values (2,'Bayer');
INSERT INTO Manufacturer(manufacturerId,designation) values (3,'K+S');
INSERT INTO Manufacturer(manufacturerId,designation) values (4,'Biocal');
INSERT INTO Manufacturer(manufacturerId,designation) values (5,'Nutrofertil');
INSERT INTO Manufacturer(manufacturerId,designation) values (6,'Tecniferti');
INSERT INTO Manufacturer(manufacturerId,designation) values (7,'Plymag');
INSERT INTO Manufacturer(manufacturerId,designation) values (8,'Asfertglobal');
INSERT INTO Application(applicationId,designation) values (1,'Fungicida');
INSERT INTO Application(applicationId,designation) values (2,'Adubo solo');
INSERT INTO Application(applicationId,designation) values (3,'Adubo foliar+Fertirrega');
INSERT INTO Application(applicationId,designation) values (4,'Adubo foliar');
INSERT INTO Application(applicationId,designation) values (5,'Correção solo');
INSERT INTO Application(applicationId,designation) values (6,'Insecticida');
INSERT INTO Building(buildingId,designation) values (201,'Espigueiro');
INSERT INTO Building(buildingId,designation) values (202,'Armazém novo');
INSERT INTO Building(buildingId,designation) values (203,'Armazém grande');
INSERT INTO Building(buildingId,designation) values (250,'Moinho');
INSERT INTO Building(buildingId,designation) values (301,'Tanque do campo grande');
INSERT INTO Building(buildingId,designation) values (302,'Poço da bouça');
INSERT INTO IrrigationSystem(buildingId,areaInM3) values (301,18);
INSERT INTO IrrigationSystem(buildingId,areaInM3) values (302,35);
INSERT INTO Mill(buildingId) values (250);
INSERT INTO Garage(buildingId,areaInM2) values (203,900);
INSERT INTO Warehouse(buildingId,areaInM2) values (201,600);
INSERT INTO Warehouse(buildingId,areaInM2) values (202,800);
INSERT INTO ProductionFactor(productionFactorId,applicationId,manufacturerId,formatId,productionFactorTypeId,designation) values (1,1,1,1,1,'Calda Bordalesa ASCENZA');
INSERT INTO ProductionFactor(productionFactorId,applicationId,manufacturerId,formatId,productionFactorTypeId,designation) values (2,1,2,1,1,'Enxofre Bayer 80 WG');
INSERT INTO ProductionFactor(productionFactorId,applicationId,manufacturerId,formatId,productionFactorTypeId,designation) values (3,2,3,2,2,'Patentkali');
INSERT INTO ProductionFactor(productionFactorId,applicationId,manufacturerId,formatId,productionFactorTypeId,designation) values (4,2,3,2,2,'ESTA Kieserit');
INSERT INTO ProductionFactor(productionFactorId,applicationId,manufacturerId,formatId,productionFactorTypeId,designation) values (5,3,3,2,2,'EPSO Microtop');
INSERT INTO ProductionFactor(productionFactorId,applicationId,manufacturerId,formatId,productionFactorTypeId,designation) values (6,4,3,2,2,'EPSO Top');
INSERT INTO ProductionFactor(productionFactorId,applicationId,manufacturerId,formatId,productionFactorTypeId,designation) values (7,5,4,2,3,'Biocal CaCo3');
INSERT INTO ProductionFactor(productionFactorId,applicationId,manufacturerId,formatId,productionFactorTypeId,designation) values (8,5,4,3,3,'Biocal Composto');
INSERT INTO ProductionFactor(productionFactorId,applicationId,manufacturerId,formatId,productionFactorTypeId,designation) values (9,1,2,4,1,'Sonata');
INSERT INTO ProductionFactor(productionFactorId,applicationId,manufacturerId,formatId,productionFactorTypeId,designation) values (10,6,2,5,1,'FLiPPER ');
INSERT INTO ProductionFactor(productionFactorId,applicationId,manufacturerId,formatId,productionFactorTypeId,designation) values (11,6,2,4,1,'Requiem Prime');
INSERT INTO ProductionFactor(productionFactorId,applicationId,manufacturerId,formatId,productionFactorTypeId,designation) values (12,2,5,2,2,'Fertimax Extrume de Cavalo');
INSERT INTO ProductionFactor(productionFactorId,applicationId,manufacturerId,formatId,productionFactorTypeId,designation) values (13,2,5,2,2,'BIOFERTIL N6');
INSERT INTO ProductionFactor(productionFactorId,applicationId,manufacturerId,formatId,productionFactorTypeId,designation) values (14,4,6,4,4,'Tecniferti MOL');
INSERT INTO ProductionFactor(productionFactorId,applicationId,manufacturerId,formatId,productionFactorTypeId,designation) values (15,2,3,1,2,'soluSOP 52');
INSERT INTO ProductionFactor(productionFactorId,applicationId,manufacturerId,formatId,productionFactorTypeId,designation) values (16,3,7,4,2,'Floracal Flow SL');
INSERT INTO ProductionFactor(productionFactorId,applicationId,manufacturerId,formatId,productionFactorTypeId,designation) values (17,3,8,4,2,'Kiplant AllGrip');
INSERT INTO ProductionFactor(productionFactorId,applicationId,manufacturerId,formatId,productionFactorTypeId,designation) values (18,3,8,4,2,'Cuperdem');
INSERT INTO SubstanceDataSheet(productionFactorId,substanceId,percentage) values (1,1,0.2);
INSERT INTO SubstanceDataSheet(productionFactorId,substanceId,percentage) values (2,2,0.8);
INSERT INTO SubstanceDataSheet(productionFactorId,substanceId,percentage) values (3,3,0.249);
INSERT INTO SubstanceDataSheet(productionFactorId,substanceId,percentage) values (4,4,0.151);
INSERT INTO SubstanceDataSheet(productionFactorId,substanceId,percentage) values (5,4,0.09);
INSERT INTO SubstanceDataSheet(productionFactorId,substanceId,percentage) values (6,4,0.096);
INSERT INTO SubstanceDataSheet(productionFactorId,substanceId,percentage) values (7,5,0.882);
INSERT INTO SubstanceDataSheet(productionFactorId,substanceId,percentage) values (8,5,0.717);
INSERT INTO SubstanceDataSheet(productionFactorId,substanceId,percentage) values (9,6,0.9774);
INSERT INTO SubstanceDataSheet(productionFactorId,substanceId,percentage) values (10,7,0.478);
INSERT INTO SubstanceDataSheet(productionFactorId,substanceId,percentage) values (11,8,0.1442);
INSERT INTO SubstanceDataSheet(productionFactorId,substanceId,percentage) values (3,4,0.06);
INSERT INTO SubstanceDataSheet(productionFactorId,substanceId,percentage) values (4,2,0.208);
INSERT INTO SubstanceDataSheet(productionFactorId,substanceId,percentage) values (5,2,0.124);
INSERT INTO SubstanceDataSheet(productionFactorId,substanceId,percentage) values (6,2,0.13);
INSERT INTO SubstanceDataSheet(productionFactorId,substanceId,percentage) values (7,9,0.019);
INSERT INTO SubstanceDataSheet(productionFactorId,substanceId,percentage) values (8,9,0.148);
INSERT INTO SubstanceDataSheet(productionFactorId,substanceId,percentage) values (3,2,0.176);
INSERT INTO SubstanceDataSheet(productionFactorId,substanceId,percentage) values (5,10,0.009);
INSERT INTO SubstanceDataSheet(productionFactorId,substanceId,percentage) values (8,11,0.079);
INSERT INTO SubstanceDataSheet(productionFactorId,substanceId,percentage) values (5,12,0.01);
INSERT INTO SubstanceDataSheet(productionFactorId,substanceId,percentage) values (12,13,0.5);
INSERT INTO SubstanceDataSheet(productionFactorId,substanceId,percentage) values (12,14,0.03);
INSERT INTO SubstanceDataSheet(productionFactorId,substanceId,percentage) values (12,15,0.008);
INSERT INTO SubstanceDataSheet(productionFactorId,substanceId,percentage) values (12,16,0.004);
INSERT INTO SubstanceDataSheet(productionFactorId,substanceId,percentage) values (12,17,0.016);
INSERT INTO SubstanceDataSheet(productionFactorId,substanceId,percentage) values (12,11,0.003);
INSERT INTO SubstanceDataSheet(productionFactorId,substanceId,percentage) values (12,10,0.00004);
INSERT INTO SubstanceDataSheet(productionFactorId,substanceId,percentage) values (13,13,0.53);
INSERT INTO SubstanceDataSheet(productionFactorId,substanceId,percentage) values (13,14,0.064);
INSERT INTO SubstanceDataSheet(productionFactorId,substanceId,percentage) values (13,15,0.025);
INSERT INTO SubstanceDataSheet(productionFactorId,substanceId,percentage) values (13,16,0.024);
INSERT INTO SubstanceDataSheet(productionFactorId,substanceId,percentage) values (13,17,0.06);
INSERT INTO SubstanceDataSheet(productionFactorId,substanceId,percentage) values (13,11,0.003);
INSERT INTO SubstanceDataSheet(productionFactorId,substanceId,percentage) values (13,10,0.00002);
INSERT INTO SubstanceDataSheet(productionFactorId,substanceId,percentage) values (14,13,0.27);
INSERT INTO SubstanceDataSheet(productionFactorId,substanceId,percentage) values (14,18,0.036);
INSERT INTO SubstanceDataSheet(productionFactorId,substanceId,percentage) values (14,14,0.02);
INSERT INTO SubstanceDataSheet(productionFactorId,substanceId,percentage) values (14,15,0.01);
INSERT INTO SubstanceDataSheet(productionFactorId,substanceId,percentage) values (14,16,0.03);
INSERT INTO SubstanceDataSheet(productionFactorId,substanceId,percentage) values (14,19,0.15);
INSERT INTO SubstanceDataSheet(productionFactorId,substanceId,percentage) values (14,20,0.1);
INSERT INTO SubstanceDataSheet(productionFactorId,substanceId,percentage) values (15,21,0.45);
INSERT INTO SubstanceDataSheet(productionFactorId,substanceId,percentage) values (15,16,0.525);
INSERT INTO SubstanceDataSheet(productionFactorId,substanceId,percentage) values (16,22,0.35);
INSERT INTO SubstanceDataSheet(productionFactorId,substanceId,percentage) values (18,1,0.06);
INSERT INTO Recipe(recipeId) values (3);
INSERT INTO Recipe(recipeId) values (10);
INSERT INTO Recipe(recipeId) values (11);
INSERT INTO ProductionFactorInRecipe(productionFactorId,recipeId,unitId,amount) values (18,3,8,2.2);
INSERT INTO ProductionFactorInRecipe(productionFactorId,recipeId,unitId,amount) values (6,10,7,1.5);
INSERT INTO ProductionFactorInRecipe(productionFactorId,recipeId,unitId,amount) values (15,10,7,2.5);
INSERT INTO ProductionFactorInRecipe(productionFactorId,recipeId,unitId,amount) values (16,10,8,1.7);
INSERT INTO ProductionFactorInRecipe(productionFactorId,recipeId,unitId,amount) values (14,11,8,60);
INSERT INTO ProductionFactorInRecipe(productionFactorId,recipeId,unitId,amount) values (17,11,8,2);
INSERT INTO Plant(plantId,plantVarietyId,designation) values (1,80,'Tremoço Amarelo');
INSERT INTO Plant(plantId,plantVarietyId,designation) values (2,83,'Milho Doce Golden Bantam');
INSERT INTO Plant(plantId,plantVarietyId,designation) values (3,82,'Milho MAS 24.C');
INSERT INTO Plant(plantId,plantVarietyId,designation) values (4,92,'Oliveira Galega');
INSERT INTO Plant(plantId,plantVarietyId,designation) values (5,89,'Oliveira Picual');
INSERT INTO Plant(plantId,plantVarietyId,designation) values (6,79,'Cenoura Scarlet Nantes');
INSERT INTO Plant(plantId,plantVarietyId,designation) values (7,78,'Cenoura Nelson Hybrid');
INSERT INTO Plant(plantId,plantVarietyId,designation) values (8,93,'Nabo S. Cosme');
INSERT INTO Plant(plantId,plantVarietyId,designation) values (9,77,'Cenoura Sugarsnax Hybrid');
INSERT INTO Plant(plantId,plantVarietyId,designation) values (10,75,'Cenoura Danvers Half Long');
INSERT INTO Plant(plantId,plantVarietyId,designation) values (11,84,'Nabo greleiro Senhora Conceição');
INSERT INTO Plant(plantId,plantVarietyId,designation) values (12,41,'Macieira Jonagored');
INSERT INTO Plant(plantId,plantVarietyId,designation) values (13,37,'Macieira Fuji');
INSERT INTO Plant(plantId,plantVarietyId,designation) values (14,48,'Macieira Royal Gala');
INSERT INTO Plant(plantId,plantVarietyId,designation) values (15,94,'Videira Dona Maria');
INSERT INTO Plant(plantId,plantVarietyId,designation) values (16,95,'Videira Cardinal');
INSERT INTO Plant(plantId,plantVarietyId,designation) values (17,96,'Abóbora Manteiga');
INSERT INTO Plant(plantId,plantVarietyId,designation) values (18,86,'Oliveira Arbquina');
INSERT INTO Plant(plantId,plantVarietyId,designation) values (19,61,'Macieira Pipo de Basto');
INSERT INTO Plant(plantId,plantVarietyId,designation) values (20,44,'Macieira Porta da Loja');
INSERT INTO Plant(plantId,plantVarietyId,designation) values (21,56,'Macieira Malápio');
INSERT INTO Plant(plantId,plantVarietyId,designation) values (22,45,'Macieira Canada');
INSERT INTO Plant(plantId,plantVarietyId,designation) values (23,46,'Macieira Grand Fay');
INSERT INTO Plant(plantId,plantVarietyId,designation) values (24,57,'Macieira Gronho Doce');
INSERT INTO Product(productId,plantId,designation) values (1,1,'Tremoço Amarelo');
INSERT INTO Product(productId,plantId,designation) values (2,2,'Milho Doce Golden Bantam');
INSERT INTO Product(productId,plantId,designation) values (3,3,'Milho MAS 24.C');
INSERT INTO Product(productId,plantId,designation) values (4,4,'Azeitona Galega');
INSERT INTO Product(productId,plantId,designation) values (5,5,'Azeitona Picual');
INSERT INTO Product(productId,plantId,designation) values (6,6,'Cenoura Scarlet Nantes');
INSERT INTO Product(productId,plantId,designation) values (7,7,'Cenoura Nelson Hybrid');
INSERT INTO Product(productId,plantId,designation) values (8,8,'Nabo S. Cosme');
INSERT INTO Product(productId,plantId,designation) values (9,9,'Cenoura Sugarsnax Hybrid');
INSERT INTO Product(productId,plantId,designation) values (10,10,'Cenoura Danvers Half Long');
INSERT INTO Product(productId,plantId,designation) values (11,11,'Nabo greleiro Senhora Conceição');
INSERT INTO Product(productId,plantId,designation) values (12,12,'Maçã Jonagored');
INSERT INTO Product(productId,plantId,designation) values (13,13,'Maçã Fuji');
INSERT INTO Product(productId,plantId,designation) values (14,14,'Maçã Royal Gala');
INSERT INTO Product(productId,plantId,designation) values (15,15,'Uva Dona Maria');
INSERT INTO Product(productId,plantId,designation) values (16,16,'Uva Cardinal');
INSERT INTO Product(productId,plantId,designation) values (17,17,'Abóbora Manteiga');
INSERT INTO Product(productId,plantId,designation) values (18,18,'Azeitona Arbquina');
INSERT INTO Product(productId,plantId,designation) values (19,19,'Maçã Pipo de Basto');
INSERT INTO Product(productId,plantId,designation) values (20,20,'Maçã Porta da Loja');
INSERT INTO Product(productId,plantId,designation) values (21,21,'Maçã Malápio');
INSERT INTO Product(productId,plantId,designation) values (22,22,'Maçã Canada');
INSERT INTO Product(productId,plantId,designation) values (23,23,'Maçã Grand Fay');
INSERT INTO Product(productId,plantId,designation) values (24,24,'Maçã Gronho Doce');
INSERT INTO Period(periodTypeId,plantVarietyId,value) values (2,1,'Novembro a dezembro');
INSERT INTO Period(periodTypeId,plantVarietyId,value) values (2,2,'Novembro a dezembro');
INSERT INTO Period(periodTypeId,plantVarietyId,value) values (2,3,'Novembro a dezembro');
INSERT INTO Period(periodTypeId,plantVarietyId,value) values (2,4,'Novembro a dezembro');
INSERT INTO Period(periodTypeId,plantVarietyId,value) values (2,5,'Novembro a dezembro');
INSERT INTO Period(periodTypeId,plantVarietyId,value) values (2,6,'Novembro a dezembro');
INSERT INTO Period(periodTypeId,plantVarietyId,value) values (2,7,'Novembro a dezembro');
INSERT INTO Period(periodTypeId,plantVarietyId,value) values (2,8,'Novembro a dezembro');
INSERT INTO Period(periodTypeId,plantVarietyId,value) values (2,9,'Novembro a dezembro');
INSERT INTO Period(periodTypeId,plantVarietyId,value) values (2,10,'Novembro a dezembro');
INSERT INTO Period(periodTypeId,plantVarietyId,value) values (2,11,'Novembro a dezembro');
INSERT INTO Period(periodTypeId,plantVarietyId,value) values (2,12,'Novembro a dezembro');
INSERT INTO Period(periodTypeId,plantVarietyId,value) values (2,13,'Novembro a dezembro');
INSERT INTO Period(periodTypeId,plantVarietyId,value) values (2,14,'Novembro a dezembro');
INSERT INTO Period(periodTypeId,plantVarietyId,value) values (2,15,'Novembro a dezembro');
INSERT INTO Period(periodTypeId,plantVarietyId,value) values (2,16,'Novembro a dezembro');
INSERT INTO Period(periodTypeId,plantVarietyId,value) values (2,17,'Novembro a dezembro');
INSERT INTO Period(periodTypeId,plantVarietyId,value) values (2,18,'Novembro a dezembro');
INSERT INTO Period(periodTypeId,plantVarietyId,value) values (2,19,'Novembro a dezembro');
INSERT INTO Period(periodTypeId,plantVarietyId,value) values (2,20,'Novembro a dezembro');
INSERT INTO Period(periodTypeId,plantVarietyId,value) values (2,21,'Novembro a dezembro');
INSERT INTO Period(periodTypeId,plantVarietyId,value) values (2,22,'Novembro a dezembro');
INSERT INTO Period(periodTypeId,plantVarietyId,value) values (2,23,'Novembro a dezembro');
INSERT INTO Period(periodTypeId,plantVarietyId,value) values (2,24,'Novembro a dezembro');
INSERT INTO Period(periodTypeId,plantVarietyId,value) values (2,25,'Novembro a dezembro');
INSERT INTO Period(periodTypeId,plantVarietyId,value) values (2,26,'Novembro a dezembro');
INSERT INTO Period(periodTypeId,plantVarietyId,value) values (2,27,'Novembro a dezembro');
INSERT INTO Period(periodTypeId,plantVarietyId,value) values (2,28,'Novembro a dezembro');
INSERT INTO Period(periodTypeId,plantVarietyId,value) values (2,29,'Novembro a dezembro');
INSERT INTO Period(periodTypeId,plantVarietyId,value) values (2,30,'Novembro a dezembro');
INSERT INTO Period(periodTypeId,plantVarietyId,value) values (2,31,'Novembro a dezembro');
INSERT INTO Period(periodTypeId,plantVarietyId,value) values (2,32,'Novembro a dezembro');
INSERT INTO Period(periodTypeId,plantVarietyId,value) values (2,33,'Novembro a dezembro');
INSERT INTO Period(periodTypeId,plantVarietyId,value) values (2,34,'Novembro a dezembro');
INSERT INTO Period(periodTypeId,plantVarietyId,value) values (2,35,'Novembro a dezembro');
INSERT INTO Period(periodTypeId,plantVarietyId,value) values (2,36,'Novembro a dezembro');
INSERT INTO Period(periodTypeId,plantVarietyId,value) values (2,37,'Novembro a dezembro');
INSERT INTO Period(periodTypeId,plantVarietyId,value) values (2,38,'Novembro a dezembro');
INSERT INTO Period(periodTypeId,plantVarietyId,value) values (2,39,'Novembro a dezembro');
INSERT INTO Period(periodTypeId,plantVarietyId,value) values (2,40,'Novembro a dezembro');
INSERT INTO Period(periodTypeId,plantVarietyId,value) values (2,41,'Novembro a dezembro');
INSERT INTO Period(periodTypeId,plantVarietyId,value) values (2,42,'Novembro a dezembro');
INSERT INTO Period(periodTypeId,plantVarietyId,value) values (2,43,'Novembro a dezembro');
INSERT INTO Period(periodTypeId,plantVarietyId,value) values (2,44,'Janeiro');
INSERT INTO Period(periodTypeId,plantVarietyId,value) values (2,45,'Novembro a dezembro');
INSERT INTO Period(periodTypeId,plantVarietyId,value) values (2,46,'Novembro a dezembro');
INSERT INTO Period(periodTypeId,plantVarietyId,value) values (2,47,'Novembro a dezembro');
INSERT INTO Period(periodTypeId,plantVarietyId,value) values (2,48,'Novembro a dezembro');
INSERT INTO Period(periodTypeId,plantVarietyId,value) values (2,49,'Novembro a dezembro');
INSERT INTO Period(periodTypeId,plantVarietyId,value) values (2,50,'Novembro a dezembro');
INSERT INTO Period(periodTypeId,plantVarietyId,value) values (2,51,'Novembro a dezembro');
INSERT INTO Period(periodTypeId,plantVarietyId,value) values (2,52,'Novembro a dezembro');
INSERT INTO Period(periodTypeId,plantVarietyId,value) values (2,53,'Novembro a dezembro');
INSERT INTO Period(periodTypeId,plantVarietyId,value) values (2,54,'Novembro a dezembro');
INSERT INTO Period(periodTypeId,plantVarietyId,value) values (2,55,'Novembro a dezembro');
INSERT INTO Period(periodTypeId,plantVarietyId,value) values (2,56,'Novembro a dezembro');
INSERT INTO Period(periodTypeId,plantVarietyId,value) values (2,57,'Novembro a dezembro');
INSERT INTO Period(periodTypeId,plantVarietyId,value) values (2,58,'Novembro a dezembro');
INSERT INTO Period(periodTypeId,plantVarietyId,value) values (2,59,'Novembro a dezembro');
INSERT INTO Period(periodTypeId,plantVarietyId,value) values (2,60,'Novembro a dezembro');
INSERT INTO Period(periodTypeId,plantVarietyId,value) values (2,61,'Novembro a dezembro');
INSERT INTO Period(periodTypeId,plantVarietyId,value) values (2,62,'Novembro a dezembro');
INSERT INTO Period(periodTypeId,plantVarietyId,value) values (2,63,'Novembro a dezembro');
INSERT INTO Period(periodTypeId,plantVarietyId,value) values (2,64,'Novembro a dezembro');
INSERT INTO Period(periodTypeId,plantVarietyId,value) values (2,65,'Novembro a dezembro');
INSERT INTO Period(periodTypeId,plantVarietyId,value) values (2,66,'Novembro a dezembro');
INSERT INTO Period(periodTypeId,plantVarietyId,value) values (2,67,'Novembro a dezembro');
INSERT INTO Period(periodTypeId,plantVarietyId,value) values (2,68,'Novembro a dezembro');
INSERT INTO Period(periodTypeId,plantVarietyId,value) values (2,94,'Dezembro a janeiro');
INSERT INTO Period(periodTypeId,plantVarietyId,value) values (2,95,'Dezembro a janeiro');
INSERT INTO Period(periodTypeId,plantVarietyId,value) values (1,82,'Abril a junho');
INSERT INTO Period(periodTypeId,plantVarietyId,value) values (1,83,'Abril a junho');
INSERT INTO Period(periodTypeId,plantVarietyId,value) values (1,84,'Março a setembro');
INSERT INTO Period(periodTypeId,plantVarietyId,value) values (1,93,'Fevereiro a abril, agosto a outubro');
INSERT INTO Period(periodTypeId,plantVarietyId,value) values (3,1,'Fevereiro a março');
INSERT INTO Period(periodTypeId,plantVarietyId,value) values (3,2,'Fevereiro a março');
INSERT INTO Period(periodTypeId,plantVarietyId,value) values (3,3,'Fevereiro a março');
INSERT INTO Period(periodTypeId,plantVarietyId,value) values (3,4,'Fevereiro a março');
INSERT INTO Period(periodTypeId,plantVarietyId,value) values (3,5,'Fevereiro a março');
INSERT INTO Period(periodTypeId,plantVarietyId,value) values (3,6,'Fevereiro a março');
INSERT INTO Period(periodTypeId,plantVarietyId,value) values (3,7,'Fevereiro a março');
INSERT INTO Period(periodTypeId,plantVarietyId,value) values (3,8,'Fevereiro a março');
INSERT INTO Period(periodTypeId,plantVarietyId,value) values (3,9,'Fevereiro a março');
INSERT INTO Period(periodTypeId,plantVarietyId,value) values (3,10,'Fevereiro a março');
INSERT INTO Period(periodTypeId,plantVarietyId,value) values (3,11,'Fevereiro a março');
INSERT INTO Period(periodTypeId,plantVarietyId,value) values (3,12,'Fevereiro a março');
INSERT INTO Period(periodTypeId,plantVarietyId,value) values (3,13,'Fevereiro a março');
INSERT INTO Period(periodTypeId,plantVarietyId,value) values (3,14,'Fevereiro a março');
INSERT INTO Period(periodTypeId,plantVarietyId,value) values (3,15,'Fevereiro a março');
INSERT INTO Period(periodTypeId,plantVarietyId,value) values (3,16,'Fevereiro a março');
INSERT INTO Period(periodTypeId,plantVarietyId,value) values (3,17,'Fevereiro a março');
INSERT INTO Period(periodTypeId,plantVarietyId,value) values (3,18,'Fevereiro a março');
INSERT INTO Period(periodTypeId,plantVarietyId,value) values (3,19,'Fevereiro a março');
INSERT INTO Period(periodTypeId,plantVarietyId,value) values (3,20,'Fevereiro a março');
INSERT INTO Period(periodTypeId,plantVarietyId,value) values (3,21,'Fevereiro a março');
INSERT INTO Period(periodTypeId,plantVarietyId,value) values (3,22,'Fevereiro a março');
INSERT INTO Period(periodTypeId,plantVarietyId,value) values (3,23,'Fevereiro a março');
INSERT INTO Period(periodTypeId,plantVarietyId,value) values (3,24,'Fevereiro a março');
INSERT INTO Period(periodTypeId,plantVarietyId,value) values (3,25,'Fevereiro a março');
INSERT INTO Period(periodTypeId,plantVarietyId,value) values (3,26,'Fevereiro a março');
INSERT INTO Period(periodTypeId,plantVarietyId,value) values (3,27,'Fevereiro a março');
INSERT INTO Period(periodTypeId,plantVarietyId,value) values (3,28,'Fevereiro a março');
INSERT INTO Period(periodTypeId,plantVarietyId,value) values (3,29,'Fevereiro a março');
INSERT INTO Period(periodTypeId,plantVarietyId,value) values (3,30,'Fevereiro a março');
INSERT INTO Period(periodTypeId,plantVarietyId,value) values (3,31,'Fevereiro a março');
INSERT INTO Period(periodTypeId,plantVarietyId,value) values (3,32,'Março a abril');
INSERT INTO Period(periodTypeId,plantVarietyId,value) values (3,33,'Março a abril');
INSERT INTO Period(periodTypeId,plantVarietyId,value) values (3,34,'Março a abril');
INSERT INTO Period(periodTypeId,plantVarietyId,value) values (3,35,'Março a abril');
INSERT INTO Period(periodTypeId,plantVarietyId,value) values (3,36,'Março a abril');
INSERT INTO Period(periodTypeId,plantVarietyId,value) values (3,37,'Março a abril');
INSERT INTO Period(periodTypeId,plantVarietyId,value) values (3,38,'Março a abril');
INSERT INTO Period(periodTypeId,plantVarietyId,value) values (3,39,'Março a abril');
INSERT INTO Period(periodTypeId,plantVarietyId,value) values (3,40,'Março a abril');
INSERT INTO Period(periodTypeId,plantVarietyId,value) values (3,41,'Março a abril');
INSERT INTO Period(periodTypeId,plantVarietyId,value) values (3,42,'Março a abril');
INSERT INTO Period(periodTypeId,plantVarietyId,value) values (3,43,'Março a abril');
INSERT INTO Period(periodTypeId,plantVarietyId,value) values (3,44,'Abril a maio');
INSERT INTO Period(periodTypeId,plantVarietyId,value) values (3,45,'Março a abril');
INSERT INTO Period(periodTypeId,plantVarietyId,value) values (3,46,'Março a abril');
INSERT INTO Period(periodTypeId,plantVarietyId,value) values (3,47,'Março a abril');
INSERT INTO Period(periodTypeId,plantVarietyId,value) values (3,48,'Março a abril');
INSERT INTO Period(periodTypeId,plantVarietyId,value) values (3,49,'Março a abril');
INSERT INTO Period(periodTypeId,plantVarietyId,value) values (3,50,'Março a abril');
INSERT INTO Period(periodTypeId,plantVarietyId,value) values (3,51,'Março a abril');
INSERT INTO Period(periodTypeId,plantVarietyId,value) values (3,52,'Março a abril');
INSERT INTO Period(periodTypeId,plantVarietyId,value) values (3,53,'Março a abril');
INSERT INTO Period(periodTypeId,plantVarietyId,value) values (3,54,'Março a abril');
INSERT INTO Period(periodTypeId,plantVarietyId,value) values (3,55,'Março a abril');
INSERT INTO Period(periodTypeId,plantVarietyId,value) values (3,56,'Março a abril');
INSERT INTO Period(periodTypeId,plantVarietyId,value) values (3,57,'Março a abril');
INSERT INTO Period(periodTypeId,plantVarietyId,value) values (3,58,'Março a abril');
INSERT INTO Period(periodTypeId,plantVarietyId,value) values (3,59,'Março a abril');
INSERT INTO Period(periodTypeId,plantVarietyId,value) values (3,60,'Março a abril');
INSERT INTO Period(periodTypeId,plantVarietyId,value) values (3,61,'Março a abril');
INSERT INTO Period(periodTypeId,plantVarietyId,value) values (3,62,'Março a abril');
INSERT INTO Period(periodTypeId,plantVarietyId,value) values (3,63,'Março a abril');
INSERT INTO Period(periodTypeId,plantVarietyId,value) values (3,64,'Março a abril');
INSERT INTO Period(periodTypeId,plantVarietyId,value) values (3,65,'Março a abril');
INSERT INTO Period(periodTypeId,plantVarietyId,value) values (3,66,'Março a abril');
INSERT INTO Period(periodTypeId,plantVarietyId,value) values (3,67,'Março a abril');
INSERT INTO Period(periodTypeId,plantVarietyId,value) values (3,68,'Março a abril');
INSERT INTO Period(periodTypeId,plantVarietyId,value) values (3,94,'Maio');
INSERT INTO Period(periodTypeId,plantVarietyId,value) values (3,95,'Maio');
INSERT INTO Period(periodTypeId,plantVarietyId,value) values (4,1,'Julho a agosto');
INSERT INTO Period(periodTypeId,plantVarietyId,value) values (4,2,'Julho a agosto');
INSERT INTO Period(periodTypeId,plantVarietyId,value) values (4,3,'Julho a agosto');
INSERT INTO Period(periodTypeId,plantVarietyId,value) values (4,4,'Julho a agosto');
INSERT INTO Period(periodTypeId,plantVarietyId,value) values (4,5,'Julho a agosto');
INSERT INTO Period(periodTypeId,plantVarietyId,value) values (4,6,'Julho a agosto');
INSERT INTO Period(periodTypeId,plantVarietyId,value) values (4,7,'Julho a agosto');
INSERT INTO Period(periodTypeId,plantVarietyId,value) values (4,8,'Julho a agosto');
INSERT INTO Period(periodTypeId,plantVarietyId,value) values (4,9,'Julho a agosto');
INSERT INTO Period(periodTypeId,plantVarietyId,value) values (4,10,'Julho a agosto');
INSERT INTO Period(periodTypeId,plantVarietyId,value) values (4,11,'Julho a agosto');
INSERT INTO Period(periodTypeId,plantVarietyId,value) values (4,12,'Julho a agosto');
INSERT INTO Period(periodTypeId,plantVarietyId,value) values (4,13,'Julho a agosto');
INSERT INTO Period(periodTypeId,plantVarietyId,value) values (4,14,'Julho a agosto');
INSERT INTO Period(periodTypeId,plantVarietyId,value) values (4,15,'Julho a agosto');
INSERT INTO Period(periodTypeId,plantVarietyId,value) values (4,16,'Julho a agosto');
INSERT INTO Period(periodTypeId,plantVarietyId,value) values (4,17,'Julho a agosto');
INSERT INTO Period(periodTypeId,plantVarietyId,value) values (4,18,'Julho a agosto');
INSERT INTO Period(periodTypeId,plantVarietyId,value) values (4,19,'Julho a agosto');
INSERT INTO Period(periodTypeId,plantVarietyId,value) values (4,20,'Julho a agosto');
INSERT INTO Period(periodTypeId,plantVarietyId,value) values (4,21,'Julho a agosto');
INSERT INTO Period(periodTypeId,plantVarietyId,value) values (4,22,'Julho a agosto');
INSERT INTO Period(periodTypeId,plantVarietyId,value) values (4,23,'Julho a agosto');
INSERT INTO Period(periodTypeId,plantVarietyId,value) values (4,24,'Julho a agosto');
INSERT INTO Period(periodTypeId,plantVarietyId,value) values (4,25,'Julho a agosto');
INSERT INTO Period(periodTypeId,plantVarietyId,value) values (4,26,'Julho a agosto');
INSERT INTO Period(periodTypeId,plantVarietyId,value) values (4,27,'Julho a agosto');
INSERT INTO Period(periodTypeId,plantVarietyId,value) values (4,28,'Julho a agosto');
INSERT INTO Period(periodTypeId,plantVarietyId,value) values (4,29,'Julho a agosto');
INSERT INTO Period(periodTypeId,plantVarietyId,value) values (4,30,'Julho a agosto');
INSERT INTO Period(periodTypeId,plantVarietyId,value) values (4,31,'Julho a agosto');
INSERT INTO Period(periodTypeId,plantVarietyId,value) values (4,32,'Agosto a setembro');
INSERT INTO Period(periodTypeId,plantVarietyId,value) values (4,33,'Agosto a setembro');
INSERT INTO Period(periodTypeId,plantVarietyId,value) values (4,34,'Agosto a setembro');
INSERT INTO Period(periodTypeId,plantVarietyId,value) values (4,35,'Agosto a setembro');
INSERT INTO Period(periodTypeId,plantVarietyId,value) values (4,36,'Agosto a setembro');
INSERT INTO Period(periodTypeId,plantVarietyId,value) values (4,37,'Agosto a setembro');
INSERT INTO Period(periodTypeId,plantVarietyId,value) values (4,38,'Agosto a setembro');
INSERT INTO Period(periodTypeId,plantVarietyId,value) values (4,39,'Agosto a setembro');
INSERT INTO Period(periodTypeId,plantVarietyId,value) values (4,40,'Agosto a setembro');
INSERT INTO Period(periodTypeId,plantVarietyId,value) values (4,41,'Agosto a setembro');
INSERT INTO Period(periodTypeId,plantVarietyId,value) values (4,42,'Agosto a setembro');
INSERT INTO Period(periodTypeId,plantVarietyId,value) values (4,43,'Agosto a setembro');
INSERT INTO Period(periodTypeId,plantVarietyId,value) values (4,44,'Novembro a dezembro');
INSERT INTO Period(periodTypeId,plantVarietyId,value) values (4,45,'Agosto a setembro');
INSERT INTO Period(periodTypeId,plantVarietyId,value) values (4,46,'Agosto a setembro');
INSERT INTO Period(periodTypeId,plantVarietyId,value) values (4,47,'Agosto a setembro');
INSERT INTO Period(periodTypeId,plantVarietyId,value) values (4,48,'Agosto a setembro');
INSERT INTO Period(periodTypeId,plantVarietyId,value) values (4,49,'Agosto a setembro');
INSERT INTO Period(periodTypeId,plantVarietyId,value) values (4,50,'Agosto a setembro');
INSERT INTO Period(periodTypeId,plantVarietyId,value) values (4,51,'Agosto a setembro');
INSERT INTO Period(periodTypeId,plantVarietyId,value) values (4,52,'Agosto a setembro');
INSERT INTO Period(periodTypeId,plantVarietyId,value) values (4,53,'Agosto a setembro');
INSERT INTO Period(periodTypeId,plantVarietyId,value) values (4,54,'Agosto a setembro');
INSERT INTO Period(periodTypeId,plantVarietyId,value) values (4,55,'Agosto a setembro');
INSERT INTO Period(periodTypeId,plantVarietyId,value) values (4,56,'Agosto a setembro');
INSERT INTO Period(periodTypeId,plantVarietyId,value) values (4,57,'Agosto a setembro');
INSERT INTO Period(periodTypeId,plantVarietyId,value) values (4,58,'Agosto a setembro');
INSERT INTO Period(periodTypeId,plantVarietyId,value) values (4,59,'Agosto a setembro');
INSERT INTO Period(periodTypeId,plantVarietyId,value) values (4,60,'Agosto a setembro');
INSERT INTO Period(periodTypeId,plantVarietyId,value) values (4,61,'Agosto a setembro');
INSERT INTO Period(periodTypeId,plantVarietyId,value) values (4,62,'Agosto a setembro');
INSERT INTO Period(periodTypeId,plantVarietyId,value) values (4,63,'Agosto a setembro');
INSERT INTO Period(periodTypeId,plantVarietyId,value) values (4,64,'Agosto a setembro');
INSERT INTO Period(periodTypeId,plantVarietyId,value) values (4,65,'Agosto a setembro');
INSERT INTO Period(periodTypeId,plantVarietyId,value) values (4,66,'Agosto a setembro');
INSERT INTO Period(periodTypeId,plantVarietyId,value) values (4,67,'Agosto a setembro');
INSERT INTO Period(periodTypeId,plantVarietyId,value) values (4,68,'Agosto a setembro');
INSERT INTO Period(periodTypeId,plantVarietyId,value) values (4,73,'80 dias');
INSERT INTO Period(periodTypeId,plantVarietyId,value) values (4,74,'80 dias');
INSERT INTO Period(periodTypeId,plantVarietyId,value) values (4,75,'80 dias');
INSERT INTO Period(periodTypeId,plantVarietyId,value) values (4,76,'80 dias');
INSERT INTO Period(periodTypeId,plantVarietyId,value) values (4,77,'80 dias');
INSERT INTO Period(periodTypeId,plantVarietyId,value) values (4,78,'80 dias');
INSERT INTO Period(periodTypeId,plantVarietyId,value) values (4,79,'80 dias');
INSERT INTO Period(periodTypeId,plantVarietyId,value) values (4,82,'Julho a setembro');
INSERT INTO Period(periodTypeId,plantVarietyId,value) values (4,83,'Julho a setembro');
INSERT INTO Period(periodTypeId,plantVarietyId,value) values (4,84,'Junho a fevereiro');
INSERT INTO Period(periodTypeId,plantVarietyId,value) values (4,85,'Outubro a novembro');
INSERT INTO Period(periodTypeId,plantVarietyId,value) values (4,86,'Outubro a novembro');
INSERT INTO Period(periodTypeId,plantVarietyId,value) values (4,87,'Outubro a novembro');
INSERT INTO Period(periodTypeId,plantVarietyId,value) values (4,88,'Outubro a novembro');
INSERT INTO Period(periodTypeId,plantVarietyId,value) values (4,89,'Outubro a novembro');
INSERT INTO Period(periodTypeId,plantVarietyId,value) values (4,90,'Outubro a novembro');
INSERT INTO Period(periodTypeId,plantVarietyId,value) values (4,91,'Outubro a novembro');
INSERT INTO Period(periodTypeId,plantVarietyId,value) values (4,92,'Outubro a novembro');
INSERT INTO Period(periodTypeId,plantVarietyId,value) values (4,93,'90 dias');
INSERT INTO Period(periodTypeId,plantVarietyId,value) values (4,94,'Junho a agosto');
INSERT INTO Period(periodTypeId,plantVarietyId,value) values (4,95,'Junho a agosto');
INSERT INTO Crop(cropId,plotId,plantId,initialDate) values (1,101,1,TO_DATE('10/10/2020','DD/MM/YYYY'));
INSERT INTO Crop(cropId,plotId,plantId,initialDate) values (2,101,2,TO_DATE('10/04/2021','DD/MM/YYYY'));
INSERT INTO Crop(cropId,plotId,plantId,initialDate) values (3,101,1,TO_DATE('03/10/2021','DD/MM/YYYY'));
INSERT INTO Crop(cropId,plotId,plantId,initialDate) values (4,101,2,TO_DATE('15/04/2022','DD/MM/YYYY'));
INSERT INTO Crop(cropId,plotId,plantId,initialDate) values (5,103,3,TO_DATE('05/04/2020','DD/MM/YYYY'));
INSERT INTO Crop(cropId,plotId,plantId,initialDate) values (6,103,1,TO_DATE('12/10/2020','DD/MM/YYYY'));
INSERT INTO Crop(cropId,plotId,plantId,initialDate) values (7,103,3,TO_DATE('03/04/2021','DD/MM/YYYY'));
INSERT INTO Crop(cropId,plotId,plantId,initialDate) values (8,103,1,TO_DATE('06/10/2021','DD/MM/YYYY'));
INSERT INTO Crop(cropId,plotId,plantId,initialDate) values (9,103,3,TO_DATE('08/04/2022','DD/MM/YYYY'));
INSERT INTO Crop(cropId,plotId,plantId,initialDate) values (10,103,1,TO_DATE('12/10/2022','DD/MM/YYYY'));
INSERT INTO Crop(cropId,plotId,plantId,initialDate) values (11,102,4,TO_DATE('06/10/2016','DD/MM/YYYY'));
INSERT INTO Crop(cropId,plotId,plantId,initialDate) values (12,102,5,TO_DATE('10/10/2016','DD/MM/YYYY'));
INSERT INTO Crop(cropId,plotId,plantId,initialDate) values (13,106,6,TO_DATE('10/03/2020','DD/MM/YYYY'));
INSERT INTO Crop(cropId,plotId,plantId,initialDate) values (14,106,7,TO_DATE('02/06/2020','DD/MM/YYYY'));
INSERT INTO Crop(cropId,plotId,plantId,initialDate) values (15,106,8,TO_DATE('20/09/2020','DD/MM/YYYY'));
INSERT INTO Crop(cropId,plotId,plantId,initialDate) values (16,106,9,TO_DATE('10/03/2021','DD/MM/YYYY'));
INSERT INTO Crop(cropId,plotId,plantId,initialDate) values (17,106,10,TO_DATE('02/06/2021','DD/MM/YYYY'));
INSERT INTO Crop(cropId,plotId,plantId,initialDate) values (18,106,8,TO_DATE('20/09/2021','DD/MM/YYYY'));
INSERT INTO Crop(cropId,plotId,plantId,initialDate) values (19,106,9,TO_DATE('06/03/2022','DD/MM/YYYY'));
INSERT INTO Crop(cropId,plotId,plantId,initialDate) values (20,106,7,TO_DATE('30/05/2022','DD/MM/YYYY'));
INSERT INTO Crop(cropId,plotId,plantId,initialDate) values (21,106,11,TO_DATE('20/09/2022','DD/MM/YYYY'));
INSERT INTO Crop(cropId,plotId,plantId,initialDate) values (22,104,12,TO_DATE('07/01/2017','DD/MM/YYYY'));
INSERT INTO Crop(cropId,plotId,plantId,initialDate) values (23,104,13,TO_DATE('08/01/2017','DD/MM/YYYY'));
INSERT INTO Crop(cropId,plotId,plantId,initialDate) values (24,104,14,TO_DATE('08/01/2017','DD/MM/YYYY'));
INSERT INTO Crop(cropId,plotId,plantId,initialDate) values (25,104,14,TO_DATE('10/12/2018','DD/MM/YYYY'));
INSERT INTO Crop(cropId,plotId,plantId,initialDate) values (26,107,15,TO_DATE('10/01/2018','DD/MM/YYYY'));
INSERT INTO Crop(cropId,plotId,plantId,initialDate) values (27,107,16,TO_DATE('11/01/2018','DD/MM/YYYY'));
INSERT INTO Crop(cropId,plotId,plantId,initialDate) values (28,102,4,TO_DATE('01/05/2017','DD/MM/YYYY'));
INSERT INTO Crop(cropId,plotId,plantId,initialDate) values (29,102,5,TO_DATE('01/05/2017','DD/MM/YYYY'));
INSERT INTO Crop(cropId,plotId,plantId,initialDate) values (30,102,18,TO_DATE('01/05/2017','DD/MM/YYYY'));
INSERT INTO Crop(cropId,plotId,plantId,initialDate) values (31,104,12,TO_DATE('01/05/2017','DD/MM/YYYY'));
INSERT INTO Crop(cropId,plotId,plantId,initialDate) values (32,104,13,TO_DATE('01/05/2017','DD/MM/YYYY'));
INSERT INTO Crop(cropId,plotId,plantId,initialDate) values (33,104,14,TO_DATE('01/05/2017','DD/MM/YYYY'));
INSERT INTO Crop(cropId,plotId,plantId,initialDate) values (34,105,14,TO_DATE('01/05/2019','DD/MM/YYYY'));
INSERT INTO Crop(cropId,plotId,plantId,initialDate) values (35,105,19,TO_DATE('01/05/2019','DD/MM/YYYY'));
INSERT INTO Crop(cropId,plotId,plantId,initialDate) values (36,105,20,TO_DATE('01/05/2019','DD/MM/YYYY'));
INSERT INTO Crop(cropId,plotId,plantId,initialDate) values (37,105,21,TO_DATE('01/05/2019','DD/MM/YYYY'));
INSERT INTO Crop(cropId,plotId,plantId,initialDate) values (38,105,22,TO_DATE('01/05/2019','DD/MM/YYYY'));
INSERT INTO Crop(cropId,plotId,plantId,initialDate) values (39,105,23,TO_DATE('01/05/2019','DD/MM/YYYY'));
INSERT INTO Crop(cropId,plotId,plantId,initialDate) values (40,105,24,TO_DATE('01/05/2019','DD/MM/YYYY'));
INSERT INTO Crop(cropId,plotId,plantId,initialDate) values (41,108,9,TO_DATE('05/04/2023','DD/MM/YYYY'));
INSERT INTO Crop(cropId,plotId,plantId,initialDate) values (42,108,10,TO_DATE('05/07/2023','DD/MM/YYYY'));
INSERT INTO Crop(cropId,plotId,plantId,initialDate) values (43,108,17,TO_DATE('06/04/2023','DD/MM/YYYY'));
INSERT INTO Crop(cropId,plotId,plantId,initialDate) values (44,108,1,TO_DATE('12/10/2023','DD/MM/YYYY'));
INSERT INTO Crop(cropId,plotId,plantId,initialDate) values (45,108,18,TO_DATE('12/10/2016','DD/MM/YYYY'));
INSERT INTO CropFinalDate(cropId,value) values (1,TO_DATE('30/03/2021','DD/MM/YYYY'));
INSERT INTO CropFinalDate(cropId,value) values (2,TO_DATE('12/08/2021','DD/MM/YYYY'));
INSERT INTO CropFinalDate(cropId,value) values (3,TO_DATE('05/04/2022','DD/MM/YYYY'));
INSERT INTO CropFinalDate(cropId,value) values (4,TO_DATE('21/08/2022','DD/MM/YYYY'));
INSERT INTO CropFinalDate(cropId,value) values (5,TO_DATE('20/08/2020','DD/MM/YYYY'));
INSERT INTO CropFinalDate(cropId,value) values (6,TO_DATE('15/03/2021','DD/MM/YYYY'));
INSERT INTO CropFinalDate(cropId,value) values (7,TO_DATE('25/08/2021','DD/MM/YYYY'));
INSERT INTO CropFinalDate(cropId,value) values (8,TO_DATE('19/03/2022','DD/MM/YYYY'));
INSERT INTO CropFinalDate(cropId,value) values (9,TO_DATE('18/08/2022','DD/MM/YYYY'));
INSERT INTO CropFinalDate(cropId,value) values (10,TO_DATE('20/03/2023','DD/MM/YYYY'));
INSERT INTO CropFinalDate(cropId,value) values (13,TO_DATE('15/05/2020','DD/MM/YYYY'));
INSERT INTO CropFinalDate(cropId,value) values (14,TO_DATE('08/09/2020','DD/MM/YYYY'));
INSERT INTO CropFinalDate(cropId,value) values (15,TO_DATE('10/01/2021','DD/MM/YYYY'));
INSERT INTO CropFinalDate(cropId,value) values (16,TO_DATE('15/05/2021','DD/MM/YYYY'));
INSERT INTO CropFinalDate(cropId,value) values (17,TO_DATE('08/09/2021','DD/MM/YYYY'));
INSERT INTO CropFinalDate(cropId,value) values (18,TO_DATE('10/01/2022','DD/MM/YYYY'));
INSERT INTO CropFinalDate(cropId,value) values (19,TO_DATE('16/05/2022','DD/MM/YYYY'));
INSERT INTO CropFinalDate(cropId,value) values (20,TO_DATE('05/09/2022','DD/MM/YYYY'));
INSERT INTO CropFinalDate(cropId,value) values (21,TO_DATE('14/01/2023','DD/MM/YYYY'));
INSERT INTO Operation(operationId,plotId,operationDate) values (1,102,TO_DATE('06/10/2016','DD/MM/YYYY'));
INSERT INTO Operation(operationId,plotId,operationDate) values (2,102,TO_DATE('10/10/2016','DD/MM/YYYY'));
INSERT INTO Operation(operationId,plotId,operationDate) values (3,104,TO_DATE('07/01/2017','DD/MM/YYYY'));
INSERT INTO Operation(operationId,plotId,operationDate) values (4,104,TO_DATE('08/01/2017','DD/MM/YYYY'));
INSERT INTO Operation(operationId,plotId,operationDate) values (5,104,TO_DATE('08/01/2017','DD/MM/YYYY'));
INSERT INTO Operation(operationId,plotId,operationDate) values (6,102,TO_DATE('03/07/2017','DD/MM/YYYY'));
INSERT INTO Operation(operationId,plotId,operationDate) values (7,102,TO_DATE('03/07/2017','DD/MM/YYYY'));
INSERT INTO Operation(operationId,plotId,operationDate) values (8,104,TO_DATE('10/07/2017','DD/MM/YYYY'));
INSERT INTO Operation(operationId,plotId,operationDate) values (9,102,TO_DATE('10/08/2017','DD/MM/YYYY'));
INSERT INTO Operation(operationId,plotId,operationDate) values (10,102,TO_DATE('10/08/2017','DD/MM/YYYY'));
INSERT INTO Operation(operationId,plotId,operationDate) values (11,104,TO_DATE('10/08/2017','DD/MM/YYYY'));
INSERT INTO Operation(operationId,plotId,operationDate) values (12,104,TO_DATE('10/09/2017','DD/MM/YYYY'));
INSERT INTO Operation(operationId,plotId,operationDate) values (13,102,TO_DATE('04/11/2017','DD/MM/YYYY'));
INSERT INTO Operation(operationId,plotId,operationDate) values (14,102,TO_DATE('04/11/2017','DD/MM/YYYY'));
INSERT INTO Operation(operationId,plotId,operationDate) values (15,102,TO_DATE('10/12/2017','DD/MM/YYYY'));
INSERT INTO Operation(operationId,plotId,operationDate) values (16,102,TO_DATE('10/12/2017','DD/MM/YYYY'));
INSERT INTO Operation(operationId,plotId,operationDate) values (17,104,TO_DATE('07/01/2018','DD/MM/YYYY'));
INSERT INTO Operation(operationId,plotId,operationDate) values (18,104,TO_DATE('08/01/2018','DD/MM/YYYY'));
INSERT INTO Operation(operationId,plotId,operationDate) values (19,104,TO_DATE('08/01/2018','DD/MM/YYYY'));
INSERT INTO Operation(operationId,plotId,operationDate) values (20,107,TO_DATE('10/01/2018','DD/MM/YYYY'));
INSERT INTO Operation(operationId,plotId,operationDate) values (21,107,TO_DATE('11/01/2018','DD/MM/YYYY'));
INSERT INTO Operation(operationId,plotId,operationDate) values (22,104,TO_DATE('06/02/2018','DD/MM/YYYY'));
INSERT INTO Operation(operationId,plotId,operationDate) values (23,104,TO_DATE('06/02/2018','DD/MM/YYYY'));
INSERT INTO Operation(operationId,plotId,operationDate) values (24,104,TO_DATE('06/02/2018','DD/MM/YYYY'));
INSERT INTO Operation(operationId,plotId,operationDate) values (25,102,TO_DATE('03/07/2018','DD/MM/YYYY'));
INSERT INTO Operation(operationId,plotId,operationDate) values (26,102,TO_DATE('03/07/2018','DD/MM/YYYY'));
INSERT INTO Operation(operationId,plotId,operationDate) values (27,104,TO_DATE('10/07/2018','DD/MM/YYYY'));
INSERT INTO Operation(operationId,plotId,operationDate) values (28,107,TO_DATE('10/07/2018','DD/MM/YYYY'));
INSERT INTO Operation(operationId,plotId,operationDate) values (29,102,TO_DATE('10/08/2018','DD/MM/YYYY'));
INSERT INTO Operation(operationId,plotId,operationDate) values (30,102,TO_DATE('10/08/2018','DD/MM/YYYY'));
INSERT INTO Operation(operationId,plotId,operationDate) values (31,104,TO_DATE('10/08/2018','DD/MM/YYYY'));
INSERT INTO Operation(operationId,plotId,operationDate) values (32,107,TO_DATE('11/08/2018','DD/MM/YYYY'));
INSERT INTO Operation(operationId,plotId,operationDate) values (33,104,TO_DATE('02/09/2018','DD/MM/YYYY'));
INSERT INTO Operation(operationId,plotId,operationDate) values (34,104,TO_DATE('10/09/2018','DD/MM/YYYY'));
INSERT INTO Operation(operationId,plotId,operationDate) values (35,102,TO_DATE('17/11/2018','DD/MM/YYYY'));
INSERT INTO Operation(operationId,plotId,operationDate) values (36,102,TO_DATE('17/11/2018','DD/MM/YYYY'));
INSERT INTO Operation(operationId,plotId,operationDate) values (37,104,TO_DATE('10/12/2018','DD/MM/YYYY'));
INSERT INTO Operation(operationId,plotId,operationDate) values (38,107,TO_DATE('16/12/2018','DD/MM/YYYY'));
INSERT INTO Operation(operationId,plotId,operationDate) values (39,107,TO_DATE('18/12/2018','DD/MM/YYYY'));
INSERT INTO Operation(operationId,plotId,operationDate) values (40,104,TO_DATE('07/01/2019','DD/MM/YYYY'));
INSERT INTO Operation(operationId,plotId,operationDate) values (41,104,TO_DATE('08/01/2019','DD/MM/YYYY'));
INSERT INTO Operation(operationId,plotId,operationDate) values (42,104,TO_DATE('08/01/2019','DD/MM/YYYY'));
INSERT INTO Operation(operationId,plotId,operationDate) values (43,107,TO_DATE('20/01/2019','DD/MM/YYYY'));
INSERT INTO Operation(operationId,plotId,operationDate) values (44,107,TO_DATE('20/01/2019','DD/MM/YYYY'));
INSERT INTO Operation(operationId,plotId,operationDate) values (45,104,TO_DATE('06/02/2019','DD/MM/YYYY'));
INSERT INTO Operation(operationId,plotId,operationDate) values (46,104,TO_DATE('06/02/2019','DD/MM/YYYY'));
INSERT INTO Operation(operationId,plotId,operationDate) values (47,104,TO_DATE('06/02/2019','DD/MM/YYYY'));
INSERT INTO Operation(operationId,plotId,operationDate) values (48,102,TO_DATE('03/07/2019','DD/MM/YYYY'));
INSERT INTO Operation(operationId,plotId,operationDate) values (49,102,TO_DATE('03/07/2019','DD/MM/YYYY'));
INSERT INTO Operation(operationId,plotId,operationDate) values (50,104,TO_DATE('03/07/2019','DD/MM/YYYY'));
INSERT INTO Operation(operationId,plotId,operationDate) values (51,107,TO_DATE('10/07/2019','DD/MM/YYYY'));
INSERT INTO Operation(operationId,plotId,operationDate) values (52,102,TO_DATE('10/08/2019','DD/MM/YYYY'));
INSERT INTO Operation(operationId,plotId,operationDate) values (53,102,TO_DATE('10/08/2019','DD/MM/YYYY'));
INSERT INTO Operation(operationId,plotId,operationDate) values (54,104,TO_DATE('10/08/2019','DD/MM/YYYY'));
INSERT INTO Operation(operationId,plotId,operationDate) values (55,107,TO_DATE('11/08/2019','DD/MM/YYYY'));
INSERT INTO Operation(operationId,plotId,operationDate) values (56,102,TO_DATE('15/11/2019','DD/MM/YYYY'));
INSERT INTO Operation(operationId,plotId,operationDate) values (57,102,TO_DATE('15/11/2019','DD/MM/YYYY'));
INSERT INTO Operation(operationId,plotId,operationDate) values (58,107,TO_DATE('16/12/2019','DD/MM/YYYY'));
INSERT INTO Operation(operationId,plotId,operationDate) values (59,107,TO_DATE('18/12/2019','DD/MM/YYYY'));
INSERT INTO Operation(operationId,plotId,operationDate) values (60,107,TO_DATE('20/01/2020','DD/MM/YYYY'));
INSERT INTO Operation(operationId,plotId,operationDate) values (61,107,TO_DATE('20/01/2020','DD/MM/YYYY'));
INSERT INTO Operation(operationId,plotId,operationDate) values (62,106,TO_DATE('12/03/2020','DD/MM/YYYY'));
INSERT INTO Operation(operationId,plotId,operationDate) values (63,103,TO_DATE('05/04/2020','DD/MM/YYYY'));
INSERT INTO Operation(operationId,plotId,operationDate) values (64,106,TO_DATE('05/05/2020','DD/MM/YYYY'));
INSERT INTO Operation(operationId,plotId,operationDate) values (65,106,TO_DATE('15/05/2020','DD/MM/YYYY'));
INSERT INTO Operation(operationId,plotId,operationDate) values (66,106,TO_DATE('02/06/2020','DD/MM/YYYY'));
INSERT INTO Operation(operationId,plotId,operationDate) values (67,102,TO_DATE('03/07/2020','DD/MM/YYYY'));
INSERT INTO Operation(operationId,plotId,operationDate) values (68,102,TO_DATE('03/07/2020','DD/MM/YYYY'));
INSERT INTO Operation(operationId,plotId,operationDate) values (69,107,TO_DATE('10/07/2020','DD/MM/YYYY'));
INSERT INTO Operation(operationId,plotId,operationDate) values (70,103,TO_DATE('12/07/2020','DD/MM/YYYY'));
INSERT INTO Operation(operationId,plotId,operationDate) values (71,106,TO_DATE('15/07/2020','DD/MM/YYYY'));
INSERT INTO Operation(operationId,plotId,operationDate) values (72,103,TO_DATE('28/07/2020','DD/MM/YYYY'));
INSERT INTO Operation(operationId,plotId,operationDate) values (73,102,TO_DATE('10/08/2020','DD/MM/YYYY'));
INSERT INTO Operation(operationId,plotId,operationDate) values (74,102,TO_DATE('10/08/2020','DD/MM/YYYY'));
INSERT INTO Operation(operationId,plotId,operationDate) values (75,103,TO_DATE('10/08/2020','DD/MM/YYYY'));
INSERT INTO Operation(operationId,plotId,operationDate) values (76,107,TO_DATE('11/08/2020','DD/MM/YYYY'));
INSERT INTO Operation(operationId,plotId,operationDate) values (77,106,TO_DATE('12/08/2020','DD/MM/YYYY'));
INSERT INTO Operation(operationId,plotId,operationDate) values (78,103,TO_DATE('20/08/2020','DD/MM/YYYY'));
INSERT INTO Operation(operationId,plotId,operationDate) values (79,106,TO_DATE('28/08/2020','DD/MM/YYYY'));
INSERT INTO Operation(operationId,plotId,operationDate) values (80,106,TO_DATE('07/09/2020','DD/MM/YYYY'));
INSERT INTO Operation(operationId,plotId,operationDate) values (81,106,TO_DATE('20/09/2020','DD/MM/YYYY'));
INSERT INTO Operation(operationId,plotId,operationDate) values (82,101,TO_DATE('10/10/2020','DD/MM/YYYY'));
INSERT INTO Operation(operationId,plotId,operationDate) values (83,103,TO_DATE('12/10/2020','DD/MM/YYYY'));
INSERT INTO Operation(operationId,plotId,operationDate) values (84,102,TO_DATE('10/11/2020','DD/MM/YYYY'));
INSERT INTO Operation(operationId,plotId,operationDate) values (85,102,TO_DATE('10/11/2020','DD/MM/YYYY'));
INSERT INTO Operation(operationId,plotId,operationDate) values (86,106,TO_DATE('15/11/2020','DD/MM/YYYY'));
INSERT INTO Operation(operationId,plotId,operationDate) values (87,104,TO_DATE('05/12/2020','DD/MM/YYYY'));
INSERT INTO Operation(operationId,plotId,operationDate) values (88,104,TO_DATE('05/12/2020','DD/MM/YYYY'));
INSERT INTO Operation(operationId,plotId,operationDate) values (89,102,TO_DATE('10/12/2020','DD/MM/YYYY'));
INSERT INTO Operation(operationId,plotId,operationDate) values (90,102,TO_DATE('10/12/2020','DD/MM/YYYY'));
INSERT INTO Operation(operationId,plotId,operationDate) values (91,104,TO_DATE('15/12/2020','DD/MM/YYYY'));
INSERT INTO Operation(operationId,plotId,operationDate) values (92,104,TO_DATE('15/12/2020','DD/MM/YYYY'));
INSERT INTO Operation(operationId,plotId,operationDate) values (93,107,TO_DATE('16/12/2020','DD/MM/YYYY'));
INSERT INTO Operation(operationId,plotId,operationDate) values (94,106,TO_DATE('18/12/2020','DD/MM/YYYY'));
INSERT INTO Operation(operationId,plotId,operationDate) values (95,107,TO_DATE('18/12/2020','DD/MM/YYYY'));
INSERT INTO Operation(operationId,plotId,operationDate) values (96,106,TO_DATE('04/01/2021','DD/MM/YYYY'));
INSERT INTO Operation(operationId,plotId,operationDate) values (97,107,TO_DATE('20/01/2021','DD/MM/YYYY'));
INSERT INTO Operation(operationId,plotId,operationDate) values (98,107,TO_DATE('20/01/2021','DD/MM/YYYY'));
INSERT INTO Operation(operationId,plotId,operationDate) values (99,106,TO_DATE('10/03/2021','DD/MM/YYYY'));
INSERT INTO Operation(operationId,plotId,operationDate) values (100,103,TO_DATE('14/03/2021','DD/MM/YYYY'));
INSERT INTO Operation(operationId,plotId,operationDate) values (101,101,TO_DATE('30/03/2021','DD/MM/YYYY'));
INSERT INTO Operation(operationId,plotId,operationDate) values (102,103,TO_DATE('03/04/2021','DD/MM/YYYY'));
INSERT INTO Operation(operationId,plotId,operationDate) values (103,101,TO_DATE('15/04/2021','DD/MM/YYYY'));
INSERT INTO Operation(operationId,plotId,operationDate) values (104,104,TO_DATE('02/05/2021','DD/MM/YYYY'));
INSERT INTO Operation(operationId,plotId,operationDate) values (105,106,TO_DATE('05/05/2021','DD/MM/YYYY'));
INSERT INTO Operation(operationId,plotId,operationDate) values (106,106,TO_DATE('15/05/2021','DD/MM/YYYY'));
INSERT INTO Operation(operationId,plotId,operationDate) values (107,106,TO_DATE('02/06/2021','DD/MM/YYYY'));
INSERT INTO Operation(operationId,plotId,operationDate) values (108,106,TO_DATE('20/06/2021','DD/MM/YYYY'));
INSERT INTO Operation(operationId,plotId,operationDate) values (109,102,TO_DATE('03/07/2021','DD/MM/YYYY'));
INSERT INTO Operation(operationId,plotId,operationDate) values (110,102,TO_DATE('03/07/2021','DD/MM/YYYY'));
INSERT INTO Operation(operationId,plotId,operationDate) values (111,104,TO_DATE('05/07/2021','DD/MM/YYYY'));
INSERT INTO Operation(operationId,plotId,operationDate) values (112,106,TO_DATE('07/07/2021','DD/MM/YYYY'));
INSERT INTO Operation(operationId,plotId,operationDate) values (113,107,TO_DATE('10/07/2021','DD/MM/YYYY'));
INSERT INTO Operation(operationId,plotId,operationDate) values (114,103,TO_DATE('12/07/2021','DD/MM/YYYY'));
INSERT INTO Operation(operationId,plotId,operationDate) values (115,107,TO_DATE('15/07/2021','DD/MM/YYYY'));
INSERT INTO Operation(operationId,plotId,operationDate) values (116,107,TO_DATE('20/07/2021','DD/MM/YYYY'));
INSERT INTO Operation(operationId,plotId,operationDate) values (117,103,TO_DATE('24/07/2021','DD/MM/YYYY'));
INSERT INTO Operation(operationId,plotId,operationDate) values (118,104,TO_DATE('30/07/2021','DD/MM/YYYY'));
INSERT INTO Operation(operationId,plotId,operationDate) values (119,106,TO_DATE('30/07/2021','DD/MM/YYYY'));
INSERT INTO Operation(operationId,plotId,operationDate) values (120,103,TO_DATE('07/08/2021','DD/MM/YYYY'));
INSERT INTO Operation(operationId,plotId,operationDate) values (121,102,TO_DATE('10/08/2021','DD/MM/YYYY'));
INSERT INTO Operation(operationId,plotId,operationDate) values (122,102,TO_DATE('10/08/2021','DD/MM/YYYY'));
INSERT INTO Operation(operationId,plotId,operationDate) values (123,101,TO_DATE('12/08/2021','DD/MM/YYYY'));
INSERT INTO Operation(operationId,plotId,operationDate) values (124,106,TO_DATE('17/08/2021','DD/MM/YYYY'));
INSERT INTO Operation(operationId,plotId,operationDate) values (125,104,TO_DATE('24/08/2021','DD/MM/YYYY'));
INSERT INTO Operation(operationId,plotId,operationDate) values (126,103,TO_DATE('25/08/2021','DD/MM/YYYY'));
INSERT INTO Operation(operationId,plotId,operationDate) values (127,106,TO_DATE('28/08/2021','DD/MM/YYYY'));
INSERT INTO Operation(operationId,plotId,operationDate) values (128,104,TO_DATE('05/09/2021','DD/MM/YYYY'));
INSERT INTO Operation(operationId,plotId,operationDate) values (129,106,TO_DATE('07/09/2021','DD/MM/YYYY'));
INSERT INTO Operation(operationId,plotId,operationDate) values (130,104,TO_DATE('12/09/2021','DD/MM/YYYY'));
INSERT INTO Operation(operationId,plotId,operationDate) values (131,106,TO_DATE('20/09/2021','DD/MM/YYYY'));
INSERT INTO Operation(operationId,plotId,operationDate) values (132,104,TO_DATE('23/09/2021','DD/MM/YYYY'));
INSERT INTO Operation(operationId,plotId,operationDate) values (133,103,TO_DATE('06/10/2021','DD/MM/YYYY'));
INSERT INTO Operation(operationId,plotId,operationDate) values (134,104,TO_DATE('12/10/2021','DD/MM/YYYY'));
INSERT INTO Operation(operationId,plotId,operationDate) values (135,104,TO_DATE('03/11/2021','DD/MM/YYYY'));
INSERT INTO Operation(operationId,plotId,operationDate) values (136,102,TO_DATE('10/11/2021','DD/MM/YYYY'));
INSERT INTO Operation(operationId,plotId,operationDate) values (137,102,TO_DATE('10/11/2021','DD/MM/YYYY'));
INSERT INTO Operation(operationId,plotId,operationDate) values (138,103,TO_DATE('15/11/2021','DD/MM/YYYY'));
INSERT INTO Operation(operationId,plotId,operationDate) values (139,102,TO_DATE('17/11/2021','DD/MM/YYYY'));
INSERT INTO Operation(operationId,plotId,operationDate) values (140,102,TO_DATE('17/11/2021','DD/MM/YYYY'));
INSERT INTO Operation(operationId,plotId,operationDate) values (141,104,TO_DATE('28/11/2021','DD/MM/YYYY'));
INSERT INTO Operation(operationId,plotId,operationDate) values (142,104,TO_DATE('03/12/2021','DD/MM/YYYY'));
INSERT INTO Operation(operationId,plotId,operationDate) values (143,107,TO_DATE('16/12/2021','DD/MM/YYYY'));
INSERT INTO Operation(operationId,plotId,operationDate) values (144,104,TO_DATE('18/12/2021','DD/MM/YYYY'));
INSERT INTO Operation(operationId,plotId,operationDate) values (145,103,TO_DATE('18/12/2021','DD/MM/YYYY'));
INSERT INTO Operation(operationId,plotId,operationDate) values (146,107,TO_DATE('18/12/2021','DD/MM/YYYY'));
INSERT INTO Operation(operationId,plotId,operationDate) values (147,103,TO_DATE('04/01/2022','DD/MM/YYYY'));
INSERT INTO Operation(operationId,plotId,operationDate) values (148,107,TO_DATE('20/01/2022','DD/MM/YYYY'));
INSERT INTO Operation(operationId,plotId,operationDate) values (149,107,TO_DATE('20/01/2022','DD/MM/YYYY'));
INSERT INTO Operation(operationId,plotId,operationDate) values (150,106,TO_DATE('06/03/2022','DD/MM/YYYY'));
INSERT INTO Operation(operationId,plotId,operationDate) values (151,103,TO_DATE('19/03/2022','DD/MM/YYYY'));
INSERT INTO Operation(operationId,plotId,operationDate) values (152,101,TO_DATE('05/04/2022','DD/MM/YYYY'));
INSERT INTO Operation(operationId,plotId,operationDate) values (153,103,TO_DATE('08/04/2022','DD/MM/YYYY'));
INSERT INTO Operation(operationId,plotId,operationDate) values (154,101,TO_DATE('15/04/2022','DD/MM/YYYY'));
INSERT INTO Operation(operationId,plotId,operationDate) values (155,106,TO_DATE('05/05/2022','DD/MM/YYYY'));
INSERT INTO Operation(operationId,plotId,operationDate) values (156,104,TO_DATE('13/05/2022','DD/MM/YYYY'));
INSERT INTO Operation(operationId,plotId,operationDate) values (157,106,TO_DATE('15/05/2022','DD/MM/YYYY'));
INSERT INTO Operation(operationId,plotId,operationDate) values (158,106,TO_DATE('30/05/2022','DD/MM/YYYY'));
INSERT INTO Operation(operationId,plotId,operationDate) values (159,104,TO_DATE('05/06/2022','DD/MM/YYYY'));
INSERT INTO Operation(operationId,plotId,operationDate) values (160,106,TO_DATE('30/06/2022','DD/MM/YYYY'));
INSERT INTO Operation(operationId,plotId,operationDate) values (161,104,TO_DATE('02/07/2022','DD/MM/YYYY'));
INSERT INTO Operation(operationId,plotId,operationDate) values (162,102,TO_DATE('03/07/2022','DD/MM/YYYY'));
INSERT INTO Operation(operationId,plotId,operationDate) values (163,102,TO_DATE('03/07/2022','DD/MM/YYYY'));
INSERT INTO Operation(operationId,plotId,operationDate) values (164,107,TO_DATE('10/07/2022','DD/MM/YYYY'));
INSERT INTO Operation(operationId,plotId,operationDate) values (165,103,TO_DATE('12/07/2022','DD/MM/YYYY'));
INSERT INTO Operation(operationId,plotId,operationDate) values (166,106,TO_DATE('15/07/2022','DD/MM/YYYY'));
INSERT INTO Operation(operationId,plotId,operationDate) values (167,107,TO_DATE('15/07/2022','DD/MM/YYYY'));
INSERT INTO Operation(operationId,plotId,operationDate) values (168,107,TO_DATE('20/07/2022','DD/MM/YYYY'));
INSERT INTO Operation(operationId,plotId,operationDate) values (169,103,TO_DATE('24/07/2022','DD/MM/YYYY'));
INSERT INTO Operation(operationId,plotId,operationDate) values (170,104,TO_DATE('30/07/2022','DD/MM/YYYY'));
INSERT INTO Operation(operationId,plotId,operationDate) values (171,106,TO_DATE('30/07/2022','DD/MM/YYYY'));
INSERT INTO Operation(operationId,plotId,operationDate) values (172,103,TO_DATE('07/08/2022','DD/MM/YYYY'));
INSERT INTO Operation(operationId,plotId,operationDate) values (173,102,TO_DATE('10/08/2022','DD/MM/YYYY'));
INSERT INTO Operation(operationId,plotId,operationDate) values (174,102,TO_DATE('10/08/2022','DD/MM/YYYY'));
INSERT INTO Operation(operationId,plotId,operationDate) values (175,107,TO_DATE('12/08/2022','DD/MM/YYYY'));
INSERT INTO Operation(operationId,plotId,operationDate) values (176,103,TO_DATE('12/08/2022','DD/MM/YYYY'));
INSERT INTO Operation(operationId,plotId,operationDate) values (177,101,TO_DATE('17/08/2022','DD/MM/YYYY'));
INSERT INTO Operation(operationId,plotId,operationDate) values (178,106,TO_DATE('17/08/2022','DD/MM/YYYY'));
INSERT INTO Operation(operationId,plotId,operationDate) values (179,103,TO_DATE('18/08/2022','DD/MM/YYYY'));
INSERT INTO Operation(operationId,plotId,operationDate) values (180,104,TO_DATE('20/08/2022','DD/MM/YYYY'));
INSERT INTO Operation(operationId,plotId,operationDate) values (181,106,TO_DATE('24/08/2022','DD/MM/YYYY'));
INSERT INTO Operation(operationId,plotId,operationDate) values (182,106,TO_DATE('05/09/2022','DD/MM/YYYY'));
INSERT INTO Operation(operationId,plotId,operationDate) values (183,104,TO_DATE('07/09/2022','DD/MM/YYYY'));
INSERT INTO Operation(operationId,plotId,operationDate) values (184,104,TO_DATE('11/09/2022','DD/MM/YYYY'));
INSERT INTO Operation(operationId,plotId,operationDate) values (185,104,TO_DATE('20/09/2022','DD/MM/YYYY'));
INSERT INTO Operation(operationId,plotId,operationDate) values (186,106,TO_DATE('20/09/2022','DD/MM/YYYY'));
INSERT INTO Operation(operationId,plotId,operationDate) values (187,103,TO_DATE('12/10/2022','DD/MM/YYYY'));
INSERT INTO Operation(operationId,plotId,operationDate) values (188,104,TO_DATE('17/10/2022','DD/MM/YYYY'));
INSERT INTO Operation(operationId,plotId,operationDate) values (189,104,TO_DATE('06/11/2022','DD/MM/YYYY'));
INSERT INTO Operation(operationId,plotId,operationDate) values (190,102,TO_DATE('10/11/2022','DD/MM/YYYY'));
INSERT INTO Operation(operationId,plotId,operationDate) values (191,102,TO_DATE('10/11/2022','DD/MM/YYYY'));
INSERT INTO Operation(operationId,plotId,operationDate) values (192,102,TO_DATE('12/11/2022','DD/MM/YYYY'));
INSERT INTO Operation(operationId,plotId,operationDate) values (193,102,TO_DATE('12/11/2022','DD/MM/YYYY'));
INSERT INTO Operation(operationId,plotId,operationDate) values (194,106,TO_DATE('15/11/2022','DD/MM/YYYY'));
INSERT INTO Operation(operationId,plotId,operationDate) values (195,104,TO_DATE('04/12/2022','DD/MM/YYYY'));
INSERT INTO Operation(operationId,plotId,operationDate) values (196,104,TO_DATE('07/12/2022','DD/MM/YYYY'));
INSERT INTO Operation(operationId,plotId,operationDate) values (197,102,TO_DATE('11/12/2022','DD/MM/YYYY'));
INSERT INTO Operation(operationId,plotId,operationDate) values (198,102,TO_DATE('11/12/2022','DD/MM/YYYY'));
INSERT INTO Operation(operationId,plotId,operationDate) values (199,107,TO_DATE('16/12/2022','DD/MM/YYYY'));
INSERT INTO Operation(operationId,plotId,operationDate) values (200,106,TO_DATE('18/12/2022','DD/MM/YYYY'));
INSERT INTO Operation(operationId,plotId,operationDate) values (201,107,TO_DATE('18/12/2022','DD/MM/YYYY'));
INSERT INTO Operation(operationId,plotId,operationDate) values (202,104,TO_DATE('12/01/2023','DD/MM/YYYY'));
INSERT INTO Operation(operationId,plotId,operationDate) values (203,106,TO_DATE('14/01/2023','DD/MM/YYYY'));
INSERT INTO Operation(operationId,plotId,operationDate) values (204,107,TO_DATE('20/01/2023','DD/MM/YYYY'));
INSERT INTO Operation(operationId,plotId,operationDate) values (205,107,TO_DATE('20/01/2023','DD/MM/YYYY'));
INSERT INTO Operation(operationId,plotId,operationDate) values (206,103,TO_DATE('20/03/2023','DD/MM/YYYY'));
INSERT INTO Operation(operationId,plotId,operationDate) values (207,104,TO_DATE('14/05/2023','DD/MM/YYYY'));
INSERT INTO Operation(operationId,plotId,operationDate) values (208,104,TO_DATE('01/06/2023','DD/MM/YYYY'));
INSERT INTO Operation(operationId,plotId,operationDate) values (209,104,TO_DATE('15/06/2023','DD/MM/YYYY'));
INSERT INTO Operation(operationId,plotId,operationDate) values (210,104,TO_DATE('30/06/2023','DD/MM/YYYY'));
INSERT INTO Operation(operationId,plotId,operationDate) values (211,104,TO_DATE('07/07/2023','DD/MM/YYYY'));
INSERT INTO Operation(operationId,plotId,operationDate) values (212,104,TO_DATE('14/07/2023','DD/MM/YYYY'));
INSERT INTO Operation(operationId,plotId,operationDate) values (213,104,TO_DATE('21/07/2023','DD/MM/YYYY'));
INSERT INTO Operation(operationId,plotId,operationDate) values (214,104,TO_DATE('28/07/2023','DD/MM/YYYY'));
INSERT INTO Operation(operationId,plotId,operationDate) values (215,104,TO_DATE('04/08/2023','DD/MM/YYYY'));
INSERT INTO Operation(operationId,plotId,operationDate) values (216,104,TO_DATE('11/08/2023','DD/MM/YYYY'));
INSERT INTO Operation(operationId,plotId,operationDate) values (217,104,TO_DATE('18/08/2023','DD/MM/YYYY'));
INSERT INTO Operation(operationId,plotId,operationDate) values (218,104,TO_DATE('25/08/2023','DD/MM/YYYY'));
INSERT INTO Operation(operationId,plotId,operationDate) values (219,104,TO_DATE('01/09/2023','DD/MM/YYYY'));
INSERT INTO Operation(operationId,plotId,operationDate) values (220,104,TO_DATE('08/09/2023','DD/MM/YYYY'));
INSERT INTO Operation(operationId,plotId,operationDate) values (221,104,TO_DATE('15/09/2023','DD/MM/YYYY'));
INSERT INTO Operation(operationId,plotId,operationDate) values (222,104,TO_DATE('18/08/2023','DD/MM/YYYY'));
INSERT INTO Operation(operationId,plotId,operationDate) values (223,104,TO_DATE('30/08/2023','DD/MM/YYYY'));
INSERT INTO Operation(operationId,plotId,operationDate) values (224,104,TO_DATE('05/09/2023','DD/MM/YYYY'));
INSERT INTO Operation(operationId,plotId,operationDate) values (225,104,TO_DATE('08/09/2023','DD/MM/YYYY'));
INSERT INTO Operation(operationId,plotId,operationDate) values (226,104,TO_DATE('28/09/2023','DD/MM/YYYY'));
INSERT INTO Operation(operationId,plotId,operationDate) values (227,104,TO_DATE('03/10/2023','DD/MM/YYYY'));
INSERT INTO Operation(operationId,plotId,operationDate) values (228,105,TO_DATE('04/01/2019','DD/MM/YYYY'));
INSERT INTO Operation(operationId,plotId,operationDate) values (229,105,TO_DATE('09/01/2019','DD/MM/YYYY'));
INSERT INTO Operation(operationId,plotId,operationDate) values (230,105,TO_DATE('09/01/2019','DD/MM/YYYY'));
INSERT INTO Operation(operationId,plotId,operationDate) values (231,105,TO_DATE('10/01/2019','DD/MM/YYYY'));
INSERT INTO Operation(operationId,plotId,operationDate) values (232,105,TO_DATE('10/01/2019','DD/MM/YYYY'));
INSERT INTO Operation(operationId,plotId,operationDate) values (233,105,TO_DATE('11/01/2019','DD/MM/YYYY'));
INSERT INTO Operation(operationId,plotId,operationDate) values (234,105,TO_DATE('11/01/2019','DD/MM/YYYY'));
INSERT INTO Operation(operationId,plotId,operationDate) values (235,105,TO_DATE('06/01/2020','DD/MM/YYYY'));
INSERT INTO Operation(operationId,plotId,operationDate) values (236,105,TO_DATE('06/01/2020','DD/MM/YYYY'));
INSERT INTO Operation(operationId,plotId,operationDate) values (237,105,TO_DATE('06/01/2020','DD/MM/YYYY'));
INSERT INTO Operation(operationId,plotId,operationDate) values (238,105,TO_DATE('06/01/2020','DD/MM/YYYY'));
INSERT INTO Operation(operationId,plotId,operationDate) values (239,105,TO_DATE('07/01/2020','DD/MM/YYYY'));
INSERT INTO Operation(operationId,plotId,operationDate) values (240,105,TO_DATE('07/01/2020','DD/MM/YYYY'));
INSERT INTO Operation(operationId,plotId,operationDate) values (241,105,TO_DATE('07/01/2021','DD/MM/YYYY'));
INSERT INTO Operation(operationId,plotId,operationDate) values (242,105,TO_DATE('07/01/2021','DD/MM/YYYY'));
INSERT INTO Operation(operationId,plotId,operationDate) values (243,105,TO_DATE('08/01/2021','DD/MM/YYYY'));
INSERT INTO Operation(operationId,plotId,operationDate) values (244,105,TO_DATE('07/01/2021','DD/MM/YYYY'));
INSERT INTO Operation(operationId,plotId,operationDate) values (245,105,TO_DATE('07/01/2021','DD/MM/YYYY'));
INSERT INTO Operation(operationId,plotId,operationDate) values (246,105,TO_DATE('08/01/2021','DD/MM/YYYY'));
INSERT INTO Operation(operationId,plotId,operationDate) values (247,105,TO_DATE('15/01/2022','DD/MM/YYYY'));
INSERT INTO Operation(operationId,plotId,operationDate) values (248,105,TO_DATE('15/01/2022','DD/MM/YYYY'));
INSERT INTO Operation(operationId,plotId,operationDate) values (249,105,TO_DATE('15/01/2022','DD/MM/YYYY'));
INSERT INTO Operation(operationId,plotId,operationDate) values (250,105,TO_DATE('16/01/2022','DD/MM/YYYY'));
INSERT INTO Operation(operationId,plotId,operationDate) values (251,105,TO_DATE('16/01/2022','DD/MM/YYYY'));
INSERT INTO Operation(operationId,plotId,operationDate) values (252,105,TO_DATE('16/01/2022','DD/MM/YYYY'));
INSERT INTO Operation(operationId,plotId,operationDate) values (253,105,TO_DATE('15/05/2023','DD/MM/YYYY'));
INSERT INTO Operation(operationId,plotId,operationDate) values (254,105,TO_DATE('15/05/2023','DD/MM/YYYY'));
INSERT INTO Operation(operationId,plotId,operationDate) values (255,105,TO_DATE('15/05/2023','DD/MM/YYYY'));
INSERT INTO Operation(operationId,plotId,operationDate) values (256,105,TO_DATE('15/05/2023','DD/MM/YYYY'));
INSERT INTO Operation(operationId,plotId,operationDate) values (257,105,TO_DATE('15/05/2023','DD/MM/YYYY'));
INSERT INTO Operation(operationId,plotId,operationDate) values (258,105,TO_DATE('15/05/2023','DD/MM/YYYY'));
INSERT INTO Operation(operationId,plotId,operationDate) values (259,105,TO_DATE('15/09/2023','DD/MM/YYYY'));
INSERT INTO Operation(operationId,plotId,operationDate) values (260,105,TO_DATE('16/09/2023','DD/MM/YYYY'));
INSERT INTO Operation(operationId,plotId,operationDate) values (261,105,TO_DATE('20/09/2023','DD/MM/YYYY'));
INSERT INTO Operation(operationId,plotId,operationDate) values (262,105,TO_DATE('27/09/2023','DD/MM/YYYY'));
INSERT INTO Operation(operationId,plotId,operationDate) values (263,105,TO_DATE('05/10/2023','DD/MM/YYYY'));
INSERT INTO Operation(operationId,plotId,operationDate) values (264,105,TO_DATE('15/10/2023','DD/MM/YYYY'));
INSERT INTO Operation(operationId,plotId,operationDate) values (265,105,TO_DATE('15/10/2023','DD/MM/YYYY'));
INSERT INTO Operation(operationId,plotId,operationDate) values (266,105,TO_DATE('12/11/2023','DD/MM/YYYY'));
INSERT INTO Operation(operationId,plotId,operationDate) values (267,105,TO_DATE('15/11/2023','DD/MM/YYYY'));
INSERT INTO Operation(operationId,plotId,operationDate) values (268,105,TO_DATE('13/05/2023','DD/MM/YYYY'));
INSERT INTO Operation(operationId,plotId,operationDate) values (269,105,TO_DATE('02/06/2023','DD/MM/YYYY'));
INSERT INTO Operation(operationId,plotId,operationDate) values (270,105,TO_DATE('16/06/2023','DD/MM/YYYY'));
INSERT INTO Operation(operationId,plotId,operationDate) values (271,105,TO_DATE('01/07/2023','DD/MM/YYYY'));
INSERT INTO Operation(operationId,plotId,operationDate) values (272,105,TO_DATE('08/07/2023','DD/MM/YYYY'));
INSERT INTO Operation(operationId,plotId,operationDate) values (273,105,TO_DATE('15/07/2023','DD/MM/YYYY'));
INSERT INTO Operation(operationId,plotId,operationDate) values (274,105,TO_DATE('22/07/2023','DD/MM/YYYY'));
INSERT INTO Operation(operationId,plotId,operationDate) values (275,105,TO_DATE('29/07/2023','DD/MM/YYYY'));
INSERT INTO Operation(operationId,plotId,operationDate) values (276,105,TO_DATE('05/08/2023','DD/MM/YYYY'));
INSERT INTO Operation(operationId,plotId,operationDate) values (277,105,TO_DATE('10/08/2023','DD/MM/YYYY'));
INSERT INTO Operation(operationId,plotId,operationDate) values (278,105,TO_DATE('17/08/2023','DD/MM/YYYY'));
INSERT INTO Operation(operationId,plotId,operationDate) values (279,105,TO_DATE('24/08/2023','DD/MM/YYYY'));
INSERT INTO Operation(operationId,plotId,operationDate) values (280,105,TO_DATE('02/09/2023','DD/MM/YYYY'));
INSERT INTO Operation(operationId,plotId,operationDate) values (281,105,TO_DATE('09/09/2023','DD/MM/YYYY'));
INSERT INTO Operation(operationId,plotId,operationDate) values (282,105,TO_DATE('18/09/2023','DD/MM/YYYY'));
INSERT INTO Operation(operationId,plotId,operationDate) values (283,102,TO_DATE('12/10/2016','DD/MM/YYYY'));
INSERT INTO Operation(operationId,plotId,operationDate) values (284,102,TO_DATE('13/01/2021','DD/MM/YYYY'));
INSERT INTO Operation(operationId,plotId,operationDate) values (285,102,TO_DATE('12/01/2021','DD/MM/YYYY'));
INSERT INTO Operation(operationId,plotId,operationDate) values (286,102,TO_DATE('12/01/2021','DD/MM/YYYY'));
INSERT INTO Operation(operationId,plotId,operationDate) values (287,102,TO_DATE('12/01/2022','DD/MM/YYYY'));
INSERT INTO Operation(operationId,plotId,operationDate) values (288,102,TO_DATE('12/01/2022','DD/MM/YYYY'));
INSERT INTO Operation(operationId,plotId,operationDate) values (289,102,TO_DATE('13/01/2022','DD/MM/YYYY'));
INSERT INTO Operation(operationId,plotId,operationDate) values (290,102,TO_DATE('12/01/2023','DD/MM/YYYY'));
INSERT INTO Operation(operationId,plotId,operationDate) values (291,102,TO_DATE('12/01/2023','DD/MM/YYYY'));
INSERT INTO Operation(operationId,plotId,operationDate) values (292,102,TO_DATE('12/01/2023','DD/MM/YYYY'));
INSERT INTO Operation(operationId,plotId,operationDate) values (293,102,TO_DATE('02/11/2023','DD/MM/YYYY'));
INSERT INTO Operation(operationId,plotId,operationDate) values (294,102,TO_DATE('05/11/2023','DD/MM/YYYY'));
INSERT INTO Operation(operationId,plotId,operationDate) values (295,102,TO_DATE('08/11/2023','DD/MM/YYYY'));
INSERT INTO Operation(operationId,plotId,operationDate) values (296,108,TO_DATE('21/08/2023','DD/MM/YYYY'));
INSERT INTO Operation(operationId,plotId,operationDate) values (297,108,TO_DATE('28/08/2023','DD/MM/YYYY'));
INSERT INTO Operation(operationId,plotId,operationDate) values (298,108,TO_DATE('06/09/2023','DD/MM/YYYY'));
INSERT INTO Operation(operationId,plotId,operationDate) values (299,108,TO_DATE('13/09/2023','DD/MM/YYYY'));
INSERT INTO Operation(operationId,plotId,operationDate) values (300,108,TO_DATE('20/09/2023','DD/MM/YYYY'));
INSERT INTO Operation(operationId,plotId,operationDate) values (301,108,TO_DATE('01/04/2023','DD/MM/YYYY'));
INSERT INTO Operation(operationId,plotId,operationDate) values (302,108,TO_DATE('05/04/2023','DD/MM/YYYY'));
INSERT INTO Operation(operationId,plotId,operationDate) values (303,108,TO_DATE('06/04/2023','DD/MM/YYYY'));
INSERT INTO Operation(operationId,plotId,operationDate) values (304,108,TO_DATE('08/05/2023','DD/MM/YYYY'));
INSERT INTO Operation(operationId,plotId,operationDate) values (305,108,TO_DATE('20/05/2023','DD/MM/YYYY'));
INSERT INTO Operation(operationId,plotId,operationDate) values (306,108,TO_DATE('14/06/2023','DD/MM/YYYY'));
INSERT INTO Operation(operationId,plotId,operationDate) values (307,108,TO_DATE('20/06/2023','DD/MM/YYYY'));
INSERT INTO Operation(operationId,plotId,operationDate) values (308,108,TO_DATE('28/06/2023','DD/MM/YYYY'));
INSERT INTO Operation(operationId,plotId,operationDate) values (309,108,TO_DATE('03/07/2023','DD/MM/YYYY'));
INSERT INTO Operation(operationId,plotId,operationDate) values (310,108,TO_DATE('04/07/2023','DD/MM/YYYY'));
INSERT INTO Operation(operationId,plotId,operationDate) values (311,108,TO_DATE('05/07/2023','DD/MM/YYYY'));
INSERT INTO Operation(operationId,plotId,operationDate) values (312,108,TO_DATE('08/08/2023','DD/MM/YYYY'));
INSERT INTO Operation(operationId,plotId,operationDate) values (313,108,TO_DATE('15/09/2023','DD/MM/YYYY'));
INSERT INTO Operation(operationId,plotId,operationDate) values (314,108,TO_DATE('25/09/2023','DD/MM/YYYY'));
INSERT INTO Operation(operationId,plotId,operationDate) values (315,108,TO_DATE('18/09/2023','DD/MM/YYYY'));
INSERT INTO Operation(operationId,plotId,operationDate) values (316,108,TO_DATE('22/09/2023','DD/MM/YYYY'));
INSERT INTO Operation(operationId,plotId,operationDate) values (317,108,TO_DATE('05/10/2023','DD/MM/YYYY'));
INSERT INTO Operation(operationId,plotId,operationDate) values (318,108,TO_DATE('10/10/2023','DD/MM/YYYY'));
INSERT INTO Operation(operationId,plotId,operationDate) values (319,108,TO_DATE('12/10/2023','DD/MM/YYYY'));
INSERT INTO Operation(operationId,plotId,operationDate) values (320,108,TO_DATE('12/06/2023','DD/MM/YYYY'));
INSERT INTO Operation(operationId,plotId,operationDate) values (321,108,TO_DATE('19/06/2023','DD/MM/YYYY'));
INSERT INTO Operation(operationId,plotId,operationDate) values (322,108,TO_DATE('30/06/2023','DD/MM/YYYY'));
INSERT INTO Operation(operationId,plotId,operationDate) values (323,108,TO_DATE('08/07/2023','DD/MM/YYYY'));
INSERT INTO Operation(operationId,plotId,operationDate) values (324,108,TO_DATE('15/07/2023','DD/MM/YYYY'));
INSERT INTO Operation(operationId,plotId,operationDate) values (325,108,TO_DATE('22/07/2023','DD/MM/YYYY'));
INSERT INTO Operation(operationId,plotId,operationDate) values (326,108,TO_DATE('29/07/2023','DD/MM/YYYY'));
INSERT INTO Operation(operationId,plotId,operationDate) values (327,108,TO_DATE('05/08/2023','DD/MM/YYYY'));
INSERT INTO Operation(operationId,plotId,operationDate) values (328,108,TO_DATE('12/08/2023','DD/MM/YYYY'));
INSERT INTO Operation(operationId,plotId,operationDate) values (329,108,TO_DATE('19/08/2023','DD/MM/YYYY'));
INSERT INTO Operation(operationId,plotId,operationDate) values (330,108,TO_DATE('26/08/2023','DD/MM/YYYY'));
INSERT INTO Operation(operationId,plotId,operationDate) values (331,108,TO_DATE('31/08/2023','DD/MM/YYYY'));
INSERT INTO Operation(operationId,plotId,operationDate) values (332,108,TO_DATE('05/09/2023','DD/MM/YYYY'));
INSERT INTO Operation(operationId,plotId,operationDate) values (333,108,TO_DATE('20/05/2023','DD/MM/YYYY'));
INSERT INTO Operation(operationId,plotId,operationDate) values (334,108,TO_DATE('02/06/2023','DD/MM/YYYY'));
INSERT INTO Operation(operationId,plotId,operationDate) values (335,108,TO_DATE('09/06/2023','DD/MM/YYYY'));
INSERT INTO Operation(operationId,plotId,operationDate) values (336,108,TO_DATE('09/07/2023','DD/MM/YYYY'));
INSERT INTO Operation(operationId,plotId,operationDate) values (337,108,TO_DATE('16/07/2023','DD/MM/YYYY'));
INSERT INTO Operation(operationId,plotId,operationDate) values (338,108,TO_DATE('23/07/2023','DD/MM/YYYY'));
INSERT INTO Operation(operationId,plotId,operationDate) values (339,108,TO_DATE('30/07/2023','DD/MM/YYYY'));
INSERT INTO Operation(operationId,plotId,operationDate) values (340,108,TO_DATE('07/08/2023','DD/MM/YYYY'));
INSERT INTO Operation(operationId,plotId,operationDate) values (341,108,TO_DATE('14/08/2023','DD/MM/YYYY'));
INSERT INTO Operation(operationId,plotId,operationDate) values (342,103,TO_DATE('30/03/2020','DD/MM/YYYY'));
INSERT INTO Operation(operationId,plotId,operationDate) values (343,102,TO_DATE('02/06/2023','DD/MM/YYYY'));
INSERT INTO Operation(operationId,plotId,operationDate) values (344,102,TO_DATE('17/06/2023','DD/MM/YYYY'));
INSERT INTO Operation(operationId,plotId,operationDate) values (345,102,TO_DATE('02/07/2023','DD/MM/YYYY'));
INSERT INTO Operation(operationId,plotId,operationDate) values (346,102,TO_DATE('17/07/2023','DD/MM/YYYY'));
INSERT INTO Operation(operationId,plotId,operationDate) values (347,102,TO_DATE('02/08/2023','DD/MM/YYYY'));
INSERT INTO Operation(operationId,plotId,operationDate) values (348,102,TO_DATE('17/08/2023','DD/MM/YYYY'));
INSERT INTO Operation(operationId,plotId,operationDate) values (349,102,TO_DATE('04/09/2023','DD/MM/YYYY'));
INSERT INTO Operation(operationId,plotId,operationDate) values (350,102,TO_DATE('18/09/2023','DD/MM/YYYY'));
INSERT INTO Operation(operationId,plotId,operationDate) values (351,102,TO_DATE('02/10/2023','DD/MM/YYYY'));
INSERT INTO Operation(operationId,plotId,operationDate) values (352,102,TO_DATE('20/12/2023','DD/MM/YYYY'));
INSERT INTO Operation(operationId,plotId,operationDate) values (353,102,TO_DATE('20/12/2023','DD/MM/YYYY'));
INSERT INTO Operation(operationId,plotId,operationDate) values (354,104,TO_DATE('20/12/2023','DD/MM/YYYY'));
INSERT INTO Operation(operationId,plotId,operationDate) values (355,108,TO_DATE('20/12/2023','DD/MM/YYYY'));
INSERT INTO Operation(operationId,plotId,operationDate) values (356,102,TO_DATE('20/12/2023','DD/MM/YYYY'));
INSERT INTO Operation(operationId,plotId,operationDate) values (357,102,TO_DATE('20/12/2023','DD/MM/YYYY'));
INSERT INTO Operation(operationId,plotId,operationDate) values (358,105,TO_DATE('20/12/2023','DD/MM/YYYY'));
INSERT INTO Operation(operationId,plotId,operationDate) values (359,108,TO_DATE('20/12/2023','DD/MM/YYYY'));
INSERT INTO Operation(operationId,plotId,operationDate) values (360,102,TO_DATE('21/12/2023','DD/MM/YYYY'));
INSERT INTO Operation(operationId,plotId,operationDate) values (361,102,TO_DATE('21/12/2023','DD/MM/YYYY'));
INSERT INTO Operation(operationId,plotId,operationDate) values (362,105,TO_DATE('21/12/2023','DD/MM/YYYY'));
INSERT INTO Operation(operationId,plotId,operationDate) values (363,108,TO_DATE('21/12/2023','DD/MM/YYYY'));
INSERT INTO Operation(operationId,plotId,operationDate) values (364,108,TO_DATE('21/12/2023','DD/MM/YYYY'));
INSERT INTO Operation(operationId,plotId,operationDate) values (365,102,TO_DATE('21/12/2023','DD/MM/YYYY'));
INSERT INTO Operation(operationId,plotId,operationDate) values (366,102,TO_DATE('21/12/2023','DD/MM/YYYY'));
INSERT INTO Operation(operationId,plotId,operationDate) values (367,105,TO_DATE('21/12/2023','DD/MM/YYYY'));
INSERT INTO Operation(operationId,plotId,operationDate) values (368,108,TO_DATE('21/12/2023','DD/MM/YYYY'));
INSERT INTO Operation(operationId,plotId,operationDate) values (369,108,TO_DATE('21/12/2023','DD/MM/YYYY'));
INSERT INTO Operation(operationId,plotId,operationDate) values (370,102,TO_DATE('22/12/2023','DD/MM/YYYY'));
INSERT INTO Operation(operationId,plotId,operationDate) values (371,102,TO_DATE('22/12/2023','DD/MM/YYYY'));
INSERT INTO Operation(operationId,plotId,operationDate) values (372,104,TO_DATE('22/12/2023','DD/MM/YYYY'));
INSERT INTO Operation(operationId,plotId,operationDate) values (373,108,TO_DATE('22/12/2023','DD/MM/YYYY'));
INSERT INTO Operation(operationId,plotId,operationDate) values (374,102,TO_DATE('22/12/2023','DD/MM/YYYY'));
INSERT INTO Operation(operationId,plotId,operationDate) values (375,102,TO_DATE('22/12/2023','DD/MM/YYYY'));
INSERT INTO Operation(operationId,plotId,operationDate) values (376,105,TO_DATE('22/12/2023','DD/MM/YYYY'));
INSERT INTO Operation(operationId,plotId,operationDate) values (377,108,TO_DATE('22/12/2023','DD/MM/YYYY'));
INSERT INTO Operation(operationId,plotId,operationDate) values (378,102,TO_DATE('23/12/2023','DD/MM/YYYY'));
INSERT INTO Operation(operationId,plotId,operationDate) values (379,102,TO_DATE('23/12/2023','DD/MM/YYYY'));
INSERT INTO Operation(operationId,plotId,operationDate) values (380,105,TO_DATE('23/12/2023','DD/MM/YYYY'));
INSERT INTO Operation(operationId,plotId,operationDate) values (381,108,TO_DATE('23/12/2023','DD/MM/YYYY'));
INSERT INTO Operation(operationId,plotId,operationDate) values (382,102,TO_DATE('23/12/2023','DD/MM/YYYY'));
INSERT INTO Operation(operationId,plotId,operationDate) values (383,102,TO_DATE('23/12/2023','DD/MM/YYYY'));
INSERT INTO Operation(operationId,plotId,operationDate) values (384,105,TO_DATE('23/12/2023','DD/MM/YYYY'));
INSERT INTO Operation(operationId,plotId,operationDate) values (385,108,TO_DATE('23/12/2023','DD/MM/YYYY'));
INSERT INTO Operation(operationId,plotId,operationDate) values (386,102,TO_DATE('24/12/2023','DD/MM/YYYY'));
INSERT INTO Operation(operationId,plotId,operationDate) values (387,102,TO_DATE('24/12/2023','DD/MM/YYYY'));
INSERT INTO Operation(operationId,plotId,operationDate) values (388,104,TO_DATE('24/12/2023','DD/MM/YYYY'));
INSERT INTO Operation(operationId,plotId,operationDate) values (389,108,TO_DATE('24/12/2023','DD/MM/YYYY'));
INSERT INTO Operation(operationId,plotId,operationDate) values (390,108,TO_DATE('24/12/2023','DD/MM/YYYY'));
INSERT INTO Operation(operationId,plotId,operationDate) values (391,102,TO_DATE('24/12/2023','DD/MM/YYYY'));
INSERT INTO Operation(operationId,plotId,operationDate) values (392,102,TO_DATE('24/12/2023','DD/MM/YYYY'));
INSERT INTO Operation(operationId,plotId,operationDate) values (393,105,TO_DATE('24/12/2023','DD/MM/YYYY'));
INSERT INTO Operation(operationId,plotId,operationDate) values (394,108,TO_DATE('24/12/2023','DD/MM/YYYY'));
INSERT INTO Operation(operationId,plotId,operationDate) values (395,108,TO_DATE('24/12/2023','DD/MM/YYYY'));
INSERT INTO Operation(operationId,plotId,operationDate) values (396,102,TO_DATE('25/12/2023','DD/MM/YYYY'));
INSERT INTO Operation(operationId,plotId,operationDate) values (397,102,TO_DATE('25/12/2023','DD/MM/YYYY'));
INSERT INTO Operation(operationId,plotId,operationDate) values (398,105,TO_DATE('25/12/2023','DD/MM/YYYY'));
INSERT INTO Operation(operationId,plotId,operationDate) values (399,108,TO_DATE('25/12/2023','DD/MM/YYYY'));
INSERT INTO Operation(operationId,plotId,operationDate) values (400,102,TO_DATE('25/12/2023','DD/MM/YYYY'));
INSERT INTO Operation(operationId,plotId,operationDate) values (401,102,TO_DATE('25/12/2023','DD/MM/YYYY'));
INSERT INTO Operation(operationId,plotId,operationDate) values (402,105,TO_DATE('25/12/2023','DD/MM/YYYY'));
INSERT INTO Operation(operationId,plotId,operationDate) values (403,108,TO_DATE('25/12/2023','DD/MM/YYYY'));
INSERT INTO Operation(operationId,plotId,operationDate) values (404,102,TO_DATE('26/12/2023','DD/MM/YYYY'));
INSERT INTO Operation(operationId,plotId,operationDate) values (405,102,TO_DATE('26/12/2023','DD/MM/YYYY'));
INSERT INTO Operation(operationId,plotId,operationDate) values (406,104,TO_DATE('26/12/2023','DD/MM/YYYY'));
INSERT INTO Operation(operationId,plotId,operationDate) values (407,108,TO_DATE('26/12/2023','DD/MM/YYYY'));
INSERT INTO Operation(operationId,plotId,operationDate) values (408,102,TO_DATE('26/12/2023','DD/MM/YYYY'));
INSERT INTO Operation(operationId,plotId,operationDate) values (409,102,TO_DATE('26/12/2023','DD/MM/YYYY'));
INSERT INTO Operation(operationId,plotId,operationDate) values (410,105,TO_DATE('26/12/2023','DD/MM/YYYY'));
INSERT INTO Operation(operationId,plotId,operationDate) values (411,108,TO_DATE('26/12/2023','DD/MM/YYYY'));
INSERT INTO Operation(operationId,plotId,operationDate) values (412,102,TO_DATE('27/12/2023','DD/MM/YYYY'));
INSERT INTO Operation(operationId,plotId,operationDate) values (413,102,TO_DATE('27/12/2023','DD/MM/YYYY'));
INSERT INTO Operation(operationId,plotId,operationDate) values (414,105,TO_DATE('27/12/2023','DD/MM/YYYY'));
INSERT INTO Operation(operationId,plotId,operationDate) values (415,108,TO_DATE('27/12/2023','DD/MM/YYYY'));
INSERT INTO Operation(operationId,plotId,operationDate) values (416,108,TO_DATE('27/12/2023','DD/MM/YYYY'));
INSERT INTO Operation(operationId,plotId,operationDate) values (417,102,TO_DATE('27/12/2023','DD/MM/YYYY'));
INSERT INTO Operation(operationId,plotId,operationDate) values (418,102,TO_DATE('27/12/2023','DD/MM/YYYY'));
INSERT INTO Operation(operationId,plotId,operationDate) values (419,105,TO_DATE('27/12/2023','DD/MM/YYYY'));
INSERT INTO Operation(operationId,plotId,operationDate) values (420,108,TO_DATE('27/12/2023','DD/MM/YYYY'));
INSERT INTO Operation(operationId,plotId,operationDate) values (421,108,TO_DATE('27/12/2023','DD/MM/YYYY'));
INSERT INTO Operation(operationId,plotId,operationDate) values (422,102,TO_DATE('28/12/2023','DD/MM/YYYY'));
INSERT INTO Operation(operationId,plotId,operationDate) values (423,102,TO_DATE('28/12/2023','DD/MM/YYYY'));
INSERT INTO Operation(operationId,plotId,operationDate) values (424,104,TO_DATE('28/12/2023','DD/MM/YYYY'));
INSERT INTO Operation(operationId,plotId,operationDate) values (425,108,TO_DATE('28/12/2023','DD/MM/YYYY'));
INSERT INTO Operation(operationId,plotId,operationDate) values (426,102,TO_DATE('28/12/2023','DD/MM/YYYY'));
INSERT INTO Operation(operationId,plotId,operationDate) values (427,102,TO_DATE('28/12/2023','DD/MM/YYYY'));
INSERT INTO Operation(operationId,plotId,operationDate) values (428,105,TO_DATE('28/12/2023','DD/MM/YYYY'));
INSERT INTO Operation(operationId,plotId,operationDate) values (429,108,TO_DATE('28/12/2023','DD/MM/YYYY'));
INSERT INTO Operation(operationId,plotId,operationDate) values (430,102,TO_DATE('29/12/2023','DD/MM/YYYY'));
INSERT INTO Operation(operationId,plotId,operationDate) values (431,102,TO_DATE('29/12/2023','DD/MM/YYYY'));
INSERT INTO Operation(operationId,plotId,operationDate) values (432,105,TO_DATE('29/12/2023','DD/MM/YYYY'));
INSERT INTO Operation(operationId,plotId,operationDate) values (433,108,TO_DATE('29/12/2023','DD/MM/YYYY'));
INSERT INTO Operation(operationId,plotId,operationDate) values (434,102,TO_DATE('29/12/2023','DD/MM/YYYY'));
INSERT INTO Operation(operationId,plotId,operationDate) values (435,102,TO_DATE('29/12/2023','DD/MM/YYYY'));
INSERT INTO Operation(operationId,plotId,operationDate) values (436,105,TO_DATE('29/12/2023','DD/MM/YYYY'));
INSERT INTO Operation(operationId,plotId,operationDate) values (437,108,TO_DATE('29/12/2023','DD/MM/YYYY'));
INSERT INTO CropInSector(cropId,sectorId) values (28,10);
INSERT INTO CropInSector(cropId,sectorId) values (29,10);
INSERT INTO CropInSector(cropId,sectorId) values (30,11);
INSERT INTO CropInSector(cropId,sectorId) values (31,21);
INSERT INTO CropInSector(cropId,sectorId) values (32,21);
INSERT INTO CropInSector(cropId,sectorId) values (33,21);
INSERT INTO CropInSector(cropId,sectorId) values (34,21);
INSERT INTO CropInSector(cropId,sectorId) values (35,21);
INSERT INTO CropInSector(cropId,sectorId) values (36,22);
INSERT INTO CropInSector(cropId,sectorId) values (37,22);
INSERT INTO CropInSector(cropId,sectorId) values (38,22);
INSERT INTO CropInSector(cropId,sectorId) values (39,22);
INSERT INTO CropInSector(cropId,sectorId) values (40,22);
INSERT INTO CropInSector(cropId,sectorId) values (41,41);
INSERT INTO CropInSector(cropId,sectorId) values (42,41);
INSERT INTO CropInSector(cropId,sectorId) values (43,42);
INSERT INTO SectorIrrigation(operationId,sectorId,initialTimestamp) values (207,21,TO_TIMESTAMP('07:00','HH24:MI'));
INSERT INTO SectorIrrigation(operationId,sectorId,initialTimestamp) values (208,21,TO_TIMESTAMP('07:00','HH24:MI'));
INSERT INTO SectorIrrigation(operationId,sectorId,initialTimestamp) values (209,21,TO_TIMESTAMP('07:00','HH24:MI'));
INSERT INTO SectorIrrigation(operationId,sectorId,initialTimestamp) values (210,21,TO_TIMESTAMP('07:00','HH24:MI'));
INSERT INTO SectorIrrigation(operationId,sectorId,initialTimestamp) values (211,21,TO_TIMESTAMP('07:00','HH24:MI'));
INSERT INTO SectorIrrigation(operationId,sectorId,initialTimestamp) values (212,21,TO_TIMESTAMP('22:00','HH24:MI'));
INSERT INTO SectorIrrigation(operationId,sectorId,initialTimestamp) values (213,21,TO_TIMESTAMP('22:00','HH24:MI'));
INSERT INTO SectorIrrigation(operationId,sectorId,initialTimestamp) values (214,21,TO_TIMESTAMP('22:00','HH24:MI'));
INSERT INTO SectorIrrigation(operationId,sectorId,initialTimestamp) values (215,21,TO_TIMESTAMP('22:00','HH24:MI'));
INSERT INTO SectorIrrigation(operationId,sectorId,initialTimestamp) values (216,21,TO_TIMESTAMP('22:00','HH24:MI'));
INSERT INTO SectorIrrigation(operationId,sectorId,initialTimestamp) values (217,21,TO_TIMESTAMP('22:00','HH24:MI'));
INSERT INTO SectorIrrigation(operationId,sectorId,initialTimestamp) values (218,21,TO_TIMESTAMP('22:00','HH24:MI'));
INSERT INTO SectorIrrigation(operationId,sectorId,initialTimestamp) values (219,21,TO_TIMESTAMP('22:00','HH24:MI'));
INSERT INTO SectorIrrigation(operationId,sectorId,initialTimestamp) values (220,21,TO_TIMESTAMP('22:00','HH24:MI'));
INSERT INTO SectorIrrigation(operationId,sectorId,initialTimestamp) values (221,21,TO_TIMESTAMP('22:00','HH24:MI'));
INSERT INTO SectorIrrigation(operationId,sectorId,initialTimestamp) values (268,22,TO_TIMESTAMP('23:00','HH24:MI'));
INSERT INTO SectorIrrigation(operationId,sectorId,initialTimestamp) values (269,22,TO_TIMESTAMP('23:00','HH24:MI'));
INSERT INTO SectorIrrigation(operationId,sectorId,initialTimestamp) values (270,22,TO_TIMESTAMP('23:00','HH24:MI'));
INSERT INTO SectorIrrigation(operationId,sectorId,initialTimestamp) values (271,22,TO_TIMESTAMP('23:00','HH24:MI'));
INSERT INTO SectorIrrigation(operationId,sectorId,initialTimestamp) values (272,22,TO_TIMESTAMP('23:00','HH24:MI'));
INSERT INTO SectorIrrigation(operationId,sectorId,initialTimestamp) values (273,22,TO_TIMESTAMP('23:00','HH24:MI'));
INSERT INTO SectorIrrigation(operationId,sectorId,initialTimestamp) values (274,22,TO_TIMESTAMP('23:00','HH24:MI'));
INSERT INTO SectorIrrigation(operationId,sectorId,initialTimestamp) values (275,22,TO_TIMESTAMP('23:00','HH24:MI'));
INSERT INTO SectorIrrigation(operationId,sectorId,initialTimestamp) values (276,22,TO_TIMESTAMP('23:00','HH24:MI'));
INSERT INTO SectorIrrigation(operationId,sectorId,initialTimestamp) values (277,22,TO_TIMESTAMP('23:00','HH24:MI'));
INSERT INTO SectorIrrigation(operationId,sectorId,initialTimestamp) values (278,22,TO_TIMESTAMP('23:00','HH24:MI'));
INSERT INTO SectorIrrigation(operationId,sectorId,initialTimestamp) values (279,22,TO_TIMESTAMP('23:00','HH24:MI'));
INSERT INTO SectorIrrigation(operationId,sectorId,initialTimestamp) values (280,22,TO_TIMESTAMP('23:00','HH24:MI'));
INSERT INTO SectorIrrigation(operationId,sectorId,initialTimestamp) values (281,22,TO_TIMESTAMP('23:00','HH24:MI'));
INSERT INTO SectorIrrigation(operationId,sectorId,initialTimestamp) values (282,22,TO_TIMESTAMP('23:00','HH24:MI'));
INSERT INTO SectorIrrigation(operationId,sectorId,initialTimestamp) values (296,41,TO_TIMESTAMP('06:20','HH24:MI'));
INSERT INTO SectorIrrigation(operationId,sectorId,initialTimestamp) values (297,41,TO_TIMESTAMP('06:20','HH24:MI'));
INSERT INTO SectorIrrigation(operationId,sectorId,initialTimestamp) values (298,41,TO_TIMESTAMP('06:20','HH24:MI'));
INSERT INTO SectorIrrigation(operationId,sectorId,initialTimestamp) values (299,41,TO_TIMESTAMP('07:00','HH24:MI'));
INSERT INTO SectorIrrigation(operationId,sectorId,initialTimestamp) values (300,41,TO_TIMESTAMP('07:00','HH24:MI'));
INSERT INTO SectorIrrigation(operationId,sectorId,initialTimestamp) values (320,42,TO_TIMESTAMP('06:00','HH24:MI'));
INSERT INTO SectorIrrigation(operationId,sectorId,initialTimestamp) values (321,42,TO_TIMESTAMP('06:00','HH24:MI'));
INSERT INTO SectorIrrigation(operationId,sectorId,initialTimestamp) values (322,42,TO_TIMESTAMP('04:00','HH24:MI'));
INSERT INTO SectorIrrigation(operationId,sectorId,initialTimestamp) values (323,42,TO_TIMESTAMP('04:00','HH24:MI'));
INSERT INTO SectorIrrigation(operationId,sectorId,initialTimestamp) values (324,42,TO_TIMESTAMP('04:00','HH24:MI'));
INSERT INTO SectorIrrigation(operationId,sectorId,initialTimestamp) values (325,42,TO_TIMESTAMP('04:00','HH24:MI'));
INSERT INTO SectorIrrigation(operationId,sectorId,initialTimestamp) values (326,42,TO_TIMESTAMP('04:00','HH24:MI'));
INSERT INTO SectorIrrigation(operationId,sectorId,initialTimestamp) values (327,42,TO_TIMESTAMP('21:30','HH24:MI'));
INSERT INTO SectorIrrigation(operationId,sectorId,initialTimestamp) values (328,42,TO_TIMESTAMP('21:30','HH24:MI'));
INSERT INTO SectorIrrigation(operationId,sectorId,initialTimestamp) values (329,42,TO_TIMESTAMP('21:30','HH24:MI'));
INSERT INTO SectorIrrigation(operationId,sectorId,initialTimestamp) values (330,42,TO_TIMESTAMP('21:30','HH24:MI'));
INSERT INTO SectorIrrigation(operationId,sectorId,initialTimestamp) values (331,42,TO_TIMESTAMP('21:30','HH24:MI'));
INSERT INTO SectorIrrigation(operationId,sectorId,initialTimestamp) values (332,42,TO_TIMESTAMP('21:30','HH24:MI'));
INSERT INTO SectorIrrigation(operationId,sectorId,initialTimestamp) values (333,41,TO_TIMESTAMP('07:30','HH24:MI'));
INSERT INTO SectorIrrigation(operationId,sectorId,initialTimestamp) values (334,41,TO_TIMESTAMP('07:30','HH24:MI'));
INSERT INTO SectorIrrigation(operationId,sectorId,initialTimestamp) values (335,41,TO_TIMESTAMP('06:20','HH24:MI'));
INSERT INTO SectorIrrigation(operationId,sectorId,initialTimestamp) values (336,41,TO_TIMESTAMP('06:20','HH24:MI'));
INSERT INTO SectorIrrigation(operationId,sectorId,initialTimestamp) values (337,41,TO_TIMESTAMP('06:20','HH24:MI'));
INSERT INTO SectorIrrigation(operationId,sectorId,initialTimestamp) values (338,41,TO_TIMESTAMP('06:20','HH24:MI'));
INSERT INTO SectorIrrigation(operationId,sectorId,initialTimestamp) values (339,41,TO_TIMESTAMP('06:20','HH24:MI'));
INSERT INTO SectorIrrigation(operationId,sectorId,initialTimestamp) values (340,41,TO_TIMESTAMP('06:20','HH24:MI'));
INSERT INTO SectorIrrigation(operationId,sectorId,initialTimestamp) values (341,41,TO_TIMESTAMP('06:20','HH24:MI'));
INSERT INTO SectorIrrigation(operationId,sectorId,initialTimestamp) values (343,10,TO_TIMESTAMP('06:00','HH24:MI'));
INSERT INTO SectorIrrigation(operationId,sectorId,initialTimestamp) values (344,10,TO_TIMESTAMP('05:00','HH24:MI'));
INSERT INTO SectorIrrigation(operationId,sectorId,initialTimestamp) values (345,10,TO_TIMESTAMP('06:00','HH24:MI'));
INSERT INTO SectorIrrigation(operationId,sectorId,initialTimestamp) values (346,10,TO_TIMESTAMP('05:00','HH24:MI'));
INSERT INTO SectorIrrigation(operationId,sectorId,initialTimestamp) values (347,10,TO_TIMESTAMP('05:00','HH24:MI'));
INSERT INTO SectorIrrigation(operationId,sectorId,initialTimestamp) values (348,10,TO_TIMESTAMP('05:00','HH24:MI'));
INSERT INTO SectorIrrigation(operationId,sectorId,initialTimestamp) values (349,10,TO_TIMESTAMP('06:00','HH24:MI'));
INSERT INTO SectorIrrigation(operationId,sectorId,initialTimestamp) values (350,10,TO_TIMESTAMP('05:00','HH24:MI'));
INSERT INTO SectorIrrigation(operationId,sectorId,initialTimestamp) values (351,10,TO_TIMESTAMP('06:00','HH24:MI'));
INSERT INTO SectorIrrigation(operationId,sectorId,initialTimestamp) values (352,10,TO_TIMESTAMP('08:30','HH24:MI'));
INSERT INTO SectorIrrigation(operationId,sectorId,initialTimestamp) values (353,11,TO_TIMESTAMP('08:44','HH24:MI'));
INSERT INTO SectorIrrigation(operationId,sectorId,initialTimestamp) values (354,21,TO_TIMESTAMP('08:52','HH24:MI'));
INSERT INTO SectorIrrigation(operationId,sectorId,initialTimestamp) values (355,41,TO_TIMESTAMP('09:17','HH24:MI'));
INSERT INTO SectorIrrigation(operationId,sectorId,initialTimestamp) values (356,10,TO_TIMESTAMP('17:00','HH24:MI'));
INSERT INTO SectorIrrigation(operationId,sectorId,initialTimestamp) values (357,11,TO_TIMESTAMP('17:14','HH24:MI'));
INSERT INTO SectorIrrigation(operationId,sectorId,initialTimestamp) values (358,21,TO_TIMESTAMP('17:22','HH24:MI'));
INSERT INTO SectorIrrigation(operationId,sectorId,initialTimestamp) values (359,41,TO_TIMESTAMP('17:47','HH24:MI'));
INSERT INTO SectorIrrigation(operationId,sectorId,initialTimestamp) values (360,10,TO_TIMESTAMP('08:30','HH24:MI'));
INSERT INTO SectorIrrigation(operationId,sectorId,initialTimestamp) values (361,11,TO_TIMESTAMP('08:44','HH24:MI'));
INSERT INTO SectorIrrigation(operationId,sectorId,initialTimestamp) values (362,22,TO_TIMESTAMP('08:52','HH24:MI'));
INSERT INTO SectorIrrigation(operationId,sectorId,initialTimestamp) values (363,41,TO_TIMESTAMP('09:17','HH24:MI'));
INSERT INTO SectorIrrigation(operationId,sectorId,initialTimestamp) values (364,42,TO_TIMESTAMP('09:24','HH24:MI'));
INSERT INTO SectorIrrigation(operationId,sectorId,initialTimestamp) values (365,10,TO_TIMESTAMP('17:00','HH24:MI'));
INSERT INTO SectorIrrigation(operationId,sectorId,initialTimestamp) values (366,11,TO_TIMESTAMP('17:14','HH24:MI'));
INSERT INTO SectorIrrigation(operationId,sectorId,initialTimestamp) values (367,22,TO_TIMESTAMP('17:22','HH24:MI'));
INSERT INTO SectorIrrigation(operationId,sectorId,initialTimestamp) values (368,41,TO_TIMESTAMP('17:47','HH24:MI'));
INSERT INTO SectorIrrigation(operationId,sectorId,initialTimestamp) values (369,42,TO_TIMESTAMP('17:54','HH24:MI'));
INSERT INTO SectorIrrigation(operationId,sectorId,initialTimestamp) values (370,10,TO_TIMESTAMP('08:30','HH24:MI'));
INSERT INTO SectorIrrigation(operationId,sectorId,initialTimestamp) values (371,11,TO_TIMESTAMP('08:44','HH24:MI'));
INSERT INTO SectorIrrigation(operationId,sectorId,initialTimestamp) values (372,21,TO_TIMESTAMP('08:52','HH24:MI'));
INSERT INTO SectorIrrigation(operationId,sectorId,initialTimestamp) values (373,41,TO_TIMESTAMP('09:17','HH24:MI'));
INSERT INTO SectorIrrigation(operationId,sectorId,initialTimestamp) values (374,10,TO_TIMESTAMP('17:00','HH24:MI'));
INSERT INTO SectorIrrigation(operationId,sectorId,initialTimestamp) values (375,11,TO_TIMESTAMP('17:14','HH24:MI'));
INSERT INTO SectorIrrigation(operationId,sectorId,initialTimestamp) values (376,21,TO_TIMESTAMP('17:22','HH24:MI'));
INSERT INTO SectorIrrigation(operationId,sectorId,initialTimestamp) values (377,41,TO_TIMESTAMP('17:47','HH24:MI'));
INSERT INTO SectorIrrigation(operationId,sectorId,initialTimestamp) values (378,10,TO_TIMESTAMP('08:30','HH24:MI'));
INSERT INTO SectorIrrigation(operationId,sectorId,initialTimestamp) values (379,11,TO_TIMESTAMP('08:44','HH24:MI'));
INSERT INTO SectorIrrigation(operationId,sectorId,initialTimestamp) values (380,22,TO_TIMESTAMP('08:52','HH24:MI'));
INSERT INTO SectorIrrigation(operationId,sectorId,initialTimestamp) values (381,41,TO_TIMESTAMP('09:17','HH24:MI'));
INSERT INTO SectorIrrigation(operationId,sectorId,initialTimestamp) values (382,10,TO_TIMESTAMP('17:00','HH24:MI'));
INSERT INTO SectorIrrigation(operationId,sectorId,initialTimestamp) values (383,11,TO_TIMESTAMP('17:14','HH24:MI'));
INSERT INTO SectorIrrigation(operationId,sectorId,initialTimestamp) values (384,22,TO_TIMESTAMP('17:22','HH24:MI'));
INSERT INTO SectorIrrigation(operationId,sectorId,initialTimestamp) values (385,41,TO_TIMESTAMP('17:47','HH24:MI'));
INSERT INTO SectorIrrigation(operationId,sectorId,initialTimestamp) values (386,10,TO_TIMESTAMP('08:30','HH24:MI'));
INSERT INTO SectorIrrigation(operationId,sectorId,initialTimestamp) values (387,11,TO_TIMESTAMP('08:44','HH24:MI'));
INSERT INTO SectorIrrigation(operationId,sectorId,initialTimestamp) values (388,21,TO_TIMESTAMP('08:52','HH24:MI'));
INSERT INTO SectorIrrigation(operationId,sectorId,initialTimestamp) values (389,41,TO_TIMESTAMP('09:17','HH24:MI'));
INSERT INTO SectorIrrigation(operationId,sectorId,initialTimestamp) values (390,42,TO_TIMESTAMP('09:24','HH24:MI'));
INSERT INTO SectorIrrigation(operationId,sectorId,initialTimestamp) values (391,10,TO_TIMESTAMP('17:00','HH24:MI'));
INSERT INTO SectorIrrigation(operationId,sectorId,initialTimestamp) values (392,11,TO_TIMESTAMP('17:14','HH24:MI'));
INSERT INTO SectorIrrigation(operationId,sectorId,initialTimestamp) values (393,21,TO_TIMESTAMP('17:22','HH24:MI'));
INSERT INTO SectorIrrigation(operationId,sectorId,initialTimestamp) values (394,41,TO_TIMESTAMP('17:47','HH24:MI'));
INSERT INTO SectorIrrigation(operationId,sectorId,initialTimestamp) values (395,42,TO_TIMESTAMP('17:54','HH24:MI'));
INSERT INTO SectorIrrigation(operationId,sectorId,initialTimestamp) values (396,10,TO_TIMESTAMP('08:30','HH24:MI'));
INSERT INTO SectorIrrigation(operationId,sectorId,initialTimestamp) values (397,11,TO_TIMESTAMP('08:44','HH24:MI'));
INSERT INTO SectorIrrigation(operationId,sectorId,initialTimestamp) values (398,22,TO_TIMESTAMP('08:52','HH24:MI'));
INSERT INTO SectorIrrigation(operationId,sectorId,initialTimestamp) values (399,41,TO_TIMESTAMP('09:17','HH24:MI'));
INSERT INTO SectorIrrigation(operationId,sectorId,initialTimestamp) values (400,10,TO_TIMESTAMP('17:00','HH24:MI'));
INSERT INTO SectorIrrigation(operationId,sectorId,initialTimestamp) values (401,11,TO_TIMESTAMP('17:14','HH24:MI'));
INSERT INTO SectorIrrigation(operationId,sectorId,initialTimestamp) values (402,22,TO_TIMESTAMP('17:22','HH24:MI'));
INSERT INTO SectorIrrigation(operationId,sectorId,initialTimestamp) values (403,41,TO_TIMESTAMP('17:47','HH24:MI'));
INSERT INTO SectorIrrigation(operationId,sectorId,initialTimestamp) values (404,10,TO_TIMESTAMP('08:30','HH24:MI'));
INSERT INTO SectorIrrigation(operationId,sectorId,initialTimestamp) values (405,11,TO_TIMESTAMP('08:44','HH24:MI'));
INSERT INTO SectorIrrigation(operationId,sectorId,initialTimestamp) values (406,21,TO_TIMESTAMP('08:52','HH24:MI'));
INSERT INTO SectorIrrigation(operationId,sectorId,initialTimestamp) values (407,41,TO_TIMESTAMP('09:17','HH24:MI'));
INSERT INTO SectorIrrigation(operationId,sectorId,initialTimestamp) values (408,10,TO_TIMESTAMP('17:00','HH24:MI'));
INSERT INTO SectorIrrigation(operationId,sectorId,initialTimestamp) values (409,11,TO_TIMESTAMP('17:14','HH24:MI'));
INSERT INTO SectorIrrigation(operationId,sectorId,initialTimestamp) values (410,21,TO_TIMESTAMP('17:22','HH24:MI'));
INSERT INTO SectorIrrigation(operationId,sectorId,initialTimestamp) values (411,41,TO_TIMESTAMP('17:47','HH24:MI'));
INSERT INTO SectorIrrigation(operationId,sectorId,initialTimestamp) values (412,10,TO_TIMESTAMP('08:30','HH24:MI'));
INSERT INTO SectorIrrigation(operationId,sectorId,initialTimestamp) values (413,11,TO_TIMESTAMP('08:44','HH24:MI'));
INSERT INTO SectorIrrigation(operationId,sectorId,initialTimestamp) values (414,22,TO_TIMESTAMP('08:52','HH24:MI'));
INSERT INTO SectorIrrigation(operationId,sectorId,initialTimestamp) values (415,41,TO_TIMESTAMP('09:17','HH24:MI'));
INSERT INTO SectorIrrigation(operationId,sectorId,initialTimestamp) values (416,42,TO_TIMESTAMP('09:24','HH24:MI'));
INSERT INTO SectorIrrigation(operationId,sectorId,initialTimestamp) values (417,10,TO_TIMESTAMP('17:00','HH24:MI'));
INSERT INTO SectorIrrigation(operationId,sectorId,initialTimestamp) values (418,11,TO_TIMESTAMP('17:14','HH24:MI'));
INSERT INTO SectorIrrigation(operationId,sectorId,initialTimestamp) values (419,22,TO_TIMESTAMP('17:22','HH24:MI'));
INSERT INTO SectorIrrigation(operationId,sectorId,initialTimestamp) values (420,41,TO_TIMESTAMP('17:47','HH24:MI'));
INSERT INTO SectorIrrigation(operationId,sectorId,initialTimestamp) values (421,42,TO_TIMESTAMP('17:54','HH24:MI'));
INSERT INTO SectorIrrigation(operationId,sectorId,initialTimestamp) values (422,10,TO_TIMESTAMP('08:30','HH24:MI'));
INSERT INTO SectorIrrigation(operationId,sectorId,initialTimestamp) values (423,11,TO_TIMESTAMP('08:44','HH24:MI'));
INSERT INTO SectorIrrigation(operationId,sectorId,initialTimestamp) values (424,21,TO_TIMESTAMP('08:52','HH24:MI'));
INSERT INTO SectorIrrigation(operationId,sectorId,initialTimestamp) values (425,41,TO_TIMESTAMP('09:17','HH24:MI'));
INSERT INTO SectorIrrigation(operationId,sectorId,initialTimestamp) values (426,10,TO_TIMESTAMP('17:00','HH24:MI'));
INSERT INTO SectorIrrigation(operationId,sectorId,initialTimestamp) values (427,11,TO_TIMESTAMP('17:14','HH24:MI'));
INSERT INTO SectorIrrigation(operationId,sectorId,initialTimestamp) values (428,21,TO_TIMESTAMP('17:22','HH24:MI'));
INSERT INTO SectorIrrigation(operationId,sectorId,initialTimestamp) values (429,41,TO_TIMESTAMP('17:47','HH24:MI'));
INSERT INTO SectorIrrigation(operationId,sectorId,initialTimestamp) values (430,10,TO_TIMESTAMP('08:30','HH24:MI'));
INSERT INTO SectorIrrigation(operationId,sectorId,initialTimestamp) values (431,11,TO_TIMESTAMP('08:44','HH24:MI'));
INSERT INTO SectorIrrigation(operationId,sectorId,initialTimestamp) values (432,22,TO_TIMESTAMP('08:52','HH24:MI'));
INSERT INTO SectorIrrigation(operationId,sectorId,initialTimestamp) values (433,41,TO_TIMESTAMP('09:17','HH24:MI'));
INSERT INTO SectorIrrigation(operationId,sectorId,initialTimestamp) values (434,10,TO_TIMESTAMP('17:00','HH24:MI'));
INSERT INTO SectorIrrigation(operationId,sectorId,initialTimestamp) values (435,11,TO_TIMESTAMP('17:14','HH24:MI'));
INSERT INTO SectorIrrigation(operationId,sectorId,initialTimestamp) values (436,22,TO_TIMESTAMP('17:22','HH24:MI'));
INSERT INTO SectorIrrigation(operationId,sectorId,initialTimestamp) values (437,41,TO_TIMESTAMP('17:47','HH24:MI'));
INSERT INTO Plantation(operationId,cropId) values (1,11);
INSERT INTO Plantation(operationId,cropId) values (2,12);
INSERT INTO Plantation(operationId,cropId) values (3,22);
INSERT INTO Plantation(operationId,cropId) values (4,23);
INSERT INTO Plantation(operationId,cropId) values (5,24);
INSERT INTO Plantation(operationId,cropId) values (20,26);
INSERT INTO Plantation(operationId,cropId) values (21,27);
INSERT INTO Plantation(operationId,cropId) values (37,25);
INSERT INTO Plantation(operationId,cropId) values (229,36);
INSERT INTO Plantation(operationId,cropId) values (230,37);
INSERT INTO Plantation(operationId,cropId) values (231,35);
INSERT INTO Plantation(operationId,cropId) values (232,38);
INSERT INTO Plantation(operationId,cropId) values (233,39);
INSERT INTO Plantation(operationId,cropId) values (234,40);
INSERT INTO Plantation(operationId,cropId) values (283,45);
INSERT INTO PlantationMeasures(operationId,compass,distanceBetweenLines) values (1,6,7.5);
INSERT INTO PlantationMeasures(operationId,compass,distanceBetweenLines) values (2,6,7.5);
INSERT INTO PlantationMeasures(operationId,compass,distanceBetweenLines) values (3,5,5);
INSERT INTO PlantationMeasures(operationId,compass,distanceBetweenLines) values (4,5,5);
INSERT INTO PlantationMeasures(operationId,compass,distanceBetweenLines) values (5,5,5);
INSERT INTO PlantationMeasures(operationId,compass,distanceBetweenLines) values (37,5,5);
INSERT INTO PlantationMeasures(operationId,compass,distanceBetweenLines) values (229,5,5);
INSERT INTO PlantationMeasures(operationId,compass,distanceBetweenLines) values (230,5,5);
INSERT INTO PlantationMeasures(operationId,compass,distanceBetweenLines) values (231,5,5);
INSERT INTO PlantationMeasures(operationId,compass,distanceBetweenLines) values (232,5,5);
INSERT INTO PlantationMeasures(operationId,compass,distanceBetweenLines) values (233,5,5);
INSERT INTO PlantationMeasures(operationId,compass,distanceBetweenLines) values (234,5,5);
INSERT INTO PlantationMeasures(operationId,compass,distanceBetweenLines) values (283,6,6);
INSERT INTO Harvest(operationId,cropId,productId) values (64,13,6);
INSERT INTO Harvest(operationId,cropId,productId) values (65,13,6);
INSERT INTO Harvest(operationId,cropId,productId) values (78,5,3);
INSERT INTO Harvest(operationId,cropId,productId) values (79,14,7);
INSERT INTO Harvest(operationId,cropId,productId) values (80,14,7);
INSERT INTO Harvest(operationId,cropId,productId) values (86,15,8);
INSERT INTO Harvest(operationId,cropId,productId) values (94,15,8);
INSERT INTO Harvest(operationId,cropId,productId) values (96,15,8);
INSERT INTO Harvest(operationId,cropId,productId) values (105,16,9);
INSERT INTO Harvest(operationId,cropId,productId) values (106,16,9);
INSERT INTO Harvest(operationId,cropId,productId) values (115,26,15);
INSERT INTO Harvest(operationId,cropId,productId) values (116,26,15);
INSERT INTO Harvest(operationId,cropId,productId) values (123,2,2);
INSERT INTO Harvest(operationId,cropId,productId) values (125,24,14);
INSERT INTO Harvest(operationId,cropId,productId) values (126,7,3);
INSERT INTO Harvest(operationId,cropId,productId) values (127,17,10);
INSERT INTO Harvest(operationId,cropId,productId) values (128,25,14);
INSERT INTO Harvest(operationId,cropId,productId) values (129,17,10);
INSERT INTO Harvest(operationId,cropId,productId) values (130,22,12);
INSERT INTO Harvest(operationId,cropId,productId) values (132,22,12);
INSERT INTO Harvest(operationId,cropId,productId) values (134,23,13);
INSERT INTO Harvest(operationId,cropId,productId) values (135,23,13);
INSERT INTO Harvest(operationId,cropId,productId) values (136,11,4);
INSERT INTO Harvest(operationId,cropId,productId) values (137,12,5);
INSERT INTO Harvest(operationId,cropId,productId) values (138,9,8);
INSERT INTO Harvest(operationId,cropId,productId) values (145,9,8);
INSERT INTO Harvest(operationId,cropId,productId) values (147,9,8);
INSERT INTO Harvest(operationId,cropId,productId) values (155,19,9);
INSERT INTO Harvest(operationId,cropId,productId) values (157,19,9);
INSERT INTO Harvest(operationId,cropId,productId) values (167,26,15);
INSERT INTO Harvest(operationId,cropId,productId) values (168,26,15);
INSERT INTO Harvest(operationId,cropId,productId) values (175,27,16);
INSERT INTO Harvest(operationId,cropId,productId) values (176,7,16);
INSERT INTO Harvest(operationId,cropId,productId) values (177,4,2);
INSERT INTO Harvest(operationId,cropId,productId) values (179,9,3);
INSERT INTO Harvest(operationId,cropId,productId) values (180,24,14);
INSERT INTO Harvest(operationId,cropId,productId) values (181,20,7);
INSERT INTO Harvest(operationId,cropId,productId) values (182,20,7);
INSERT INTO Harvest(operationId,cropId,productId) values (183,25,14);
INSERT INTO Harvest(operationId,cropId,productId) values (184,22,12);
INSERT INTO Harvest(operationId,cropId,productId) values (185,22,12);
INSERT INTO Harvest(operationId,cropId,productId) values (188,23,13);
INSERT INTO Harvest(operationId,cropId,productId) values (189,23,13);
INSERT INTO Harvest(operationId,cropId,productId) values (192,11,4);
INSERT INTO Harvest(operationId,cropId,productId) values (193,12,5);
INSERT INTO Harvest(operationId,cropId,productId) values (194,21,11);
INSERT INTO Harvest(operationId,cropId,productId) values (200,21,11);
INSERT INTO Harvest(operationId,cropId,productId) values (203,21,11);
INSERT INTO Harvest(operationId,cropId,productId) values (222,24,14);
INSERT INTO Harvest(operationId,cropId,productId) values (223,25,14);
INSERT INTO Harvest(operationId,cropId,productId) values (224,22,12);
INSERT INTO Harvest(operationId,cropId,productId) values (225,22,12);
INSERT INTO Harvest(operationId,cropId,productId) values (226,23,13);
INSERT INTO Harvest(operationId,cropId,productId) values (227,23,13);
INSERT INTO Harvest(operationId,cropId,productId) values (259,38,22);
INSERT INTO Harvest(operationId,cropId,productId) values (260,39,23);
INSERT INTO Harvest(operationId,cropId,productId) values (261,39,23);
INSERT INTO Harvest(operationId,cropId,productId) values (262,35,19);
INSERT INTO Harvest(operationId,cropId,productId) values (263,35,19);
INSERT INTO Harvest(operationId,cropId,productId) values (264,40,24);
INSERT INTO Harvest(operationId,cropId,productId) values (265,37,21);
INSERT INTO Harvest(operationId,cropId,productId) values (266,36,20);
INSERT INTO Harvest(operationId,cropId,productId) values (267,36,20);
INSERT INTO Harvest(operationId,cropId,productId) values (293,30,18);
INSERT INTO Harvest(operationId,cropId,productId) values (294,12,5);
INSERT INTO Harvest(operationId,cropId,productId) values (295,11,4);
INSERT INTO Harvest(operationId,cropId,productId) values (306,41,9);
INSERT INTO Harvest(operationId,cropId,productId) values (308,41,9);
INSERT INTO Harvest(operationId,cropId,productId) values (313,43,17);
INSERT INTO Harvest(operationId,cropId,productId) values (314,43,17);
INSERT INTO Harvest(operationId,cropId,productId) values (315,42,10);
INSERT INTO Harvest(operationId,cropId,productId) values (316,42,10);
INSERT INTO Harvest(operationId,cropId,productId) values (317,42,10);
INSERT INTO ProductionFactorAppliance(operationId,productionFactorId) values (15,3);
INSERT INTO ProductionFactorAppliance(operationId,productionFactorId) values (16,3);
INSERT INTO ProductionFactorAppliance(operationId,productionFactorId) values (22,4);
INSERT INTO ProductionFactorAppliance(operationId,productionFactorId) values (23,4);
INSERT INTO ProductionFactorAppliance(operationId,productionFactorId) values (24,4);
INSERT INTO ProductionFactorAppliance(operationId,productionFactorId) values (43,1);
INSERT INTO ProductionFactorAppliance(operationId,productionFactorId) values (44,1);
INSERT INTO ProductionFactorAppliance(operationId,productionFactorId) values (45,4);
INSERT INTO ProductionFactorAppliance(operationId,productionFactorId) values (46,4);
INSERT INTO ProductionFactorAppliance(operationId,productionFactorId) values (47,4);
INSERT INTO ProductionFactorAppliance(operationId,productionFactorId) values (60,1);
INSERT INTO ProductionFactorAppliance(operationId,productionFactorId) values (61,1);
INSERT INTO ProductionFactorAppliance(operationId,productionFactorId) values (89,3);
INSERT INTO ProductionFactorAppliance(operationId,productionFactorId) values (90,3);
INSERT INTO ProductionFactorAppliance(operationId,productionFactorId) values (97,1);
INSERT INTO ProductionFactorAppliance(operationId,productionFactorId) values (98,1);
INSERT INTO ProductionFactorAppliance(operationId,productionFactorId) values (104,5);
INSERT INTO ProductionFactorAppliance(operationId,productionFactorId) values (148,1);
INSERT INTO ProductionFactorAppliance(operationId,productionFactorId) values (149,1);
INSERT INTO ProductionFactorAppliance(operationId,productionFactorId) values (156,5);
INSERT INTO ProductionFactorAppliance(operationId,productionFactorId) values (197,3);
INSERT INTO ProductionFactorAppliance(operationId,productionFactorId) values (198,3);
INSERT INTO ProductionFactorAppliance(operationId,productionFactorId) values (204,1);
INSERT INTO ProductionFactorAppliance(operationId,productionFactorId) values (205,1);
INSERT INTO ProductionFactorAppliance(operationId,productionFactorId) values (228,13);
INSERT INTO ProductionFactorAppliance(operationId,productionFactorId) values (235,12);
INSERT INTO ProductionFactorAppliance(operationId,productionFactorId) values (236,12);
INSERT INTO ProductionFactorAppliance(operationId,productionFactorId) values (237,12);
INSERT INTO ProductionFactorAppliance(operationId,productionFactorId) values (238,12);
INSERT INTO ProductionFactorAppliance(operationId,productionFactorId) values (239,12);
INSERT INTO ProductionFactorAppliance(operationId,productionFactorId) values (240,12);
INSERT INTO ProductionFactorAppliance(operationId,productionFactorId) values (241,12);
INSERT INTO ProductionFactorAppliance(operationId,productionFactorId) values (242,12);
INSERT INTO ProductionFactorAppliance(operationId,productionFactorId) values (243,12);
INSERT INTO ProductionFactorAppliance(operationId,productionFactorId) values (244,12);
INSERT INTO ProductionFactorAppliance(operationId,productionFactorId) values (245,12);
INSERT INTO ProductionFactorAppliance(operationId,productionFactorId) values (246,12);
INSERT INTO ProductionFactorAppliance(operationId,productionFactorId) values (247,13);
INSERT INTO ProductionFactorAppliance(operationId,productionFactorId) values (248,13);
INSERT INTO ProductionFactorAppliance(operationId,productionFactorId) values (249,13);
INSERT INTO ProductionFactorAppliance(operationId,productionFactorId) values (250,13);
INSERT INTO ProductionFactorAppliance(operationId,productionFactorId) values (251,13);
INSERT INTO ProductionFactorAppliance(operationId,productionFactorId) values (252,13);
INSERT INTO ProductionFactorAppliance(operationId,productionFactorId) values (253,5);
INSERT INTO ProductionFactorAppliance(operationId,productionFactorId) values (254,5);
INSERT INTO ProductionFactorAppliance(operationId,productionFactorId) values (255,5);
INSERT INTO ProductionFactorAppliance(operationId,productionFactorId) values (256,5);
INSERT INTO ProductionFactorAppliance(operationId,productionFactorId) values (257,5);
INSERT INTO ProductionFactorAppliance(operationId,productionFactorId) values (258,5);
INSERT INTO ProductionFactorAppliance(operationId,productionFactorId) values (284,13);
INSERT INTO ProductionFactorAppliance(operationId,productionFactorId) values (285,13);
INSERT INTO ProductionFactorAppliance(operationId,productionFactorId) values (286,13);
INSERT INTO ProductionFactorAppliance(operationId,productionFactorId) values (287,13);
INSERT INTO ProductionFactorAppliance(operationId,productionFactorId) values (288,13);
INSERT INTO ProductionFactorAppliance(operationId,productionFactorId) values (289,13);
INSERT INTO ProductionFactorAppliance(operationId,productionFactorId) values (290,13);
INSERT INTO ProductionFactorAppliance(operationId,productionFactorId) values (291,13);
INSERT INTO ProductionFactorAppliance(operationId,productionFactorId) values (292,13);
INSERT INTO ProductionFactorAppliance(operationId,productionFactorId) values (301,8);
INSERT INTO ProductionFactorAppliance(operationId,productionFactorId) values (309,12);
INSERT INTO ProductionFactorAppliance(operationId,productionFactorId) values (342,8);
INSERT INTO ProductionFactorAppliance(operationId,productionFactorId) values (352,6);
INSERT INTO ProductionFactorAppliance(operationId,productionFactorId) values (352,15);
INSERT INTO ProductionFactorAppliance(operationId,productionFactorId) values (352,16);
INSERT INTO ProductionFactorAppliance(operationId,productionFactorId) values (353,14);
INSERT INTO ProductionFactorAppliance(operationId,productionFactorId) values (353,17);
INSERT INTO ProductionFactorAppliance(operationId,productionFactorId) values (355,6);
INSERT INTO ProductionFactorAppliance(operationId,productionFactorId) values (355,15);
INSERT INTO ProductionFactorAppliance(operationId,productionFactorId) values (355,16);
INSERT INTO ProductionFactorAppliance(operationId,productionFactorId) values (356,6);
INSERT INTO ProductionFactorAppliance(operationId,productionFactorId) values (356,15);
INSERT INTO ProductionFactorAppliance(operationId,productionFactorId) values (356,16);
INSERT INTO ProductionFactorAppliance(operationId,productionFactorId) values (357,14);
INSERT INTO ProductionFactorAppliance(operationId,productionFactorId) values (357,17);
INSERT INTO ProductionFactorAppliance(operationId,productionFactorId) values (359,6);
INSERT INTO ProductionFactorAppliance(operationId,productionFactorId) values (359,15);
INSERT INTO ProductionFactorAppliance(operationId,productionFactorId) values (359,16);
INSERT INTO ProductionFactorAppliance(operationId,productionFactorId) values (381,6);
INSERT INTO ProductionFactorAppliance(operationId,productionFactorId) values (381,15);
INSERT INTO ProductionFactorAppliance(operationId,productionFactorId) values (381,16);
INSERT INTO ProductionFactorAppliance(operationId,productionFactorId) values (385,6);
INSERT INTO ProductionFactorAppliance(operationId,productionFactorId) values (385,15);
INSERT INTO ProductionFactorAppliance(operationId,productionFactorId) values (385,16);
INSERT INTO ProductionFactorAppliance(operationId,productionFactorId) values (396,6);
INSERT INTO ProductionFactorAppliance(operationId,productionFactorId) values (396,15);
INSERT INTO ProductionFactorAppliance(operationId,productionFactorId) values (396,16);
INSERT INTO ProductionFactorAppliance(operationId,productionFactorId) values (400,6);
INSERT INTO ProductionFactorAppliance(operationId,productionFactorId) values (400,15);
INSERT INTO ProductionFactorAppliance(operationId,productionFactorId) values (400,16);
INSERT INTO ProductionFactorAppliance(operationId,productionFactorId) values (407,6);
INSERT INTO ProductionFactorAppliance(operationId,productionFactorId) values (407,15);
INSERT INTO ProductionFactorAppliance(operationId,productionFactorId) values (407,16);
INSERT INTO ProductionFactorAppliance(operationId,productionFactorId) values (411,6);
INSERT INTO ProductionFactorAppliance(operationId,productionFactorId) values (411,15);
INSERT INTO ProductionFactorAppliance(operationId,productionFactorId) values (411,16);
INSERT INTO ProductionFactorAppliance(operationId,productionFactorId) values (413,14);
INSERT INTO ProductionFactorAppliance(operationId,productionFactorId) values (413,17);
INSERT INTO ProductionFactorAppliance(operationId,productionFactorId) values (418,14);
INSERT INTO ProductionFactorAppliance(operationId,productionFactorId) values (418,17);
INSERT INTO ProductionFactorAppliance(operationId,productionFactorId) values (433,6);
INSERT INTO ProductionFactorAppliance(operationId,productionFactorId) values (433,15);
INSERT INTO ProductionFactorAppliance(operationId,productionFactorId) values (433,16);
INSERT INTO ProductionFactorAppliance(operationId,productionFactorId) values (437,6);
INSERT INTO ProductionFactorAppliance(operationId,productionFactorId) values (437,15);
INSERT INTO ProductionFactorAppliance(operationId,productionFactorId) values (437,16);
INSERT INTO Fertilization(operationId,productionFactorId,fertilizationModeId) values (15,3,1);
INSERT INTO Fertilization(operationId,productionFactorId,fertilizationModeId) values (16,3,1);
INSERT INTO Fertilization(operationId,productionFactorId,fertilizationModeId) values (22,4,1);
INSERT INTO Fertilization(operationId,productionFactorId,fertilizationModeId) values (23,4,1);
INSERT INTO Fertilization(operationId,productionFactorId,fertilizationModeId) values (24,4,1);
INSERT INTO Fertilization(operationId,productionFactorId,fertilizationModeId) values (45,4,1);
INSERT INTO Fertilization(operationId,productionFactorId,fertilizationModeId) values (46,4,1);
INSERT INTO Fertilization(operationId,productionFactorId,fertilizationModeId) values (47,4,1);
INSERT INTO Fertilization(operationId,productionFactorId,fertilizationModeId) values (89,3,1);
INSERT INTO Fertilization(operationId,productionFactorId,fertilizationModeId) values (90,3,1);
INSERT INTO Fertilization(operationId,productionFactorId,fertilizationModeId) values (104,5,2);
INSERT INTO Fertilization(operationId,productionFactorId,fertilizationModeId) values (156,5,2);
INSERT INTO Fertilization(operationId,productionFactorId,fertilizationModeId) values (197,3,1);
INSERT INTO Fertilization(operationId,productionFactorId,fertilizationModeId) values (198,3,1);
INSERT INTO Fertilization(operationId,productionFactorId,fertilizationModeId) values (228,13,1);
INSERT INTO Fertilization(operationId,productionFactorId,fertilizationModeId) values (235,12,1);
INSERT INTO Fertilization(operationId,productionFactorId,fertilizationModeId) values (236,12,1);
INSERT INTO Fertilization(operationId,productionFactorId,fertilizationModeId) values (237,12,1);
INSERT INTO Fertilization(operationId,productionFactorId,fertilizationModeId) values (238,12,1);
INSERT INTO Fertilization(operationId,productionFactorId,fertilizationModeId) values (239,12,1);
INSERT INTO Fertilization(operationId,productionFactorId,fertilizationModeId) values (240,12,1);
INSERT INTO Fertilization(operationId,productionFactorId,fertilizationModeId) values (241,12,1);
INSERT INTO Fertilization(operationId,productionFactorId,fertilizationModeId) values (242,12,1);
INSERT INTO Fertilization(operationId,productionFactorId,fertilizationModeId) values (243,12,1);
INSERT INTO Fertilization(operationId,productionFactorId,fertilizationModeId) values (244,12,1);
INSERT INTO Fertilization(operationId,productionFactorId,fertilizationModeId) values (245,12,1);
INSERT INTO Fertilization(operationId,productionFactorId,fertilizationModeId) values (246,12,1);
INSERT INTO Fertilization(operationId,productionFactorId,fertilizationModeId) values (247,13,1);
INSERT INTO Fertilization(operationId,productionFactorId,fertilizationModeId) values (248,13,1);
INSERT INTO Fertilization(operationId,productionFactorId,fertilizationModeId) values (249,13,1);
INSERT INTO Fertilization(operationId,productionFactorId,fertilizationModeId) values (250,13,1);
INSERT INTO Fertilization(operationId,productionFactorId,fertilizationModeId) values (251,13,1);
INSERT INTO Fertilization(operationId,productionFactorId,fertilizationModeId) values (252,13,1);
INSERT INTO Fertilization(operationId,productionFactorId,fertilizationModeId) values (253,5,2);
INSERT INTO Fertilization(operationId,productionFactorId,fertilizationModeId) values (254,5,2);
INSERT INTO Fertilization(operationId,productionFactorId,fertilizationModeId) values (255,5,2);
INSERT INTO Fertilization(operationId,productionFactorId,fertilizationModeId) values (256,5,2);
INSERT INTO Fertilization(operationId,productionFactorId,fertilizationModeId) values (257,5,2);
INSERT INTO Fertilization(operationId,productionFactorId,fertilizationModeId) values (258,5,2);
INSERT INTO Fertilization(operationId,productionFactorId,fertilizationModeId) values (284,13,1);
INSERT INTO Fertilization(operationId,productionFactorId,fertilizationModeId) values (285,13,1);
INSERT INTO Fertilization(operationId,productionFactorId,fertilizationModeId) values (286,13,1);
INSERT INTO Fertilization(operationId,productionFactorId,fertilizationModeId) values (287,13,1);
INSERT INTO Fertilization(operationId,productionFactorId,fertilizationModeId) values (288,13,1);
INSERT INTO Fertilization(operationId,productionFactorId,fertilizationModeId) values (289,13,1);
INSERT INTO Fertilization(operationId,productionFactorId,fertilizationModeId) values (290,13,1);
INSERT INTO Fertilization(operationId,productionFactorId,fertilizationModeId) values (291,13,1);
INSERT INTO Fertilization(operationId,productionFactorId,fertilizationModeId) values (292,13,1);
INSERT INTO Fertilization(operationId,productionFactorId,fertilizationModeId) values (301,8,1);
INSERT INTO Fertilization(operationId,productionFactorId,fertilizationModeId) values (309,12,1);
INSERT INTO Fertilization(operationId,productionFactorId,fertilizationModeId) values (342,8,1);
INSERT INTO CropFertilization(operationId,productionFactorId,cropId) values (15,3,11);
INSERT INTO CropFertilization(operationId,productionFactorId,cropId) values (16,3,12);
INSERT INTO CropFertilization(operationId,productionFactorId,cropId) values (22,4,22);
INSERT INTO CropFertilization(operationId,productionFactorId,cropId) values (23,4,23);
INSERT INTO CropFertilization(operationId,productionFactorId,cropId) values (24,4,24);
INSERT INTO CropFertilization(operationId,productionFactorId,cropId) values (45,4,22);
INSERT INTO CropFertilization(operationId,productionFactorId,cropId) values (46,4,23);
INSERT INTO CropFertilization(operationId,productionFactorId,cropId) values (47,4,24);
INSERT INTO CropFertilization(operationId,productionFactorId,cropId) values (89,3,11);
INSERT INTO CropFertilization(operationId,productionFactorId,cropId) values (90,3,12);
INSERT INTO CropFertilization(operationId,productionFactorId,cropId) values (104,5,25);
INSERT INTO CropFertilization(operationId,productionFactorId,cropId) values (156,5,24);
INSERT INTO CropFertilization(operationId,productionFactorId,cropId) values (197,3,11);
INSERT INTO CropFertilization(operationId,productionFactorId,cropId) values (198,3,12);
INSERT INTO CropFertilization(operationId,productionFactorId,cropId) values (235,12,36);
INSERT INTO CropFertilization(operationId,productionFactorId,cropId) values (236,12,37);
INSERT INTO CropFertilization(operationId,productionFactorId,cropId) values (237,12,35);
INSERT INTO CropFertilization(operationId,productionFactorId,cropId) values (238,12,38);
INSERT INTO CropFertilization(operationId,productionFactorId,cropId) values (239,12,39);
INSERT INTO CropFertilization(operationId,productionFactorId,cropId) values (240,12,40);
INSERT INTO CropFertilization(operationId,productionFactorId,cropId) values (241,12,36);
INSERT INTO CropFertilization(operationId,productionFactorId,cropId) values (242,12,37);
INSERT INTO CropFertilization(operationId,productionFactorId,cropId) values (243,12,35);
INSERT INTO CropFertilization(operationId,productionFactorId,cropId) values (244,12,38);
INSERT INTO CropFertilization(operationId,productionFactorId,cropId) values (245,12,39);
INSERT INTO CropFertilization(operationId,productionFactorId,cropId) values (246,12,40);
INSERT INTO CropFertilization(operationId,productionFactorId,cropId) values (247,13,36);
INSERT INTO CropFertilization(operationId,productionFactorId,cropId) values (248,13,37);
INSERT INTO CropFertilization(operationId,productionFactorId,cropId) values (249,13,35);
INSERT INTO CropFertilization(operationId,productionFactorId,cropId) values (250,13,38);
INSERT INTO CropFertilization(operationId,productionFactorId,cropId) values (251,13,39);
INSERT INTO CropFertilization(operationId,productionFactorId,cropId) values (252,13,40);
INSERT INTO CropFertilization(operationId,productionFactorId,cropId) values (253,5,36);
INSERT INTO CropFertilization(operationId,productionFactorId,cropId) values (254,5,37);
INSERT INTO CropFertilization(operationId,productionFactorId,cropId) values (255,5,35);
INSERT INTO CropFertilization(operationId,productionFactorId,cropId) values (256,5,38);
INSERT INTO CropFertilization(operationId,productionFactorId,cropId) values (257,5,39);
INSERT INTO CropFertilization(operationId,productionFactorId,cropId) values (258,5,40);
INSERT INTO CropFertilization(operationId,productionFactorId,cropId) values (284,13,12);
INSERT INTO CropFertilization(operationId,productionFactorId,cropId) values (285,13,11);
INSERT INTO CropFertilization(operationId,productionFactorId,cropId) values (286,13,30);
INSERT INTO CropFertilization(operationId,productionFactorId,cropId) values (287,13,12);
INSERT INTO CropFertilization(operationId,productionFactorId,cropId) values (288,13,11);
INSERT INTO CropFertilization(operationId,productionFactorId,cropId) values (289,13,30);
INSERT INTO CropFertilization(operationId,productionFactorId,cropId) values (290,13,12);
INSERT INTO CropFertilization(operationId,productionFactorId,cropId) values (291,13,11);
INSERT INTO CropFertilization(operationId,productionFactorId,cropId) values (292,13,30);
INSERT INTO CropFertilization(operationId,productionFactorId,cropId) values (309,12,42);
INSERT INTO CropIrrigation(operationId,cropId) values (6,12);
INSERT INTO CropIrrigation(operationId,cropId) values (7,11);
INSERT INTO CropIrrigation(operationId,cropId) values (8,22);
INSERT INTO CropIrrigation(operationId,cropId) values (9,12);
INSERT INTO CropIrrigation(operationId,cropId) values (10,11);
INSERT INTO CropIrrigation(operationId,cropId) values (11,23);
INSERT INTO CropIrrigation(operationId,cropId) values (12,24);
INSERT INTO CropIrrigation(operationId,cropId) values (25,12);
INSERT INTO CropIrrigation(operationId,cropId) values (26,11);
INSERT INTO CropIrrigation(operationId,cropId) values (27,22);
INSERT INTO CropIrrigation(operationId,cropId) values (28,26);
INSERT INTO CropIrrigation(operationId,cropId) values (29,12);
INSERT INTO CropIrrigation(operationId,cropId) values (30,11);
INSERT INTO CropIrrigation(operationId,cropId) values (31,23);
INSERT INTO CropIrrigation(operationId,cropId) values (32,27);
INSERT INTO CropIrrigation(operationId,cropId) values (33,24);
INSERT INTO CropIrrigation(operationId,cropId) values (34,22);
INSERT INTO CropIrrigation(operationId,cropId) values (67,12);
INSERT INTO CropIrrigation(operationId,cropId) values (68,11);
INSERT INTO CropIrrigation(operationId,cropId) values (69,26);
INSERT INTO CropIrrigation(operationId,cropId) values (70,5);
INSERT INTO CropIrrigation(operationId,cropId) values (71,14);
INSERT INTO CropIrrigation(operationId,cropId) values (72,5);
INSERT INTO CropIrrigation(operationId,cropId) values (73,12);
INSERT INTO CropIrrigation(operationId,cropId) values (74,11);
INSERT INTO CropIrrigation(operationId,cropId) values (75,5);
INSERT INTO CropIrrigation(operationId,cropId) values (76,27);
INSERT INTO CropIrrigation(operationId,cropId) values (77,14);
INSERT INTO CropIrrigation(operationId,cropId) values (108,17);
INSERT INTO CropIrrigation(operationId,cropId) values (109,12);
INSERT INTO CropIrrigation(operationId,cropId) values (110,11);
INSERT INTO CropIrrigation(operationId,cropId) values (111,22);
INSERT INTO CropIrrigation(operationId,cropId) values (112,17);
INSERT INTO CropIrrigation(operationId,cropId) values (113,26);
INSERT INTO CropIrrigation(operationId,cropId) values (114,7);
INSERT INTO CropIrrigation(operationId,cropId) values (117,7);
INSERT INTO CropIrrigation(operationId,cropId) values (118,23);
INSERT INTO CropIrrigation(operationId,cropId) values (119,17);
INSERT INTO CropIrrigation(operationId,cropId) values (120,7);
INSERT INTO CropIrrigation(operationId,cropId) values (121,12);
INSERT INTO CropIrrigation(operationId,cropId) values (122,11);
INSERT INTO CropIrrigation(operationId,cropId) values (124,17);
INSERT INTO CropIrrigation(operationId,cropId) values (159,23);
INSERT INTO CropIrrigation(operationId,cropId) values (160,20);
INSERT INTO CropIrrigation(operationId,cropId) values (161,22);
INSERT INTO CropIrrigation(operationId,cropId) values (162,12);
INSERT INTO CropIrrigation(operationId,cropId) values (163,11);
INSERT INTO CropIrrigation(operationId,cropId) values (164,27);
INSERT INTO CropIrrigation(operationId,cropId) values (165,9);
INSERT INTO CropIrrigation(operationId,cropId) values (166,20);
INSERT INTO CropIrrigation(operationId,cropId) values (169,9);
INSERT INTO CropIrrigation(operationId,cropId) values (170,25);
INSERT INTO CropIrrigation(operationId,cropId) values (171,20);
INSERT INTO CropIrrigation(operationId,cropId) values (172,9);
INSERT INTO CropIrrigation(operationId,cropId) values (173,12);
INSERT INTO CropIrrigation(operationId,cropId) values (174,11);
INSERT INTO CropIrrigation(operationId,cropId) values (178,20);
INSERT INTO ProductionFactorPH(productionFactorId,value) values (12,6.7);
INSERT INTO ProductionFactorPH(productionFactorId,value) values (13,6.5);
INSERT INTO ProductionFactorPH(productionFactorId,value) values (15,7);
INSERT INTO ProductionFactorPH(productionFactorId,value) values (16,7.8);
INSERT INTO Sowing(operationId,cropId) values (62,13);
INSERT INTO Sowing(operationId,cropId) values (63,5);
INSERT INTO Sowing(operationId,cropId) values (66,14);
INSERT INTO Sowing(operationId,cropId) values (81,15);
INSERT INTO Sowing(operationId,cropId) values (82,1);
INSERT INTO Sowing(operationId,cropId) values (83,6);
INSERT INTO Sowing(operationId,cropId) values (99,16);
INSERT INTO Sowing(operationId,cropId) values (102,7);
INSERT INTO Sowing(operationId,cropId) values (103,3);
INSERT INTO Sowing(operationId,cropId) values (107,17);
INSERT INTO Sowing(operationId,cropId) values (131,18);
INSERT INTO Sowing(operationId,cropId) values (133,9);
INSERT INTO Sowing(operationId,cropId) values (150,19);
INSERT INTO Sowing(operationId,cropId) values (153,9);
INSERT INTO Sowing(operationId,cropId) values (154,4);
INSERT INTO Sowing(operationId,cropId) values (158,20);
INSERT INTO Sowing(operationId,cropId) values (186,21);
INSERT INTO Sowing(operationId,cropId) values (187,10);
INSERT INTO Sowing(operationId,cropId) values (302,41);
INSERT INTO Sowing(operationId,cropId) values (303,43);
INSERT INTO Sowing(operationId,cropId) values (311,42);
INSERT INTO Sowing(operationId,cropId) values (319,44);
INSERT INTO Pruning(operationId,cropId) values (13,11);
INSERT INTO Pruning(operationId,cropId) values (14,12);
INSERT INTO Pruning(operationId,cropId) values (17,22);
INSERT INTO Pruning(operationId,cropId) values (18,23);
INSERT INTO Pruning(operationId,cropId) values (19,24);
INSERT INTO Pruning(operationId,cropId) values (35,11);
INSERT INTO Pruning(operationId,cropId) values (36,12);
INSERT INTO Pruning(operationId,cropId) values (38,26);
INSERT INTO Pruning(operationId,cropId) values (39,27);
INSERT INTO Pruning(operationId,cropId) values (40,22);
INSERT INTO Pruning(operationId,cropId) values (41,23);
INSERT INTO Pruning(operationId,cropId) values (42,24);
INSERT INTO Pruning(operationId,cropId) values (56,11);
INSERT INTO Pruning(operationId,cropId) values (57,12);
INSERT INTO Pruning(operationId,cropId) values (58,26);
INSERT INTO Pruning(operationId,cropId) values (59,27);
INSERT INTO Pruning(operationId,cropId) values (84,11);
INSERT INTO Pruning(operationId,cropId) values (85,12);
INSERT INTO Pruning(operationId,cropId) values (87,25);
INSERT INTO Pruning(operationId,cropId) values (88,22);
INSERT INTO Pruning(operationId,cropId) values (91,22);
INSERT INTO Pruning(operationId,cropId) values (92,23);
INSERT INTO Pruning(operationId,cropId) values (93,26);
INSERT INTO Pruning(operationId,cropId) values (95,27);
INSERT INTO Pruning(operationId,cropId) values (139,11);
INSERT INTO Pruning(operationId,cropId) values (140,12);
INSERT INTO Pruning(operationId,cropId) values (141,24);
INSERT INTO Pruning(operationId,cropId) values (142,22);
INSERT INTO Pruning(operationId,cropId) values (143,26);
INSERT INTO Pruning(operationId,cropId) values (144,23);
INSERT INTO Pruning(operationId,cropId) values (146,27);
INSERT INTO Pruning(operationId,cropId) values (190,11);
INSERT INTO Pruning(operationId,cropId) values (191,12);
INSERT INTO Pruning(operationId,cropId) values (195,25);
INSERT INTO Pruning(operationId,cropId) values (196,22);
INSERT INTO Pruning(operationId,cropId) values (199,26);
INSERT INTO Pruning(operationId,cropId) values (201,27);
INSERT INTO Pruning(operationId,cropId) values (202,23);
INSERT INTO SoilIncorporation(operationId,cropId) values (100,6);
INSERT INTO SoilIncorporation(operationId,cropId) values (101,1);
INSERT INTO SoilIncorporation(operationId,cropId) values (151,8);
INSERT INTO SoilIncorporation(operationId,cropId) values (152,3);
INSERT INTO SoilIncorporation(operationId,cropId) values (206,10);
INSERT INTO SoilIncorporation(operationId,cropId) values (307,43);
INSERT INTO Weeding(operationId,cropId) values (304,41);
INSERT INTO Weeding(operationId,cropId) values (305,43);
INSERT INTO Weeding(operationId,cropId) values (307,43);
INSERT INTO Weeding(operationId,cropId) values (312,42);
INSERT INTO LogType(logTypeId,designation) values (1,'Criação');
INSERT INTO LogType(logTypeId,designation) values (2,'Anulação');
INSERT INTO CropAmount(cropId,unitId,value) values (1,1,1.1);
INSERT INTO CropAmount(cropId,unitId,value) values (2,1,0.9);
INSERT INTO CropAmount(cropId,unitId,value) values (3,1,1.1);
INSERT INTO CropAmount(cropId,unitId,value) values (4,1,0.9);
INSERT INTO CropAmount(cropId,unitId,value) values (5,1,1.2);
INSERT INTO CropAmount(cropId,unitId,value) values (6,1,1.3);
INSERT INTO CropAmount(cropId,unitId,value) values (7,1,1.2);
INSERT INTO CropAmount(cropId,unitId,value) values (8,1,1.3);
INSERT INTO CropAmount(cropId,unitId,value) values (9,1,1.2);
INSERT INTO CropAmount(cropId,unitId,value) values (10,1,1.3);
INSERT INTO CropAmount(cropId,unitId,value) values (11,2,30);
INSERT INTO CropAmount(cropId,unitId,value) values (11,4,45);
INSERT INTO CropAmount(cropId,unitId,value) values (12,2,20);
INSERT INTO CropAmount(cropId,unitId,value) values (12,4,45);
INSERT INTO CropAmount(cropId,unitId,value) values (13,1,0.15);
INSERT INTO CropAmount(cropId,unitId,value) values (14,1,0.1);
INSERT INTO CropAmount(cropId,unitId,value) values (15,1,0.2);
INSERT INTO CropAmount(cropId,unitId,value) values (16,1,0.15);
INSERT INTO CropAmount(cropId,unitId,value) values (17,1,0.1);
INSERT INTO CropAmount(cropId,unitId,value) values (18,1,0.2);
INSERT INTO CropAmount(cropId,unitId,value) values (19,1,0.15);
INSERT INTO CropAmount(cropId,unitId,value) values (20,1,0.15);
INSERT INTO CropAmount(cropId,unitId,value) values (21,1,0.25);
INSERT INTO CropAmount(cropId,unitId,value) values (22,2,90);
INSERT INTO CropAmount(cropId,unitId,value) values (22,4,25);
INSERT INTO CropAmount(cropId,unitId,value) values (23,2,60);
INSERT INTO CropAmount(cropId,unitId,value) values (23,4,25);
INSERT INTO CropAmount(cropId,unitId,value) values (24,2,40);
INSERT INTO CropAmount(cropId,unitId,value) values (24,4,25);
INSERT INTO CropAmount(cropId,unitId,value) values (25,2,30);
INSERT INTO CropAmount(cropId,unitId,value) values (25,4,25);
INSERT INTO CropAmount(cropId,unitId,value) values (26,2,500);
INSERT INTO CropAmount(cropId,unitId,value) values (27,2,700);
INSERT INTO CropAmount(cropId,unitId,value) values (28,2,30);
INSERT INTO CropAmount(cropId,unitId,value) values (29,2,20);
INSERT INTO CropAmount(cropId,unitId,value) values (30,2,40);
INSERT INTO CropAmount(cropId,unitId,value) values (31,2,90);
INSERT INTO CropAmount(cropId,unitId,value) values (32,2,60);
INSERT INTO CropAmount(cropId,unitId,value) values (33,2,60);
INSERT INTO CropAmount(cropId,unitId,value) values (34,2,40);
INSERT INTO CropAmount(cropId,unitId,value) values (35,2,40);
INSERT INTO CropAmount(cropId,unitId,value) values (35,4,25);
INSERT INTO CropAmount(cropId,unitId,value) values (36,2,50);
INSERT INTO CropAmount(cropId,unitId,value) values (36,4,25);
INSERT INTO CropAmount(cropId,unitId,value) values (37,2,20);
INSERT INTO CropAmount(cropId,unitId,value) values (37,4,25);
INSERT INTO CropAmount(cropId,unitId,value) values (38,2,30);
INSERT INTO CropAmount(cropId,unitId,value) values (38,4,25);
INSERT INTO CropAmount(cropId,unitId,value) values (39,2,40);
INSERT INTO CropAmount(cropId,unitId,value) values (39,4,25);
INSERT INTO CropAmount(cropId,unitId,value) values (40,2,50);
INSERT INTO CropAmount(cropId,unitId,value) values (40,4,25);
INSERT INTO CropAmount(cropId,unitId,value) values (41,2,50);
INSERT INTO CropAmount(cropId,unitId,value) values (42,2,50);
INSERT INTO CropAmount(cropId,unitId,value) values (43,2,50);
INSERT INTO CropAmount(cropId,unitId,value) values (44,3,32);
INSERT INTO CropAmount(cropId,unitId,value) values (45,2,40);
INSERT INTO CropAmount(cropId,unitId,value) values (45,4,36);
INSERT INTO OperationAmount(operationId,unitId,value) values (1,2,30);
INSERT INTO OperationAmount(operationId,unitId,value) values (2,2,20);
INSERT INTO OperationAmount(operationId,unitId,value) values (3,2,90);
INSERT INTO OperationAmount(operationId,unitId,value) values (4,2,60);
INSERT INTO OperationAmount(operationId,unitId,value) values (5,2,40);
INSERT INTO OperationAmount(operationId,unitId,value) values (6,4,0.4);
INSERT INTO OperationAmount(operationId,unitId,value) values (7,4,0.9);
INSERT INTO OperationAmount(operationId,unitId,value) values (8,4,3);
INSERT INTO OperationAmount(operationId,unitId,value) values (9,4,0.4);
INSERT INTO OperationAmount(operationId,unitId,value) values (10,4,0.9);
INSERT INTO OperationAmount(operationId,unitId,value) values (11,4,3.5);
INSERT INTO OperationAmount(operationId,unitId,value) values (12,4,3);
INSERT INTO OperationAmount(operationId,unitId,value) values (13,2,30);
INSERT INTO OperationAmount(operationId,unitId,value) values (14,2,20);
INSERT INTO OperationAmount(operationId,unitId,value) values (15,3,15);
INSERT INTO OperationAmount(operationId,unitId,value) values (16,3,10);
INSERT INTO OperationAmount(operationId,unitId,value) values (17,2,90);
INSERT INTO OperationAmount(operationId,unitId,value) values (18,2,60);
INSERT INTO OperationAmount(operationId,unitId,value) values (19,2,40);
INSERT INTO OperationAmount(operationId,unitId,value) values (20,2,500);
INSERT INTO OperationAmount(operationId,unitId,value) values (21,2,700);
INSERT INTO OperationAmount(operationId,unitId,value) values (22,3,10);
INSERT INTO OperationAmount(operationId,unitId,value) values (23,3,6);
INSERT INTO OperationAmount(operationId,unitId,value) values (24,3,5);
INSERT INTO OperationAmount(operationId,unitId,value) values (25,4,1);
INSERT INTO OperationAmount(operationId,unitId,value) values (26,4,1.5);
INSERT INTO OperationAmount(operationId,unitId,value) values (27,4,3.5);
INSERT INTO OperationAmount(operationId,unitId,value) values (28,4,6);
INSERT INTO OperationAmount(operationId,unitId,value) values (29,4,1);
INSERT INTO OperationAmount(operationId,unitId,value) values (30,4,1.5);
INSERT INTO OperationAmount(operationId,unitId,value) values (31,4,4);
INSERT INTO OperationAmount(operationId,unitId,value) values (32,4,7);
INSERT INTO OperationAmount(operationId,unitId,value) values (33,4,4);
INSERT INTO OperationAmount(operationId,unitId,value) values (34,4,4);
INSERT INTO OperationAmount(operationId,unitId,value) values (35,2,30);
INSERT INTO OperationAmount(operationId,unitId,value) values (36,2,20);
INSERT INTO OperationAmount(operationId,unitId,value) values (37,2,30);
INSERT INTO OperationAmount(operationId,unitId,value) values (38,2,500);
INSERT INTO OperationAmount(operationId,unitId,value) values (39,2,700);
INSERT INTO OperationAmount(operationId,unitId,value) values (40,2,90);
INSERT INTO OperationAmount(operationId,unitId,value) values (41,2,60);
INSERT INTO OperationAmount(operationId,unitId,value) values (42,2,40);
INSERT INTO OperationAmount(operationId,unitId,value) values (43,3,2);
INSERT INTO OperationAmount(operationId,unitId,value) values (44,3,2.5);
INSERT INTO OperationAmount(operationId,unitId,value) values (45,3,10);
INSERT INTO OperationAmount(operationId,unitId,value) values (46,3,5);
INSERT INTO OperationAmount(operationId,unitId,value) values (47,3,7);
INSERT INTO OperationAmount(operationId,unitId,value) values (48,4,1);
INSERT INTO OperationAmount(operationId,unitId,value) values (49,4,1.5);
INSERT INTO OperationAmount(operationId,unitId,value) values (50,4,4);
INSERT INTO OperationAmount(operationId,unitId,value) values (51,4,6);
INSERT INTO OperationAmount(operationId,unitId,value) values (52,4,1);
INSERT INTO OperationAmount(operationId,unitId,value) values (53,4,1.5);
INSERT INTO OperationAmount(operationId,unitId,value) values (54,4,4.5);
INSERT INTO OperationAmount(operationId,unitId,value) values (55,4,7);
INSERT INTO OperationAmount(operationId,unitId,value) values (56,2,30);
INSERT INTO OperationAmount(operationId,unitId,value) values (57,2,20);
INSERT INTO OperationAmount(operationId,unitId,value) values (58,2,500);
INSERT INTO OperationAmount(operationId,unitId,value) values (59,2,700);
INSERT INTO OperationAmount(operationId,unitId,value) values (60,3,2);
INSERT INTO OperationAmount(operationId,unitId,value) values (61,3,2.5);
INSERT INTO OperationAmount(operationId,unitId,value) values (62,3,0.9);
INSERT INTO OperationAmount(operationId,unitId,value) values (63,1,1.2);
INSERT INTO OperationAmount(operationId,unitId,value) values (64,3,2200);
INSERT INTO OperationAmount(operationId,unitId,value) values (65,3,1400);
INSERT INTO OperationAmount(operationId,unitId,value) values (66,3,0.6);
INSERT INTO OperationAmount(operationId,unitId,value) values (67,4,1);
INSERT INTO OperationAmount(operationId,unitId,value) values (68,4,1.5);
INSERT INTO OperationAmount(operationId,unitId,value) values (69,4,6);
INSERT INTO OperationAmount(operationId,unitId,value) values (70,4,15);
INSERT INTO OperationAmount(operationId,unitId,value) values (71,4,2.5);
INSERT INTO OperationAmount(operationId,unitId,value) values (72,4,15);
INSERT INTO OperationAmount(operationId,unitId,value) values (73,4,1);
INSERT INTO OperationAmount(operationId,unitId,value) values (74,4,1.5);
INSERT INTO OperationAmount(operationId,unitId,value) values (75,4,15);
INSERT INTO OperationAmount(operationId,unitId,value) values (76,4,7);
INSERT INTO OperationAmount(operationId,unitId,value) values (77,4,3.5);
INSERT INTO OperationAmount(operationId,unitId,value) values (78,3,3300);
INSERT INTO OperationAmount(operationId,unitId,value) values (79,3,600);
INSERT INTO OperationAmount(operationId,unitId,value) values (80,3,1800);
INSERT INTO OperationAmount(operationId,unitId,value) values (81,3,0.6);
INSERT INTO OperationAmount(operationId,unitId,value) values (82,3,36);
INSERT INTO OperationAmount(operationId,unitId,value) values (83,1,1.3);
INSERT INTO OperationAmount(operationId,unitId,value) values (84,2,30);
INSERT INTO OperationAmount(operationId,unitId,value) values (85,2,20);
INSERT INTO OperationAmount(operationId,unitId,value) values (86,3,600);
INSERT INTO OperationAmount(operationId,unitId,value) values (87,2,70);
INSERT INTO OperationAmount(operationId,unitId,value) values (88,2,50);
INSERT INTO OperationAmount(operationId,unitId,value) values (89,3,10);
INSERT INTO OperationAmount(operationId,unitId,value) values (90,3,7);
INSERT INTO OperationAmount(operationId,unitId,value) values (91,2,40);
INSERT INTO OperationAmount(operationId,unitId,value) values (92,2,60);
INSERT INTO OperationAmount(operationId,unitId,value) values (93,2,500);
INSERT INTO OperationAmount(operationId,unitId,value) values (94,3,2500);
INSERT INTO OperationAmount(operationId,unitId,value) values (95,2,700);
INSERT INTO OperationAmount(operationId,unitId,value) values (96,3,2900);
INSERT INTO OperationAmount(operationId,unitId,value) values (97,3,2);
INSERT INTO OperationAmount(operationId,unitId,value) values (98,3,2.5);
INSERT INTO OperationAmount(operationId,unitId,value) values (99,3,0.9);
INSERT INTO OperationAmount(operationId,unitId,value) values (100,1,1.3);
INSERT INTO OperationAmount(operationId,unitId,value) values (101,1,1.3);
INSERT INTO OperationAmount(operationId,unitId,value) values (102,1,1.2);
INSERT INTO OperationAmount(operationId,unitId,value) values (103,3,30);
INSERT INTO OperationAmount(operationId,unitId,value) values (104,3,10);
INSERT INTO OperationAmount(operationId,unitId,value) values (105,3,2200);
INSERT INTO OperationAmount(operationId,unitId,value) values (106,3,1400);
INSERT INTO OperationAmount(operationId,unitId,value) values (107,3,0.6);
INSERT INTO OperationAmount(operationId,unitId,value) values (108,4,3);
INSERT INTO OperationAmount(operationId,unitId,value) values (109,4,0.8);
INSERT INTO OperationAmount(operationId,unitId,value) values (110,4,1.5);
INSERT INTO OperationAmount(operationId,unitId,value) values (111,4,5);
INSERT INTO OperationAmount(operationId,unitId,value) values (112,4,3);
INSERT INTO OperationAmount(operationId,unitId,value) values (113,4,7);
INSERT INTO OperationAmount(operationId,unitId,value) values (114,4,15);
INSERT INTO OperationAmount(operationId,unitId,value) values (115,3,300);
INSERT INTO OperationAmount(operationId,unitId,value) values (116,3,400);
INSERT INTO OperationAmount(operationId,unitId,value) values (117,4,15);
INSERT INTO OperationAmount(operationId,unitId,value) values (118,4,5.5);
INSERT INTO OperationAmount(operationId,unitId,value) values (119,4,3.5);
INSERT INTO OperationAmount(operationId,unitId,value) values (120,4,15);
INSERT INTO OperationAmount(operationId,unitId,value) values (121,4,0.8);
INSERT INTO OperationAmount(operationId,unitId,value) values (122,4,1.5);
INSERT INTO OperationAmount(operationId,unitId,value) values (123,3,3300);
INSERT INTO OperationAmount(operationId,unitId,value) values (124,4,3);
INSERT INTO OperationAmount(operationId,unitId,value) values (125,3,900);
INSERT INTO OperationAmount(operationId,unitId,value) values (126,3,3300);
INSERT INTO OperationAmount(operationId,unitId,value) values (127,3,600);
INSERT INTO OperationAmount(operationId,unitId,value) values (128,3,800);
INSERT INTO OperationAmount(operationId,unitId,value) values (129,3,1800);
INSERT INTO OperationAmount(operationId,unitId,value) values (130,3,800);
INSERT INTO OperationAmount(operationId,unitId,value) values (131,3,0.6);
INSERT INTO OperationAmount(operationId,unitId,value) values (132,3,1200);
INSERT INTO OperationAmount(operationId,unitId,value) values (133,1,1.3);
INSERT INTO OperationAmount(operationId,unitId,value) values (134,3,950);
INSERT INTO OperationAmount(operationId,unitId,value) values (135,3,750);
INSERT INTO OperationAmount(operationId,unitId,value) values (136,3,210);
INSERT INTO OperationAmount(operationId,unitId,value) values (137,3,120);
INSERT INTO OperationAmount(operationId,unitId,value) values (138,3,600);
INSERT INTO OperationAmount(operationId,unitId,value) values (139,2,30);
INSERT INTO OperationAmount(operationId,unitId,value) values (140,2,20);
INSERT INTO OperationAmount(operationId,unitId,value) values (141,2,70);
INSERT INTO OperationAmount(operationId,unitId,value) values (142,2,90);
INSERT INTO OperationAmount(operationId,unitId,value) values (143,2,500);
INSERT INTO OperationAmount(operationId,unitId,value) values (144,2,60);
INSERT INTO OperationAmount(operationId,unitId,value) values (145,3,2500);
INSERT INTO OperationAmount(operationId,unitId,value) values (146,2,700);
INSERT INTO OperationAmount(operationId,unitId,value) values (147,3,2900);
INSERT INTO OperationAmount(operationId,unitId,value) values (148,3,3);
INSERT INTO OperationAmount(operationId,unitId,value) values (149,3,3.5);
INSERT INTO OperationAmount(operationId,unitId,value) values (150,3,0.9);
INSERT INTO OperationAmount(operationId,unitId,value) values (151,1,1.3);
INSERT INTO OperationAmount(operationId,unitId,value) values (152,1,1.3);
INSERT INTO OperationAmount(operationId,unitId,value) values (153,1,1.2);
INSERT INTO OperationAmount(operationId,unitId,value) values (154,3,30);
INSERT INTO OperationAmount(operationId,unitId,value) values (155,3,2250);
INSERT INTO OperationAmount(operationId,unitId,value) values (156,3,10);
INSERT INTO OperationAmount(operationId,unitId,value) values (157,3,1300);
INSERT INTO OperationAmount(operationId,unitId,value) values (158,3,0.6);
INSERT INTO OperationAmount(operationId,unitId,value) values (159,4,3);
INSERT INTO OperationAmount(operationId,unitId,value) values (160,4,3);
INSERT INTO OperationAmount(operationId,unitId,value) values (161,4,5.5);
INSERT INTO OperationAmount(operationId,unitId,value) values (162,4,0.8);
INSERT INTO OperationAmount(operationId,unitId,value) values (163,4,1.5);
INSERT INTO OperationAmount(operationId,unitId,value) values (164,4,5);
INSERT INTO OperationAmount(operationId,unitId,value) values (165,4,15);
INSERT INTO OperationAmount(operationId,unitId,value) values (166,4,3);
INSERT INTO OperationAmount(operationId,unitId,value) values (167,3,600);
INSERT INTO OperationAmount(operationId,unitId,value) values (168,3,500);
INSERT INTO OperationAmount(operationId,unitId,value) values (169,4,15);
INSERT INTO OperationAmount(operationId,unitId,value) values (170,4,5);
INSERT INTO OperationAmount(operationId,unitId,value) values (171,4,2.5);
INSERT INTO OperationAmount(operationId,unitId,value) values (172,4,15);
INSERT INTO OperationAmount(operationId,unitId,value) values (173,4,0.8);
INSERT INTO OperationAmount(operationId,unitId,value) values (174,4,1.5);
INSERT INTO OperationAmount(operationId,unitId,value) values (175,3,1200);
INSERT INTO OperationAmount(operationId,unitId,value) values (176,3,600);
INSERT INTO OperationAmount(operationId,unitId,value) values (177,3,3500);
INSERT INTO OperationAmount(operationId,unitId,value) values (178,4,3);
INSERT INTO OperationAmount(operationId,unitId,value) values (179,3,3300);
INSERT INTO OperationAmount(operationId,unitId,value) values (180,3,950);
INSERT INTO OperationAmount(operationId,unitId,value) values (181,3,650);
INSERT INTO OperationAmount(operationId,unitId,value) values (182,3,1900);
INSERT INTO OperationAmount(operationId,unitId,value) values (183,3,830);
INSERT INTO OperationAmount(operationId,unitId,value) values (184,3,750);
INSERT INTO OperationAmount(operationId,unitId,value) values (185,3,1150);
INSERT INTO OperationAmount(operationId,unitId,value) values (186,3,0.6);
INSERT INTO OperationAmount(operationId,unitId,value) values (187,1,1.3);
INSERT INTO OperationAmount(operationId,unitId,value) values (188,3,850);
INSERT INTO OperationAmount(operationId,unitId,value) values (189,3,900);
INSERT INTO OperationAmount(operationId,unitId,value) values (190,2,30);
INSERT INTO OperationAmount(operationId,unitId,value) values (191,2,20);
INSERT INTO OperationAmount(operationId,unitId,value) values (192,3,300);
INSERT INTO OperationAmount(operationId,unitId,value) values (193,3,200);
INSERT INTO OperationAmount(operationId,unitId,value) values (194,3,50);
INSERT INTO OperationAmount(operationId,unitId,value) values (195,2,70);
INSERT INTO OperationAmount(operationId,unitId,value) values (196,2,90);
INSERT INTO OperationAmount(operationId,unitId,value) values (197,3,15);
INSERT INTO OperationAmount(operationId,unitId,value) values (198,3,10);
INSERT INTO OperationAmount(operationId,unitId,value) values (199,2,500);
INSERT INTO OperationAmount(operationId,unitId,value) values (200,3,200);
INSERT INTO OperationAmount(operationId,unitId,value) values (201,2,700);
INSERT INTO OperationAmount(operationId,unitId,value) values (202,2,60);
INSERT INTO OperationAmount(operationId,unitId,value) values (203,3,250);
INSERT INTO OperationAmount(operationId,unitId,value) values (204,3,4);
INSERT INTO OperationAmount(operationId,unitId,value) values (205,3,5);
INSERT INTO OperationAmount(operationId,unitId,value) values (206,1,1.3);
INSERT INTO OperationAmount(operationId,unitId,value) values (207,5,120);
INSERT INTO OperationAmount(operationId,unitId,value) values (208,5,120);
INSERT INTO OperationAmount(operationId,unitId,value) values (209,5,120);
INSERT INTO OperationAmount(operationId,unitId,value) values (210,5,120);
INSERT INTO OperationAmount(operationId,unitId,value) values (211,5,180);
INSERT INTO OperationAmount(operationId,unitId,value) values (212,5,180);
INSERT INTO OperationAmount(operationId,unitId,value) values (213,5,180);
INSERT INTO OperationAmount(operationId,unitId,value) values (214,5,180);
INSERT INTO OperationAmount(operationId,unitId,value) values (215,5,150);
INSERT INTO OperationAmount(operationId,unitId,value) values (216,5,150);
INSERT INTO OperationAmount(operationId,unitId,value) values (217,5,150);
INSERT INTO OperationAmount(operationId,unitId,value) values (218,5,120);
INSERT INTO OperationAmount(operationId,unitId,value) values (219,5,120);
INSERT INTO OperationAmount(operationId,unitId,value) values (220,5,120);
INSERT INTO OperationAmount(operationId,unitId,value) values (221,5,120);
INSERT INTO OperationAmount(operationId,unitId,value) values (222,3,700);
INSERT INTO OperationAmount(operationId,unitId,value) values (223,3,900);
INSERT INTO OperationAmount(operationId,unitId,value) values (224,3,900);
INSERT INTO OperationAmount(operationId,unitId,value) values (225,3,1050);
INSERT INTO OperationAmount(operationId,unitId,value) values (226,3,950);
INSERT INTO OperationAmount(operationId,unitId,value) values (227,3,800);
INSERT INTO OperationAmount(operationId,unitId,value) values (228,3,3200);
INSERT INTO OperationAmount(operationId,unitId,value) values (228,1,1.1);
INSERT INTO OperationAmount(operationId,unitId,value) values (229,2,50);
INSERT INTO OperationAmount(operationId,unitId,value) values (230,2,20);
INSERT INTO OperationAmount(operationId,unitId,value) values (231,2,40);
INSERT INTO OperationAmount(operationId,unitId,value) values (232,2,30);
INSERT INTO OperationAmount(operationId,unitId,value) values (233,2,40);
INSERT INTO OperationAmount(operationId,unitId,value) values (234,2,50);
INSERT INTO OperationAmount(operationId,unitId,value) values (235,3,100);
INSERT INTO OperationAmount(operationId,unitId,value) values (236,3,40);
INSERT INTO OperationAmount(operationId,unitId,value) values (237,3,80);
INSERT INTO OperationAmount(operationId,unitId,value) values (238,3,60);
INSERT INTO OperationAmount(operationId,unitId,value) values (239,3,80);
INSERT INTO OperationAmount(operationId,unitId,value) values (240,3,100);
INSERT INTO OperationAmount(operationId,unitId,value) values (241,3,150);
INSERT INTO OperationAmount(operationId,unitId,value) values (242,3,60);
INSERT INTO OperationAmount(operationId,unitId,value) values (243,3,120);
INSERT INTO OperationAmount(operationId,unitId,value) values (244,3,90);
INSERT INTO OperationAmount(operationId,unitId,value) values (245,3,120);
INSERT INTO OperationAmount(operationId,unitId,value) values (246,3,150);
INSERT INTO OperationAmount(operationId,unitId,value) values (247,3,150);
INSERT INTO OperationAmount(operationId,unitId,value) values (248,3,60);
INSERT INTO OperationAmount(operationId,unitId,value) values (249,3,120);
INSERT INTO OperationAmount(operationId,unitId,value) values (250,3,90);
INSERT INTO OperationAmount(operationId,unitId,value) values (251,3,120);
INSERT INTO OperationAmount(operationId,unitId,value) values (252,3,150);
INSERT INTO OperationAmount(operationId,unitId,value) values (253,3,5);
INSERT INTO OperationAmount(operationId,unitId,value) values (254,3,2);
INSERT INTO OperationAmount(operationId,unitId,value) values (255,3,4);
INSERT INTO OperationAmount(operationId,unitId,value) values (256,3,3);
INSERT INTO OperationAmount(operationId,unitId,value) values (257,3,4);
INSERT INTO OperationAmount(operationId,unitId,value) values (258,3,5);
INSERT INTO OperationAmount(operationId,unitId,value) values (259,3,700);
INSERT INTO OperationAmount(operationId,unitId,value) values (260,3,600);
INSERT INTO OperationAmount(operationId,unitId,value) values (261,3,700);
INSERT INTO OperationAmount(operationId,unitId,value) values (262,3,600);
INSERT INTO OperationAmount(operationId,unitId,value) values (263,3,700);
INSERT INTO OperationAmount(operationId,unitId,value) values (264,3,1200);
INSERT INTO OperationAmount(operationId,unitId,value) values (265,3,700);
INSERT INTO OperationAmount(operationId,unitId,value) values (266,3,700);
INSERT INTO OperationAmount(operationId,unitId,value) values (267,3,800);
INSERT INTO OperationAmount(operationId,unitId,value) values (268,5,120);
INSERT INTO OperationAmount(operationId,unitId,value) values (269,5,120);
INSERT INTO OperationAmount(operationId,unitId,value) values (270,5,120);
INSERT INTO OperationAmount(operationId,unitId,value) values (271,5,120);
INSERT INTO OperationAmount(operationId,unitId,value) values (272,5,180);
INSERT INTO OperationAmount(operationId,unitId,value) values (273,5,180);
INSERT INTO OperationAmount(operationId,unitId,value) values (274,5,180);
INSERT INTO OperationAmount(operationId,unitId,value) values (275,5,180);
INSERT INTO OperationAmount(operationId,unitId,value) values (276,5,150);
INSERT INTO OperationAmount(operationId,unitId,value) values (277,5,150);
INSERT INTO OperationAmount(operationId,unitId,value) values (278,5,150);
INSERT INTO OperationAmount(operationId,unitId,value) values (279,5,120);
INSERT INTO OperationAmount(operationId,unitId,value) values (280,5,120);
INSERT INTO OperationAmount(operationId,unitId,value) values (281,5,120);
INSERT INTO OperationAmount(operationId,unitId,value) values (282,5,120);
INSERT INTO OperationAmount(operationId,unitId,value) values (283,2,40);
INSERT INTO OperationAmount(operationId,unitId,value) values (284,3,120);
INSERT INTO OperationAmount(operationId,unitId,value) values (285,3,180);
INSERT INTO OperationAmount(operationId,unitId,value) values (286,3,240);
INSERT INTO OperationAmount(operationId,unitId,value) values (287,3,120);
INSERT INTO OperationAmount(operationId,unitId,value) values (288,3,180);
INSERT INTO OperationAmount(operationId,unitId,value) values (289,3,240);
INSERT INTO OperationAmount(operationId,unitId,value) values (290,3,120);
INSERT INTO OperationAmount(operationId,unitId,value) values (291,3,180);
INSERT INTO OperationAmount(operationId,unitId,value) values (292,3,240);
INSERT INTO OperationAmount(operationId,unitId,value) values (293,3,400);
INSERT INTO OperationAmount(operationId,unitId,value) values (294,3,300);
INSERT INTO OperationAmount(operationId,unitId,value) values (295,3,350);
INSERT INTO OperationAmount(operationId,unitId,value) values (296,5,120);
INSERT INTO OperationAmount(operationId,unitId,value) values (297,5,120);
INSERT INTO OperationAmount(operationId,unitId,value) values (298,5,120);
INSERT INTO OperationAmount(operationId,unitId,value) values (299,5,120);
INSERT INTO OperationAmount(operationId,unitId,value) values (300,5,120);
INSERT INTO OperationAmount(operationId,unitId,value) values (301,3,500);
INSERT INTO OperationAmount(operationId,unitId,value) values (301,1,1.1);
INSERT INTO OperationAmount(operationId,unitId,value) values (302,3,1.2);
INSERT INTO OperationAmount(operationId,unitId,value) values (302,1,0.5);
INSERT INTO OperationAmount(operationId,unitId,value) values (303,3,1.5);
INSERT INTO OperationAmount(operationId,unitId,value) values (303,1,0.6);
INSERT INTO OperationAmount(operationId,unitId,value) values (304,1,0.5);
INSERT INTO OperationAmount(operationId,unitId,value) values (305,1,0.6);
INSERT INTO OperationAmount(operationId,unitId,value) values (306,3,1500);
INSERT INTO OperationAmount(operationId,unitId,value) values (307,1,0.6);
INSERT INTO OperationAmount(operationId,unitId,value) values (308,3,2500);
INSERT INTO OperationAmount(operationId,unitId,value) values (309,3,1800);
INSERT INTO OperationAmount(operationId,unitId,value) values (309,1,0.5);
INSERT INTO OperationAmount(operationId,unitId,value) values (310,1,0.5);
INSERT INTO OperationAmount(operationId,unitId,value) values (311,3,1.2);
INSERT INTO OperationAmount(operationId,unitId,value) values (311,1,0.5);
INSERT INTO OperationAmount(operationId,unitId,value) values (312,1,0.5);
INSERT INTO OperationAmount(operationId,unitId,value) values (313,3,8000);
INSERT INTO OperationAmount(operationId,unitId,value) values (314,3,5000);
INSERT INTO OperationAmount(operationId,unitId,value) values (315,3,900);
INSERT INTO OperationAmount(operationId,unitId,value) values (316,3,1500);
INSERT INTO OperationAmount(operationId,unitId,value) values (317,3,1200);
INSERT INTO OperationAmount(operationId,unitId,value) values (318,1,1.1);
INSERT INTO OperationAmount(operationId,unitId,value) values (319,3,32);
INSERT INTO OperationAmount(operationId,unitId,value) values (319,1,1.1);
INSERT INTO OperationAmount(operationId,unitId,value) values (320,5,60);
INSERT INTO OperationAmount(operationId,unitId,value) values (321,5,60);
INSERT INTO OperationAmount(operationId,unitId,value) values (322,5,120);
INSERT INTO OperationAmount(operationId,unitId,value) values (323,5,120);
INSERT INTO OperationAmount(operationId,unitId,value) values (324,5,120);
INSERT INTO OperationAmount(operationId,unitId,value) values (325,5,150);
INSERT INTO OperationAmount(operationId,unitId,value) values (326,5,150);
INSERT INTO OperationAmount(operationId,unitId,value) values (327,5,120);
INSERT INTO OperationAmount(operationId,unitId,value) values (328,5,120);
INSERT INTO OperationAmount(operationId,unitId,value) values (329,5,120);
INSERT INTO OperationAmount(operationId,unitId,value) values (330,5,120);
INSERT INTO OperationAmount(operationId,unitId,value) values (331,5,120);
INSERT INTO OperationAmount(operationId,unitId,value) values (332,5,120);
INSERT INTO OperationAmount(operationId,unitId,value) values (333,5,120);
INSERT INTO OperationAmount(operationId,unitId,value) values (334,5,120);
INSERT INTO OperationAmount(operationId,unitId,value) values (335,5,120);
INSERT INTO OperationAmount(operationId,unitId,value) values (336,5,120);
INSERT INTO OperationAmount(operationId,unitId,value) values (337,5,120);
INSERT INTO OperationAmount(operationId,unitId,value) values (338,5,120);
INSERT INTO OperationAmount(operationId,unitId,value) values (339,5,120);
INSERT INTO OperationAmount(operationId,unitId,value) values (340,5,120);
INSERT INTO OperationAmount(operationId,unitId,value) values (341,5,120);
INSERT INTO OperationAmount(operationId,unitId,value) values (342,3,600);
INSERT INTO OperationAmount(operationId,unitId,value) values (352,3,14);
INSERT INTO OperationAmount(operationId,unitId,value) values (353,3,8);
INSERT INTO OperationAmount(operationId,unitId,value) values (354,3,25);
INSERT INTO OperationAmount(operationId,unitId,value) values (355,3,7);
INSERT INTO OperationAmount(operationId,unitId,value) values (356,3,14);
INSERT INTO OperationAmount(operationId,unitId,value) values (357,3,8);
INSERT INTO OperationAmount(operationId,unitId,value) values (358,3,25);
INSERT INTO OperationAmount(operationId,unitId,value) values (359,3,7);
INSERT INTO OperationAmount(operationId,unitId,value) values (360,3,14);
INSERT INTO OperationAmount(operationId,unitId,value) values (361,3,8);
INSERT INTO OperationAmount(operationId,unitId,value) values (362,3,25);
INSERT INTO OperationAmount(operationId,unitId,value) values (363,3,7);
INSERT INTO OperationAmount(operationId,unitId,value) values (364,3,10);
INSERT INTO OperationAmount(operationId,unitId,value) values (365,3,14);
INSERT INTO OperationAmount(operationId,unitId,value) values (366,3,8);
INSERT INTO OperationAmount(operationId,unitId,value) values (367,3,25);
INSERT INTO OperationAmount(operationId,unitId,value) values (368,3,7);
INSERT INTO OperationAmount(operationId,unitId,value) values (369,3,10);
INSERT INTO OperationAmount(operationId,unitId,value) values (370,3,14);
INSERT INTO OperationAmount(operationId,unitId,value) values (371,3,8);
INSERT INTO OperationAmount(operationId,unitId,value) values (372,3,25);
INSERT INTO OperationAmount(operationId,unitId,value) values (373,3,7);
INSERT INTO OperationAmount(operationId,unitId,value) values (374,3,14);
INSERT INTO OperationAmount(operationId,unitId,value) values (375,3,8);
INSERT INTO OperationAmount(operationId,unitId,value) values (376,3,25);
INSERT INTO OperationAmount(operationId,unitId,value) values (377,3,7);
INSERT INTO OperationAmount(operationId,unitId,value) values (378,3,14);
INSERT INTO OperationAmount(operationId,unitId,value) values (379,3,8);
INSERT INTO OperationAmount(operationId,unitId,value) values (380,3,25);
INSERT INTO OperationAmount(operationId,unitId,value) values (381,3,7);
INSERT INTO OperationAmount(operationId,unitId,value) values (382,3,14);
INSERT INTO OperationAmount(operationId,unitId,value) values (383,3,8);
INSERT INTO OperationAmount(operationId,unitId,value) values (384,3,25);
INSERT INTO OperationAmount(operationId,unitId,value) values (385,3,7);
INSERT INTO OperationAmount(operationId,unitId,value) values (386,3,14);
INSERT INTO OperationAmount(operationId,unitId,value) values (387,3,8);
INSERT INTO OperationAmount(operationId,unitId,value) values (388,3,25);
INSERT INTO OperationAmount(operationId,unitId,value) values (389,3,7);
INSERT INTO OperationAmount(operationId,unitId,value) values (390,3,10);
INSERT INTO OperationAmount(operationId,unitId,value) values (391,3,14);
INSERT INTO OperationAmount(operationId,unitId,value) values (392,3,8);
INSERT INTO OperationAmount(operationId,unitId,value) values (393,3,25);
INSERT INTO OperationAmount(operationId,unitId,value) values (394,3,7);
INSERT INTO OperationAmount(operationId,unitId,value) values (395,3,10);
INSERT INTO OperationAmount(operationId,unitId,value) values (396,3,14);
INSERT INTO OperationAmount(operationId,unitId,value) values (397,3,8);
INSERT INTO OperationAmount(operationId,unitId,value) values (398,3,25);
INSERT INTO OperationAmount(operationId,unitId,value) values (399,3,7);
INSERT INTO OperationAmount(operationId,unitId,value) values (400,3,14);
INSERT INTO OperationAmount(operationId,unitId,value) values (401,3,8);
INSERT INTO OperationAmount(operationId,unitId,value) values (402,3,25);
INSERT INTO OperationAmount(operationId,unitId,value) values (403,3,7);
INSERT INTO OperationAmount(operationId,unitId,value) values (404,3,14);
INSERT INTO OperationAmount(operationId,unitId,value) values (405,3,8);
INSERT INTO OperationAmount(operationId,unitId,value) values (406,3,25);
INSERT INTO OperationAmount(operationId,unitId,value) values (407,3,7);
INSERT INTO OperationAmount(operationId,unitId,value) values (408,3,14);
INSERT INTO OperationAmount(operationId,unitId,value) values (409,3,8);
INSERT INTO OperationAmount(operationId,unitId,value) values (410,3,25);
INSERT INTO OperationAmount(operationId,unitId,value) values (411,3,7);
INSERT INTO OperationAmount(operationId,unitId,value) values (412,3,14);
INSERT INTO OperationAmount(operationId,unitId,value) values (413,3,8);
INSERT INTO OperationAmount(operationId,unitId,value) values (414,3,25);
INSERT INTO OperationAmount(operationId,unitId,value) values (415,3,7);
INSERT INTO OperationAmount(operationId,unitId,value) values (416,3,10);
INSERT INTO OperationAmount(operationId,unitId,value) values (417,3,14);
INSERT INTO OperationAmount(operationId,unitId,value) values (418,3,8);
INSERT INTO OperationAmount(operationId,unitId,value) values (419,3,25);
INSERT INTO OperationAmount(operationId,unitId,value) values (420,3,7);
INSERT INTO OperationAmount(operationId,unitId,value) values (421,3,10);
INSERT INTO OperationAmount(operationId,unitId,value) values (422,3,14);
INSERT INTO OperationAmount(operationId,unitId,value) values (423,3,8);
INSERT INTO OperationAmount(operationId,unitId,value) values (424,3,25);
INSERT INTO OperationAmount(operationId,unitId,value) values (425,3,7);
INSERT INTO OperationAmount(operationId,unitId,value) values (426,3,14);
INSERT INTO OperationAmount(operationId,unitId,value) values (427,3,8);
INSERT INTO OperationAmount(operationId,unitId,value) values (428,3,25);
INSERT INTO OperationAmount(operationId,unitId,value) values (429,3,7);
INSERT INTO OperationAmount(operationId,unitId,value) values (430,3,14);
INSERT INTO OperationAmount(operationId,unitId,value) values (431,3,8);
INSERT INTO OperationAmount(operationId,unitId,value) values (432,3,25);
INSERT INTO OperationAmount(operationId,unitId,value) values (433,3,7);
INSERT INTO OperationAmount(operationId,unitId,value) values (434,3,14);
INSERT INTO OperationAmount(operationId,unitId,value) values (435,3,8);
INSERT INTO OperationAmount(operationId,unitId,value) values (436,3,25);
INSERT INTO OperationAmount(operationId,unitId,value) values (437,3,7);
INSERT INTO SectorIrrigationWithRecipe(operationId,recipeId) values (270,10);
INSERT INTO SectorIrrigationWithRecipe(operationId,recipeId) values (273,11);
INSERT INTO SectorIrrigationWithRecipe(operationId,recipeId) values (277,10);
INSERT INTO SectorIrrigationWithRecipe(operationId,recipeId) values (281,10);
INSERT INTO SectorIrrigationWithRecipe(operationId,recipeId) values (322,11);
INSERT INTO SectorIrrigationWithRecipe(operationId,recipeId) values (324,10);
INSERT INTO SectorIrrigationWithRecipe(operationId,recipeId) values (326,11);
INSERT INTO SectorIrrigationWithRecipe(operationId,recipeId) values (328,10);
INSERT INTO SectorIrrigationWithRecipe(operationId,recipeId) values (333,11);
INSERT INTO SectorIrrigationWithRecipe(operationId,recipeId) values (336,10);
INSERT INTO SectorIrrigationWithRecipe(operationId,recipeId) values (343,10);
INSERT INTO SectorIrrigationWithRecipe(operationId,recipeId) values (345,10);
INSERT INTO SectorIrrigationWithRecipe(operationId,recipeId) values (347,10);
INSERT INTO SectorIrrigationWithRecipe(operationId,recipeId) values (352,10);
INSERT INTO SectorIrrigationWithRecipe(operationId,recipeId) values (353,11);
INSERT INTO SectorIrrigationWithRecipe(operationId,recipeId) values (355,10);
INSERT INTO SectorIrrigationWithRecipe(operationId,recipeId) values (356,10);
INSERT INTO SectorIrrigationWithRecipe(operationId,recipeId) values (357,11);
INSERT INTO SectorIrrigationWithRecipe(operationId,recipeId) values (359,10);
INSERT INTO SectorIrrigationWithRecipe(operationId,recipeId) values (381,10);
INSERT INTO SectorIrrigationWithRecipe(operationId,recipeId) values (385,10);
INSERT INTO SectorIrrigationWithRecipe(operationId,recipeId) values (396,10);
INSERT INTO SectorIrrigationWithRecipe(operationId,recipeId) values (400,10);
INSERT INTO SectorIrrigationWithRecipe(operationId,recipeId) values (407,10);
INSERT INTO SectorIrrigationWithRecipe(operationId,recipeId) values (411,10);
INSERT INTO SectorIrrigationWithRecipe(operationId,recipeId) values (413,11);
INSERT INTO SectorIrrigationWithRecipe(operationId,recipeId) values (418,11);
INSERT INTO SectorIrrigationWithRecipe(operationId,recipeId) values (433,10);
INSERT INTO SectorIrrigationWithRecipe(operationId,recipeId) values (437,10);
INSERT INTO OperationLog(operationId,logTypeId,registeredTimestamp) values (1,1,CURRENT_TIMESTAMP AT TIME ZONE 'WET');
INSERT INTO OperationLog(operationId,logTypeId,registeredTimestamp) values (2,1,CURRENT_TIMESTAMP AT TIME ZONE 'WET');
INSERT INTO OperationLog(operationId,logTypeId,registeredTimestamp) values (3,1,CURRENT_TIMESTAMP AT TIME ZONE 'WET');
INSERT INTO OperationLog(operationId,logTypeId,registeredTimestamp) values (4,1,CURRENT_TIMESTAMP AT TIME ZONE 'WET');
INSERT INTO OperationLog(operationId,logTypeId,registeredTimestamp) values (5,1,CURRENT_TIMESTAMP AT TIME ZONE 'WET');
INSERT INTO OperationLog(operationId,logTypeId,registeredTimestamp) values (6,1,CURRENT_TIMESTAMP AT TIME ZONE 'WET');
INSERT INTO OperationLog(operationId,logTypeId,registeredTimestamp) values (7,1,CURRENT_TIMESTAMP AT TIME ZONE 'WET');
INSERT INTO OperationLog(operationId,logTypeId,registeredTimestamp) values (8,1,CURRENT_TIMESTAMP AT TIME ZONE 'WET');
INSERT INTO OperationLog(operationId,logTypeId,registeredTimestamp) values (9,1,CURRENT_TIMESTAMP AT TIME ZONE 'WET');
INSERT INTO OperationLog(operationId,logTypeId,registeredTimestamp) values (10,1,CURRENT_TIMESTAMP AT TIME ZONE 'WET');
INSERT INTO OperationLog(operationId,logTypeId,registeredTimestamp) values (11,1,CURRENT_TIMESTAMP AT TIME ZONE 'WET');
INSERT INTO OperationLog(operationId,logTypeId,registeredTimestamp) values (12,1,CURRENT_TIMESTAMP AT TIME ZONE 'WET');
INSERT INTO OperationLog(operationId,logTypeId,registeredTimestamp) values (13,1,CURRENT_TIMESTAMP AT TIME ZONE 'WET');
INSERT INTO OperationLog(operationId,logTypeId,registeredTimestamp) values (14,1,CURRENT_TIMESTAMP AT TIME ZONE 'WET');
INSERT INTO OperationLog(operationId,logTypeId,registeredTimestamp) values (15,1,CURRENT_TIMESTAMP AT TIME ZONE 'WET');
INSERT INTO OperationLog(operationId,logTypeId,registeredTimestamp) values (16,1,CURRENT_TIMESTAMP AT TIME ZONE 'WET');
INSERT INTO OperationLog(operationId,logTypeId,registeredTimestamp) values (17,1,CURRENT_TIMESTAMP AT TIME ZONE 'WET');
INSERT INTO OperationLog(operationId,logTypeId,registeredTimestamp) values (18,1,CURRENT_TIMESTAMP AT TIME ZONE 'WET');
INSERT INTO OperationLog(operationId,logTypeId,registeredTimestamp) values (19,1,CURRENT_TIMESTAMP AT TIME ZONE 'WET');
INSERT INTO OperationLog(operationId,logTypeId,registeredTimestamp) values (20,1,CURRENT_TIMESTAMP AT TIME ZONE 'WET');
INSERT INTO OperationLog(operationId,logTypeId,registeredTimestamp) values (21,1,CURRENT_TIMESTAMP AT TIME ZONE 'WET');
INSERT INTO OperationLog(operationId,logTypeId,registeredTimestamp) values (22,1,CURRENT_TIMESTAMP AT TIME ZONE 'WET');
INSERT INTO OperationLog(operationId,logTypeId,registeredTimestamp) values (23,1,CURRENT_TIMESTAMP AT TIME ZONE 'WET');
INSERT INTO OperationLog(operationId,logTypeId,registeredTimestamp) values (24,1,CURRENT_TIMESTAMP AT TIME ZONE 'WET');
INSERT INTO OperationLog(operationId,logTypeId,registeredTimestamp) values (25,1,CURRENT_TIMESTAMP AT TIME ZONE 'WET');
INSERT INTO OperationLog(operationId,logTypeId,registeredTimestamp) values (26,1,CURRENT_TIMESTAMP AT TIME ZONE 'WET');
INSERT INTO OperationLog(operationId,logTypeId,registeredTimestamp) values (27,1,CURRENT_TIMESTAMP AT TIME ZONE 'WET');
INSERT INTO OperationLog(operationId,logTypeId,registeredTimestamp) values (28,1,CURRENT_TIMESTAMP AT TIME ZONE 'WET');
INSERT INTO OperationLog(operationId,logTypeId,registeredTimestamp) values (29,1,CURRENT_TIMESTAMP AT TIME ZONE 'WET');
INSERT INTO OperationLog(operationId,logTypeId,registeredTimestamp) values (30,1,CURRENT_TIMESTAMP AT TIME ZONE 'WET');
INSERT INTO OperationLog(operationId,logTypeId,registeredTimestamp) values (31,1,CURRENT_TIMESTAMP AT TIME ZONE 'WET');
INSERT INTO OperationLog(operationId,logTypeId,registeredTimestamp) values (32,1,CURRENT_TIMESTAMP AT TIME ZONE 'WET');
INSERT INTO OperationLog(operationId,logTypeId,registeredTimestamp) values (33,1,CURRENT_TIMESTAMP AT TIME ZONE 'WET');
INSERT INTO OperationLog(operationId,logTypeId,registeredTimestamp) values (34,1,CURRENT_TIMESTAMP AT TIME ZONE 'WET');
INSERT INTO OperationLog(operationId,logTypeId,registeredTimestamp) values (35,1,CURRENT_TIMESTAMP AT TIME ZONE 'WET');
INSERT INTO OperationLog(operationId,logTypeId,registeredTimestamp) values (36,1,CURRENT_TIMESTAMP AT TIME ZONE 'WET');
INSERT INTO OperationLog(operationId,logTypeId,registeredTimestamp) values (37,1,CURRENT_TIMESTAMP AT TIME ZONE 'WET');
INSERT INTO OperationLog(operationId,logTypeId,registeredTimestamp) values (38,1,CURRENT_TIMESTAMP AT TIME ZONE 'WET');
INSERT INTO OperationLog(operationId,logTypeId,registeredTimestamp) values (39,1,CURRENT_TIMESTAMP AT TIME ZONE 'WET');
INSERT INTO OperationLog(operationId,logTypeId,registeredTimestamp) values (40,1,CURRENT_TIMESTAMP AT TIME ZONE 'WET');
INSERT INTO OperationLog(operationId,logTypeId,registeredTimestamp) values (41,1,CURRENT_TIMESTAMP AT TIME ZONE 'WET');
INSERT INTO OperationLog(operationId,logTypeId,registeredTimestamp) values (42,1,CURRENT_TIMESTAMP AT TIME ZONE 'WET');
INSERT INTO OperationLog(operationId,logTypeId,registeredTimestamp) values (43,1,CURRENT_TIMESTAMP AT TIME ZONE 'WET');
INSERT INTO OperationLog(operationId,logTypeId,registeredTimestamp) values (44,1,CURRENT_TIMESTAMP AT TIME ZONE 'WET');
INSERT INTO OperationLog(operationId,logTypeId,registeredTimestamp) values (45,1,CURRENT_TIMESTAMP AT TIME ZONE 'WET');
INSERT INTO OperationLog(operationId,logTypeId,registeredTimestamp) values (46,1,CURRENT_TIMESTAMP AT TIME ZONE 'WET');
INSERT INTO OperationLog(operationId,logTypeId,registeredTimestamp) values (47,1,CURRENT_TIMESTAMP AT TIME ZONE 'WET');
INSERT INTO OperationLog(operationId,logTypeId,registeredTimestamp) values (48,1,CURRENT_TIMESTAMP AT TIME ZONE 'WET');
INSERT INTO OperationLog(operationId,logTypeId,registeredTimestamp) values (49,1,CURRENT_TIMESTAMP AT TIME ZONE 'WET');
INSERT INTO OperationLog(operationId,logTypeId,registeredTimestamp) values (50,1,CURRENT_TIMESTAMP AT TIME ZONE 'WET');
INSERT INTO OperationLog(operationId,logTypeId,registeredTimestamp) values (51,1,CURRENT_TIMESTAMP AT TIME ZONE 'WET');
INSERT INTO OperationLog(operationId,logTypeId,registeredTimestamp) values (52,1,CURRENT_TIMESTAMP AT TIME ZONE 'WET');
INSERT INTO OperationLog(operationId,logTypeId,registeredTimestamp) values (53,1,CURRENT_TIMESTAMP AT TIME ZONE 'WET');
INSERT INTO OperationLog(operationId,logTypeId,registeredTimestamp) values (54,1,CURRENT_TIMESTAMP AT TIME ZONE 'WET');
INSERT INTO OperationLog(operationId,logTypeId,registeredTimestamp) values (55,1,CURRENT_TIMESTAMP AT TIME ZONE 'WET');
INSERT INTO OperationLog(operationId,logTypeId,registeredTimestamp) values (56,1,CURRENT_TIMESTAMP AT TIME ZONE 'WET');
INSERT INTO OperationLog(operationId,logTypeId,registeredTimestamp) values (57,1,CURRENT_TIMESTAMP AT TIME ZONE 'WET');
INSERT INTO OperationLog(operationId,logTypeId,registeredTimestamp) values (58,1,CURRENT_TIMESTAMP AT TIME ZONE 'WET');
INSERT INTO OperationLog(operationId,logTypeId,registeredTimestamp) values (59,1,CURRENT_TIMESTAMP AT TIME ZONE 'WET');
INSERT INTO OperationLog(operationId,logTypeId,registeredTimestamp) values (60,1,CURRENT_TIMESTAMP AT TIME ZONE 'WET');
INSERT INTO OperationLog(operationId,logTypeId,registeredTimestamp) values (61,1,CURRENT_TIMESTAMP AT TIME ZONE 'WET');
INSERT INTO OperationLog(operationId,logTypeId,registeredTimestamp) values (62,1,CURRENT_TIMESTAMP AT TIME ZONE 'WET');
INSERT INTO OperationLog(operationId,logTypeId,registeredTimestamp) values (63,1,CURRENT_TIMESTAMP AT TIME ZONE 'WET');
INSERT INTO OperationLog(operationId,logTypeId,registeredTimestamp) values (64,1,CURRENT_TIMESTAMP AT TIME ZONE 'WET');
INSERT INTO OperationLog(operationId,logTypeId,registeredTimestamp) values (65,1,CURRENT_TIMESTAMP AT TIME ZONE 'WET');
INSERT INTO OperationLog(operationId,logTypeId,registeredTimestamp) values (66,1,CURRENT_TIMESTAMP AT TIME ZONE 'WET');
INSERT INTO OperationLog(operationId,logTypeId,registeredTimestamp) values (67,1,CURRENT_TIMESTAMP AT TIME ZONE 'WET');
INSERT INTO OperationLog(operationId,logTypeId,registeredTimestamp) values (68,1,CURRENT_TIMESTAMP AT TIME ZONE 'WET');
INSERT INTO OperationLog(operationId,logTypeId,registeredTimestamp) values (69,1,CURRENT_TIMESTAMP AT TIME ZONE 'WET');
INSERT INTO OperationLog(operationId,logTypeId,registeredTimestamp) values (70,1,CURRENT_TIMESTAMP AT TIME ZONE 'WET');
INSERT INTO OperationLog(operationId,logTypeId,registeredTimestamp) values (71,1,CURRENT_TIMESTAMP AT TIME ZONE 'WET');
INSERT INTO OperationLog(operationId,logTypeId,registeredTimestamp) values (72,1,CURRENT_TIMESTAMP AT TIME ZONE 'WET');
INSERT INTO OperationLog(operationId,logTypeId,registeredTimestamp) values (73,1,CURRENT_TIMESTAMP AT TIME ZONE 'WET');
INSERT INTO OperationLog(operationId,logTypeId,registeredTimestamp) values (74,1,CURRENT_TIMESTAMP AT TIME ZONE 'WET');
INSERT INTO OperationLog(operationId,logTypeId,registeredTimestamp) values (75,1,CURRENT_TIMESTAMP AT TIME ZONE 'WET');
INSERT INTO OperationLog(operationId,logTypeId,registeredTimestamp) values (76,1,CURRENT_TIMESTAMP AT TIME ZONE 'WET');
INSERT INTO OperationLog(operationId,logTypeId,registeredTimestamp) values (77,1,CURRENT_TIMESTAMP AT TIME ZONE 'WET');
INSERT INTO OperationLog(operationId,logTypeId,registeredTimestamp) values (78,1,CURRENT_TIMESTAMP AT TIME ZONE 'WET');
INSERT INTO OperationLog(operationId,logTypeId,registeredTimestamp) values (79,1,CURRENT_TIMESTAMP AT TIME ZONE 'WET');
INSERT INTO OperationLog(operationId,logTypeId,registeredTimestamp) values (80,1,CURRENT_TIMESTAMP AT TIME ZONE 'WET');
INSERT INTO OperationLog(operationId,logTypeId,registeredTimestamp) values (81,1,CURRENT_TIMESTAMP AT TIME ZONE 'WET');
INSERT INTO OperationLog(operationId,logTypeId,registeredTimestamp) values (82,1,CURRENT_TIMESTAMP AT TIME ZONE 'WET');
INSERT INTO OperationLog(operationId,logTypeId,registeredTimestamp) values (83,1,CURRENT_TIMESTAMP AT TIME ZONE 'WET');
INSERT INTO OperationLog(operationId,logTypeId,registeredTimestamp) values (84,1,CURRENT_TIMESTAMP AT TIME ZONE 'WET');
INSERT INTO OperationLog(operationId,logTypeId,registeredTimestamp) values (85,1,CURRENT_TIMESTAMP AT TIME ZONE 'WET');
INSERT INTO OperationLog(operationId,logTypeId,registeredTimestamp) values (86,1,CURRENT_TIMESTAMP AT TIME ZONE 'WET');
INSERT INTO OperationLog(operationId,logTypeId,registeredTimestamp) values (87,1,CURRENT_TIMESTAMP AT TIME ZONE 'WET');
INSERT INTO OperationLog(operationId,logTypeId,registeredTimestamp) values (88,1,CURRENT_TIMESTAMP AT TIME ZONE 'WET');
INSERT INTO OperationLog(operationId,logTypeId,registeredTimestamp) values (89,1,CURRENT_TIMESTAMP AT TIME ZONE 'WET');
INSERT INTO OperationLog(operationId,logTypeId,registeredTimestamp) values (90,1,CURRENT_TIMESTAMP AT TIME ZONE 'WET');
INSERT INTO OperationLog(operationId,logTypeId,registeredTimestamp) values (91,1,CURRENT_TIMESTAMP AT TIME ZONE 'WET');
INSERT INTO OperationLog(operationId,logTypeId,registeredTimestamp) values (92,1,CURRENT_TIMESTAMP AT TIME ZONE 'WET');
INSERT INTO OperationLog(operationId,logTypeId,registeredTimestamp) values (93,1,CURRENT_TIMESTAMP AT TIME ZONE 'WET');
INSERT INTO OperationLog(operationId,logTypeId,registeredTimestamp) values (94,1,CURRENT_TIMESTAMP AT TIME ZONE 'WET');
INSERT INTO OperationLog(operationId,logTypeId,registeredTimestamp) values (95,1,CURRENT_TIMESTAMP AT TIME ZONE 'WET');
INSERT INTO OperationLog(operationId,logTypeId,registeredTimestamp) values (96,1,CURRENT_TIMESTAMP AT TIME ZONE 'WET');
INSERT INTO OperationLog(operationId,logTypeId,registeredTimestamp) values (97,1,CURRENT_TIMESTAMP AT TIME ZONE 'WET');
INSERT INTO OperationLog(operationId,logTypeId,registeredTimestamp) values (98,1,CURRENT_TIMESTAMP AT TIME ZONE 'WET');
INSERT INTO OperationLog(operationId,logTypeId,registeredTimestamp) values (99,1,CURRENT_TIMESTAMP AT TIME ZONE 'WET');
INSERT INTO OperationLog(operationId,logTypeId,registeredTimestamp) values (100,1,CURRENT_TIMESTAMP AT TIME ZONE 'WET');
INSERT INTO OperationLog(operationId,logTypeId,registeredTimestamp) values (101,1,CURRENT_TIMESTAMP AT TIME ZONE 'WET');
INSERT INTO OperationLog(operationId,logTypeId,registeredTimestamp) values (102,1,CURRENT_TIMESTAMP AT TIME ZONE 'WET');
INSERT INTO OperationLog(operationId,logTypeId,registeredTimestamp) values (103,1,CURRENT_TIMESTAMP AT TIME ZONE 'WET');
INSERT INTO OperationLog(operationId,logTypeId,registeredTimestamp) values (104,1,CURRENT_TIMESTAMP AT TIME ZONE 'WET');
INSERT INTO OperationLog(operationId,logTypeId,registeredTimestamp) values (105,1,CURRENT_TIMESTAMP AT TIME ZONE 'WET');
INSERT INTO OperationLog(operationId,logTypeId,registeredTimestamp) values (106,1,CURRENT_TIMESTAMP AT TIME ZONE 'WET');
INSERT INTO OperationLog(operationId,logTypeId,registeredTimestamp) values (107,1,CURRENT_TIMESTAMP AT TIME ZONE 'WET');
INSERT INTO OperationLog(operationId,logTypeId,registeredTimestamp) values (108,1,CURRENT_TIMESTAMP AT TIME ZONE 'WET');
INSERT INTO OperationLog(operationId,logTypeId,registeredTimestamp) values (109,1,CURRENT_TIMESTAMP AT TIME ZONE 'WET');
INSERT INTO OperationLog(operationId,logTypeId,registeredTimestamp) values (110,1,CURRENT_TIMESTAMP AT TIME ZONE 'WET');
INSERT INTO OperationLog(operationId,logTypeId,registeredTimestamp) values (111,1,CURRENT_TIMESTAMP AT TIME ZONE 'WET');
INSERT INTO OperationLog(operationId,logTypeId,registeredTimestamp) values (112,1,CURRENT_TIMESTAMP AT TIME ZONE 'WET');
INSERT INTO OperationLog(operationId,logTypeId,registeredTimestamp) values (113,1,CURRENT_TIMESTAMP AT TIME ZONE 'WET');
INSERT INTO OperationLog(operationId,logTypeId,registeredTimestamp) values (114,1,CURRENT_TIMESTAMP AT TIME ZONE 'WET');
INSERT INTO OperationLog(operationId,logTypeId,registeredTimestamp) values (115,1,CURRENT_TIMESTAMP AT TIME ZONE 'WET');
INSERT INTO OperationLog(operationId,logTypeId,registeredTimestamp) values (116,1,CURRENT_TIMESTAMP AT TIME ZONE 'WET');
INSERT INTO OperationLog(operationId,logTypeId,registeredTimestamp) values (117,1,CURRENT_TIMESTAMP AT TIME ZONE 'WET');
INSERT INTO OperationLog(operationId,logTypeId,registeredTimestamp) values (118,1,CURRENT_TIMESTAMP AT TIME ZONE 'WET');
INSERT INTO OperationLog(operationId,logTypeId,registeredTimestamp) values (119,1,CURRENT_TIMESTAMP AT TIME ZONE 'WET');
INSERT INTO OperationLog(operationId,logTypeId,registeredTimestamp) values (120,1,CURRENT_TIMESTAMP AT TIME ZONE 'WET');
INSERT INTO OperationLog(operationId,logTypeId,registeredTimestamp) values (121,1,CURRENT_TIMESTAMP AT TIME ZONE 'WET');
INSERT INTO OperationLog(operationId,logTypeId,registeredTimestamp) values (122,1,CURRENT_TIMESTAMP AT TIME ZONE 'WET');
INSERT INTO OperationLog(operationId,logTypeId,registeredTimestamp) values (123,1,CURRENT_TIMESTAMP AT TIME ZONE 'WET');
INSERT INTO OperationLog(operationId,logTypeId,registeredTimestamp) values (124,1,CURRENT_TIMESTAMP AT TIME ZONE 'WET');
INSERT INTO OperationLog(operationId,logTypeId,registeredTimestamp) values (125,1,CURRENT_TIMESTAMP AT TIME ZONE 'WET');
INSERT INTO OperationLog(operationId,logTypeId,registeredTimestamp) values (126,1,CURRENT_TIMESTAMP AT TIME ZONE 'WET');
INSERT INTO OperationLog(operationId,logTypeId,registeredTimestamp) values (127,1,CURRENT_TIMESTAMP AT TIME ZONE 'WET');
INSERT INTO OperationLog(operationId,logTypeId,registeredTimestamp) values (128,1,CURRENT_TIMESTAMP AT TIME ZONE 'WET');
INSERT INTO OperationLog(operationId,logTypeId,registeredTimestamp) values (129,1,CURRENT_TIMESTAMP AT TIME ZONE 'WET');
INSERT INTO OperationLog(operationId,logTypeId,registeredTimestamp) values (130,1,CURRENT_TIMESTAMP AT TIME ZONE 'WET');
INSERT INTO OperationLog(operationId,logTypeId,registeredTimestamp) values (131,1,CURRENT_TIMESTAMP AT TIME ZONE 'WET');
INSERT INTO OperationLog(operationId,logTypeId,registeredTimestamp) values (132,1,CURRENT_TIMESTAMP AT TIME ZONE 'WET');
INSERT INTO OperationLog(operationId,logTypeId,registeredTimestamp) values (133,1,CURRENT_TIMESTAMP AT TIME ZONE 'WET');
INSERT INTO OperationLog(operationId,logTypeId,registeredTimestamp) values (134,1,CURRENT_TIMESTAMP AT TIME ZONE 'WET');
INSERT INTO OperationLog(operationId,logTypeId,registeredTimestamp) values (135,1,CURRENT_TIMESTAMP AT TIME ZONE 'WET');
INSERT INTO OperationLog(operationId,logTypeId,registeredTimestamp) values (136,1,CURRENT_TIMESTAMP AT TIME ZONE 'WET');
INSERT INTO OperationLog(operationId,logTypeId,registeredTimestamp) values (137,1,CURRENT_TIMESTAMP AT TIME ZONE 'WET');
INSERT INTO OperationLog(operationId,logTypeId,registeredTimestamp) values (138,1,CURRENT_TIMESTAMP AT TIME ZONE 'WET');
INSERT INTO OperationLog(operationId,logTypeId,registeredTimestamp) values (139,1,CURRENT_TIMESTAMP AT TIME ZONE 'WET');
INSERT INTO OperationLog(operationId,logTypeId,registeredTimestamp) values (140,1,CURRENT_TIMESTAMP AT TIME ZONE 'WET');
INSERT INTO OperationLog(operationId,logTypeId,registeredTimestamp) values (141,1,CURRENT_TIMESTAMP AT TIME ZONE 'WET');
INSERT INTO OperationLog(operationId,logTypeId,registeredTimestamp) values (142,1,CURRENT_TIMESTAMP AT TIME ZONE 'WET');
INSERT INTO OperationLog(operationId,logTypeId,registeredTimestamp) values (143,1,CURRENT_TIMESTAMP AT TIME ZONE 'WET');
INSERT INTO OperationLog(operationId,logTypeId,registeredTimestamp) values (144,1,CURRENT_TIMESTAMP AT TIME ZONE 'WET');
INSERT INTO OperationLog(operationId,logTypeId,registeredTimestamp) values (145,1,CURRENT_TIMESTAMP AT TIME ZONE 'WET');
INSERT INTO OperationLog(operationId,logTypeId,registeredTimestamp) values (146,1,CURRENT_TIMESTAMP AT TIME ZONE 'WET');
INSERT INTO OperationLog(operationId,logTypeId,registeredTimestamp) values (147,1,CURRENT_TIMESTAMP AT TIME ZONE 'WET');
INSERT INTO OperationLog(operationId,logTypeId,registeredTimestamp) values (148,1,CURRENT_TIMESTAMP AT TIME ZONE 'WET');
INSERT INTO OperationLog(operationId,logTypeId,registeredTimestamp) values (149,1,CURRENT_TIMESTAMP AT TIME ZONE 'WET');
INSERT INTO OperationLog(operationId,logTypeId,registeredTimestamp) values (150,1,CURRENT_TIMESTAMP AT TIME ZONE 'WET');
INSERT INTO OperationLog(operationId,logTypeId,registeredTimestamp) values (151,1,CURRENT_TIMESTAMP AT TIME ZONE 'WET');
INSERT INTO OperationLog(operationId,logTypeId,registeredTimestamp) values (152,1,CURRENT_TIMESTAMP AT TIME ZONE 'WET');
INSERT INTO OperationLog(operationId,logTypeId,registeredTimestamp) values (153,1,CURRENT_TIMESTAMP AT TIME ZONE 'WET');
INSERT INTO OperationLog(operationId,logTypeId,registeredTimestamp) values (154,1,CURRENT_TIMESTAMP AT TIME ZONE 'WET');
INSERT INTO OperationLog(operationId,logTypeId,registeredTimestamp) values (155,1,CURRENT_TIMESTAMP AT TIME ZONE 'WET');
INSERT INTO OperationLog(operationId,logTypeId,registeredTimestamp) values (156,1,CURRENT_TIMESTAMP AT TIME ZONE 'WET');
INSERT INTO OperationLog(operationId,logTypeId,registeredTimestamp) values (157,1,CURRENT_TIMESTAMP AT TIME ZONE 'WET');
INSERT INTO OperationLog(operationId,logTypeId,registeredTimestamp) values (158,1,CURRENT_TIMESTAMP AT TIME ZONE 'WET');
INSERT INTO OperationLog(operationId,logTypeId,registeredTimestamp) values (159,1,CURRENT_TIMESTAMP AT TIME ZONE 'WET');
INSERT INTO OperationLog(operationId,logTypeId,registeredTimestamp) values (160,1,CURRENT_TIMESTAMP AT TIME ZONE 'WET');
INSERT INTO OperationLog(operationId,logTypeId,registeredTimestamp) values (161,1,CURRENT_TIMESTAMP AT TIME ZONE 'WET');
INSERT INTO OperationLog(operationId,logTypeId,registeredTimestamp) values (162,1,CURRENT_TIMESTAMP AT TIME ZONE 'WET');
INSERT INTO OperationLog(operationId,logTypeId,registeredTimestamp) values (163,1,CURRENT_TIMESTAMP AT TIME ZONE 'WET');
INSERT INTO OperationLog(operationId,logTypeId,registeredTimestamp) values (164,1,CURRENT_TIMESTAMP AT TIME ZONE 'WET');
INSERT INTO OperationLog(operationId,logTypeId,registeredTimestamp) values (165,1,CURRENT_TIMESTAMP AT TIME ZONE 'WET');
INSERT INTO OperationLog(operationId,logTypeId,registeredTimestamp) values (166,1,CURRENT_TIMESTAMP AT TIME ZONE 'WET');
INSERT INTO OperationLog(operationId,logTypeId,registeredTimestamp) values (167,1,CURRENT_TIMESTAMP AT TIME ZONE 'WET');
INSERT INTO OperationLog(operationId,logTypeId,registeredTimestamp) values (168,1,CURRENT_TIMESTAMP AT TIME ZONE 'WET');
INSERT INTO OperationLog(operationId,logTypeId,registeredTimestamp) values (169,1,CURRENT_TIMESTAMP AT TIME ZONE 'WET');
INSERT INTO OperationLog(operationId,logTypeId,registeredTimestamp) values (170,1,CURRENT_TIMESTAMP AT TIME ZONE 'WET');
INSERT INTO OperationLog(operationId,logTypeId,registeredTimestamp) values (171,1,CURRENT_TIMESTAMP AT TIME ZONE 'WET');
INSERT INTO OperationLog(operationId,logTypeId,registeredTimestamp) values (172,1,CURRENT_TIMESTAMP AT TIME ZONE 'WET');
INSERT INTO OperationLog(operationId,logTypeId,registeredTimestamp) values (173,1,CURRENT_TIMESTAMP AT TIME ZONE 'WET');
INSERT INTO OperationLog(operationId,logTypeId,registeredTimestamp) values (174,1,CURRENT_TIMESTAMP AT TIME ZONE 'WET');
INSERT INTO OperationLog(operationId,logTypeId,registeredTimestamp) values (175,1,CURRENT_TIMESTAMP AT TIME ZONE 'WET');
INSERT INTO OperationLog(operationId,logTypeId,registeredTimestamp) values (176,1,CURRENT_TIMESTAMP AT TIME ZONE 'WET');
INSERT INTO OperationLog(operationId,logTypeId,registeredTimestamp) values (177,1,CURRENT_TIMESTAMP AT TIME ZONE 'WET');
INSERT INTO OperationLog(operationId,logTypeId,registeredTimestamp) values (178,1,CURRENT_TIMESTAMP AT TIME ZONE 'WET');
INSERT INTO OperationLog(operationId,logTypeId,registeredTimestamp) values (179,1,CURRENT_TIMESTAMP AT TIME ZONE 'WET');
INSERT INTO OperationLog(operationId,logTypeId,registeredTimestamp) values (180,1,CURRENT_TIMESTAMP AT TIME ZONE 'WET');
INSERT INTO OperationLog(operationId,logTypeId,registeredTimestamp) values (181,1,CURRENT_TIMESTAMP AT TIME ZONE 'WET');
INSERT INTO OperationLog(operationId,logTypeId,registeredTimestamp) values (182,1,CURRENT_TIMESTAMP AT TIME ZONE 'WET');
INSERT INTO OperationLog(operationId,logTypeId,registeredTimestamp) values (183,1,CURRENT_TIMESTAMP AT TIME ZONE 'WET');
INSERT INTO OperationLog(operationId,logTypeId,registeredTimestamp) values (184,1,CURRENT_TIMESTAMP AT TIME ZONE 'WET');
INSERT INTO OperationLog(operationId,logTypeId,registeredTimestamp) values (185,1,CURRENT_TIMESTAMP AT TIME ZONE 'WET');
INSERT INTO OperationLog(operationId,logTypeId,registeredTimestamp) values (186,1,CURRENT_TIMESTAMP AT TIME ZONE 'WET');
INSERT INTO OperationLog(operationId,logTypeId,registeredTimestamp) values (187,1,CURRENT_TIMESTAMP AT TIME ZONE 'WET');
INSERT INTO OperationLog(operationId,logTypeId,registeredTimestamp) values (188,1,CURRENT_TIMESTAMP AT TIME ZONE 'WET');
INSERT INTO OperationLog(operationId,logTypeId,registeredTimestamp) values (189,1,CURRENT_TIMESTAMP AT TIME ZONE 'WET');
INSERT INTO OperationLog(operationId,logTypeId,registeredTimestamp) values (190,1,CURRENT_TIMESTAMP AT TIME ZONE 'WET');
INSERT INTO OperationLog(operationId,logTypeId,registeredTimestamp) values (191,1,CURRENT_TIMESTAMP AT TIME ZONE 'WET');
INSERT INTO OperationLog(operationId,logTypeId,registeredTimestamp) values (192,1,CURRENT_TIMESTAMP AT TIME ZONE 'WET');
INSERT INTO OperationLog(operationId,logTypeId,registeredTimestamp) values (193,1,CURRENT_TIMESTAMP AT TIME ZONE 'WET');
INSERT INTO OperationLog(operationId,logTypeId,registeredTimestamp) values (194,1,CURRENT_TIMESTAMP AT TIME ZONE 'WET');
INSERT INTO OperationLog(operationId,logTypeId,registeredTimestamp) values (195,1,CURRENT_TIMESTAMP AT TIME ZONE 'WET');
INSERT INTO OperationLog(operationId,logTypeId,registeredTimestamp) values (196,1,CURRENT_TIMESTAMP AT TIME ZONE 'WET');
INSERT INTO OperationLog(operationId,logTypeId,registeredTimestamp) values (197,1,CURRENT_TIMESTAMP AT TIME ZONE 'WET');
INSERT INTO OperationLog(operationId,logTypeId,registeredTimestamp) values (198,1,CURRENT_TIMESTAMP AT TIME ZONE 'WET');
INSERT INTO OperationLog(operationId,logTypeId,registeredTimestamp) values (199,1,CURRENT_TIMESTAMP AT TIME ZONE 'WET');
INSERT INTO OperationLog(operationId,logTypeId,registeredTimestamp) values (200,1,CURRENT_TIMESTAMP AT TIME ZONE 'WET');
INSERT INTO OperationLog(operationId,logTypeId,registeredTimestamp) values (201,1,CURRENT_TIMESTAMP AT TIME ZONE 'WET');
INSERT INTO OperationLog(operationId,logTypeId,registeredTimestamp) values (202,1,CURRENT_TIMESTAMP AT TIME ZONE 'WET');
INSERT INTO OperationLog(operationId,logTypeId,registeredTimestamp) values (203,1,CURRENT_TIMESTAMP AT TIME ZONE 'WET');
INSERT INTO OperationLog(operationId,logTypeId,registeredTimestamp) values (204,1,CURRENT_TIMESTAMP AT TIME ZONE 'WET');
INSERT INTO OperationLog(operationId,logTypeId,registeredTimestamp) values (205,1,CURRENT_TIMESTAMP AT TIME ZONE 'WET');
INSERT INTO OperationLog(operationId,logTypeId,registeredTimestamp) values (206,1,CURRENT_TIMESTAMP AT TIME ZONE 'WET');
INSERT INTO OperationLog(operationId,logTypeId,registeredTimestamp) values (207,1,CURRENT_TIMESTAMP AT TIME ZONE 'WET');
INSERT INTO OperationLog(operationId,logTypeId,registeredTimestamp) values (208,1,CURRENT_TIMESTAMP AT TIME ZONE 'WET');
INSERT INTO OperationLog(operationId,logTypeId,registeredTimestamp) values (209,1,CURRENT_TIMESTAMP AT TIME ZONE 'WET');
INSERT INTO OperationLog(operationId,logTypeId,registeredTimestamp) values (210,1,CURRENT_TIMESTAMP AT TIME ZONE 'WET');
INSERT INTO OperationLog(operationId,logTypeId,registeredTimestamp) values (211,1,CURRENT_TIMESTAMP AT TIME ZONE 'WET');
INSERT INTO OperationLog(operationId,logTypeId,registeredTimestamp) values (212,1,CURRENT_TIMESTAMP AT TIME ZONE 'WET');
INSERT INTO OperationLog(operationId,logTypeId,registeredTimestamp) values (213,1,CURRENT_TIMESTAMP AT TIME ZONE 'WET');
INSERT INTO OperationLog(operationId,logTypeId,registeredTimestamp) values (214,1,CURRENT_TIMESTAMP AT TIME ZONE 'WET');
INSERT INTO OperationLog(operationId,logTypeId,registeredTimestamp) values (215,1,CURRENT_TIMESTAMP AT TIME ZONE 'WET');
INSERT INTO OperationLog(operationId,logTypeId,registeredTimestamp) values (216,1,CURRENT_TIMESTAMP AT TIME ZONE 'WET');
INSERT INTO OperationLog(operationId,logTypeId,registeredTimestamp) values (217,1,CURRENT_TIMESTAMP AT TIME ZONE 'WET');
INSERT INTO OperationLog(operationId,logTypeId,registeredTimestamp) values (218,1,CURRENT_TIMESTAMP AT TIME ZONE 'WET');
INSERT INTO OperationLog(operationId,logTypeId,registeredTimestamp) values (219,1,CURRENT_TIMESTAMP AT TIME ZONE 'WET');
INSERT INTO OperationLog(operationId,logTypeId,registeredTimestamp) values (220,1,CURRENT_TIMESTAMP AT TIME ZONE 'WET');
INSERT INTO OperationLog(operationId,logTypeId,registeredTimestamp) values (221,1,CURRENT_TIMESTAMP AT TIME ZONE 'WET');
INSERT INTO OperationLog(operationId,logTypeId,registeredTimestamp) values (222,1,CURRENT_TIMESTAMP AT TIME ZONE 'WET');
INSERT INTO OperationLog(operationId,logTypeId,registeredTimestamp) values (223,1,CURRENT_TIMESTAMP AT TIME ZONE 'WET');
INSERT INTO OperationLog(operationId,logTypeId,registeredTimestamp) values (224,1,CURRENT_TIMESTAMP AT TIME ZONE 'WET');
INSERT INTO OperationLog(operationId,logTypeId,registeredTimestamp) values (225,1,CURRENT_TIMESTAMP AT TIME ZONE 'WET');
INSERT INTO OperationLog(operationId,logTypeId,registeredTimestamp) values (226,1,CURRENT_TIMESTAMP AT TIME ZONE 'WET');
INSERT INTO OperationLog(operationId,logTypeId,registeredTimestamp) values (227,1,CURRENT_TIMESTAMP AT TIME ZONE 'WET');
INSERT INTO OperationLog(operationId,logTypeId,registeredTimestamp) values (228,1,CURRENT_TIMESTAMP AT TIME ZONE 'WET');
INSERT INTO OperationLog(operationId,logTypeId,registeredTimestamp) values (229,1,CURRENT_TIMESTAMP AT TIME ZONE 'WET');
INSERT INTO OperationLog(operationId,logTypeId,registeredTimestamp) values (230,1,CURRENT_TIMESTAMP AT TIME ZONE 'WET');
INSERT INTO OperationLog(operationId,logTypeId,registeredTimestamp) values (231,1,CURRENT_TIMESTAMP AT TIME ZONE 'WET');
INSERT INTO OperationLog(operationId,logTypeId,registeredTimestamp) values (232,1,CURRENT_TIMESTAMP AT TIME ZONE 'WET');
INSERT INTO OperationLog(operationId,logTypeId,registeredTimestamp) values (233,1,CURRENT_TIMESTAMP AT TIME ZONE 'WET');
INSERT INTO OperationLog(operationId,logTypeId,registeredTimestamp) values (234,1,CURRENT_TIMESTAMP AT TIME ZONE 'WET');
INSERT INTO OperationLog(operationId,logTypeId,registeredTimestamp) values (235,1,CURRENT_TIMESTAMP AT TIME ZONE 'WET');
INSERT INTO OperationLog(operationId,logTypeId,registeredTimestamp) values (236,1,CURRENT_TIMESTAMP AT TIME ZONE 'WET');
INSERT INTO OperationLog(operationId,logTypeId,registeredTimestamp) values (237,1,CURRENT_TIMESTAMP AT TIME ZONE 'WET');
INSERT INTO OperationLog(operationId,logTypeId,registeredTimestamp) values (238,1,CURRENT_TIMESTAMP AT TIME ZONE 'WET');
INSERT INTO OperationLog(operationId,logTypeId,registeredTimestamp) values (239,1,CURRENT_TIMESTAMP AT TIME ZONE 'WET');
INSERT INTO OperationLog(operationId,logTypeId,registeredTimestamp) values (240,1,CURRENT_TIMESTAMP AT TIME ZONE 'WET');
INSERT INTO OperationLog(operationId,logTypeId,registeredTimestamp) values (241,1,CURRENT_TIMESTAMP AT TIME ZONE 'WET');
INSERT INTO OperationLog(operationId,logTypeId,registeredTimestamp) values (242,1,CURRENT_TIMESTAMP AT TIME ZONE 'WET');
INSERT INTO OperationLog(operationId,logTypeId,registeredTimestamp) values (243,1,CURRENT_TIMESTAMP AT TIME ZONE 'WET');
INSERT INTO OperationLog(operationId,logTypeId,registeredTimestamp) values (244,1,CURRENT_TIMESTAMP AT TIME ZONE 'WET');
INSERT INTO OperationLog(operationId,logTypeId,registeredTimestamp) values (245,1,CURRENT_TIMESTAMP AT TIME ZONE 'WET');
INSERT INTO OperationLog(operationId,logTypeId,registeredTimestamp) values (246,1,CURRENT_TIMESTAMP AT TIME ZONE 'WET');
INSERT INTO OperationLog(operationId,logTypeId,registeredTimestamp) values (247,1,CURRENT_TIMESTAMP AT TIME ZONE 'WET');
INSERT INTO OperationLog(operationId,logTypeId,registeredTimestamp) values (248,1,CURRENT_TIMESTAMP AT TIME ZONE 'WET');
INSERT INTO OperationLog(operationId,logTypeId,registeredTimestamp) values (249,1,CURRENT_TIMESTAMP AT TIME ZONE 'WET');
INSERT INTO OperationLog(operationId,logTypeId,registeredTimestamp) values (250,1,CURRENT_TIMESTAMP AT TIME ZONE 'WET');
INSERT INTO OperationLog(operationId,logTypeId,registeredTimestamp) values (251,1,CURRENT_TIMESTAMP AT TIME ZONE 'WET');
INSERT INTO OperationLog(operationId,logTypeId,registeredTimestamp) values (252,1,CURRENT_TIMESTAMP AT TIME ZONE 'WET');
INSERT INTO OperationLog(operationId,logTypeId,registeredTimestamp) values (253,1,CURRENT_TIMESTAMP AT TIME ZONE 'WET');
INSERT INTO OperationLog(operationId,logTypeId,registeredTimestamp) values (254,1,CURRENT_TIMESTAMP AT TIME ZONE 'WET');
INSERT INTO OperationLog(operationId,logTypeId,registeredTimestamp) values (255,1,CURRENT_TIMESTAMP AT TIME ZONE 'WET');
INSERT INTO OperationLog(operationId,logTypeId,registeredTimestamp) values (256,1,CURRENT_TIMESTAMP AT TIME ZONE 'WET');
INSERT INTO OperationLog(operationId,logTypeId,registeredTimestamp) values (257,1,CURRENT_TIMESTAMP AT TIME ZONE 'WET');
INSERT INTO OperationLog(operationId,logTypeId,registeredTimestamp) values (258,1,CURRENT_TIMESTAMP AT TIME ZONE 'WET');
INSERT INTO OperationLog(operationId,logTypeId,registeredTimestamp) values (259,1,CURRENT_TIMESTAMP AT TIME ZONE 'WET');
INSERT INTO OperationLog(operationId,logTypeId,registeredTimestamp) values (260,1,CURRENT_TIMESTAMP AT TIME ZONE 'WET');
INSERT INTO OperationLog(operationId,logTypeId,registeredTimestamp) values (261,1,CURRENT_TIMESTAMP AT TIME ZONE 'WET');
INSERT INTO OperationLog(operationId,logTypeId,registeredTimestamp) values (262,1,CURRENT_TIMESTAMP AT TIME ZONE 'WET');
INSERT INTO OperationLog(operationId,logTypeId,registeredTimestamp) values (263,1,CURRENT_TIMESTAMP AT TIME ZONE 'WET');
INSERT INTO OperationLog(operationId,logTypeId,registeredTimestamp) values (264,1,CURRENT_TIMESTAMP AT TIME ZONE 'WET');
INSERT INTO OperationLog(operationId,logTypeId,registeredTimestamp) values (265,1,CURRENT_TIMESTAMP AT TIME ZONE 'WET');
INSERT INTO OperationLog(operationId,logTypeId,registeredTimestamp) values (266,1,CURRENT_TIMESTAMP AT TIME ZONE 'WET');
INSERT INTO OperationLog(operationId,logTypeId,registeredTimestamp) values (267,1,CURRENT_TIMESTAMP AT TIME ZONE 'WET');
INSERT INTO OperationLog(operationId,logTypeId,registeredTimestamp) values (268,1,CURRENT_TIMESTAMP AT TIME ZONE 'WET');
INSERT INTO OperationLog(operationId,logTypeId,registeredTimestamp) values (269,1,CURRENT_TIMESTAMP AT TIME ZONE 'WET');
INSERT INTO OperationLog(operationId,logTypeId,registeredTimestamp) values (270,1,CURRENT_TIMESTAMP AT TIME ZONE 'WET');
INSERT INTO OperationLog(operationId,logTypeId,registeredTimestamp) values (271,1,CURRENT_TIMESTAMP AT TIME ZONE 'WET');
INSERT INTO OperationLog(operationId,logTypeId,registeredTimestamp) values (272,1,CURRENT_TIMESTAMP AT TIME ZONE 'WET');
INSERT INTO OperationLog(operationId,logTypeId,registeredTimestamp) values (273,1,CURRENT_TIMESTAMP AT TIME ZONE 'WET');
INSERT INTO OperationLog(operationId,logTypeId,registeredTimestamp) values (274,1,CURRENT_TIMESTAMP AT TIME ZONE 'WET');
INSERT INTO OperationLog(operationId,logTypeId,registeredTimestamp) values (275,1,CURRENT_TIMESTAMP AT TIME ZONE 'WET');
INSERT INTO OperationLog(operationId,logTypeId,registeredTimestamp) values (276,1,CURRENT_TIMESTAMP AT TIME ZONE 'WET');
INSERT INTO OperationLog(operationId,logTypeId,registeredTimestamp) values (277,1,CURRENT_TIMESTAMP AT TIME ZONE 'WET');
INSERT INTO OperationLog(operationId,logTypeId,registeredTimestamp) values (278,1,CURRENT_TIMESTAMP AT TIME ZONE 'WET');
INSERT INTO OperationLog(operationId,logTypeId,registeredTimestamp) values (279,1,CURRENT_TIMESTAMP AT TIME ZONE 'WET');
INSERT INTO OperationLog(operationId,logTypeId,registeredTimestamp) values (280,1,CURRENT_TIMESTAMP AT TIME ZONE 'WET');
INSERT INTO OperationLog(operationId,logTypeId,registeredTimestamp) values (281,1,CURRENT_TIMESTAMP AT TIME ZONE 'WET');
INSERT INTO OperationLog(operationId,logTypeId,registeredTimestamp) values (282,1,CURRENT_TIMESTAMP AT TIME ZONE 'WET');
INSERT INTO OperationLog(operationId,logTypeId,registeredTimestamp) values (283,1,CURRENT_TIMESTAMP AT TIME ZONE 'WET');
INSERT INTO OperationLog(operationId,logTypeId,registeredTimestamp) values (284,1,CURRENT_TIMESTAMP AT TIME ZONE 'WET');
INSERT INTO OperationLog(operationId,logTypeId,registeredTimestamp) values (285,1,CURRENT_TIMESTAMP AT TIME ZONE 'WET');
INSERT INTO OperationLog(operationId,logTypeId,registeredTimestamp) values (286,1,CURRENT_TIMESTAMP AT TIME ZONE 'WET');
INSERT INTO OperationLog(operationId,logTypeId,registeredTimestamp) values (287,1,CURRENT_TIMESTAMP AT TIME ZONE 'WET');
INSERT INTO OperationLog(operationId,logTypeId,registeredTimestamp) values (288,1,CURRENT_TIMESTAMP AT TIME ZONE 'WET');
INSERT INTO OperationLog(operationId,logTypeId,registeredTimestamp) values (289,1,CURRENT_TIMESTAMP AT TIME ZONE 'WET');
INSERT INTO OperationLog(operationId,logTypeId,registeredTimestamp) values (290,1,CURRENT_TIMESTAMP AT TIME ZONE 'WET');
INSERT INTO OperationLog(operationId,logTypeId,registeredTimestamp) values (291,1,CURRENT_TIMESTAMP AT TIME ZONE 'WET');
INSERT INTO OperationLog(operationId,logTypeId,registeredTimestamp) values (292,1,CURRENT_TIMESTAMP AT TIME ZONE 'WET');
INSERT INTO OperationLog(operationId,logTypeId,registeredTimestamp) values (293,1,CURRENT_TIMESTAMP AT TIME ZONE 'WET');
INSERT INTO OperationLog(operationId,logTypeId,registeredTimestamp) values (294,1,CURRENT_TIMESTAMP AT TIME ZONE 'WET');
INSERT INTO OperationLog(operationId,logTypeId,registeredTimestamp) values (295,1,CURRENT_TIMESTAMP AT TIME ZONE 'WET');
INSERT INTO OperationLog(operationId,logTypeId,registeredTimestamp) values (296,1,CURRENT_TIMESTAMP AT TIME ZONE 'WET');
INSERT INTO OperationLog(operationId,logTypeId,registeredTimestamp) values (297,1,CURRENT_TIMESTAMP AT TIME ZONE 'WET');
INSERT INTO OperationLog(operationId,logTypeId,registeredTimestamp) values (298,1,CURRENT_TIMESTAMP AT TIME ZONE 'WET');
INSERT INTO OperationLog(operationId,logTypeId,registeredTimestamp) values (299,1,CURRENT_TIMESTAMP AT TIME ZONE 'WET');
INSERT INTO OperationLog(operationId,logTypeId,registeredTimestamp) values (300,1,CURRENT_TIMESTAMP AT TIME ZONE 'WET');
INSERT INTO OperationLog(operationId,logTypeId,registeredTimestamp) values (301,1,CURRENT_TIMESTAMP AT TIME ZONE 'WET');
INSERT INTO OperationLog(operationId,logTypeId,registeredTimestamp) values (302,1,CURRENT_TIMESTAMP AT TIME ZONE 'WET');
INSERT INTO OperationLog(operationId,logTypeId,registeredTimestamp) values (303,1,CURRENT_TIMESTAMP AT TIME ZONE 'WET');
INSERT INTO OperationLog(operationId,logTypeId,registeredTimestamp) values (304,1,CURRENT_TIMESTAMP AT TIME ZONE 'WET');
INSERT INTO OperationLog(operationId,logTypeId,registeredTimestamp) values (305,1,CURRENT_TIMESTAMP AT TIME ZONE 'WET');
INSERT INTO OperationLog(operationId,logTypeId,registeredTimestamp) values (306,1,CURRENT_TIMESTAMP AT TIME ZONE 'WET');
INSERT INTO OperationLog(operationId,logTypeId,registeredTimestamp) values (307,1,CURRENT_TIMESTAMP AT TIME ZONE 'WET');
INSERT INTO OperationLog(operationId,logTypeId,registeredTimestamp) values (308,1,CURRENT_TIMESTAMP AT TIME ZONE 'WET');
INSERT INTO OperationLog(operationId,logTypeId,registeredTimestamp) values (309,1,CURRENT_TIMESTAMP AT TIME ZONE 'WET');
INSERT INTO OperationLog(operationId,logTypeId,registeredTimestamp) values (310,1,CURRENT_TIMESTAMP AT TIME ZONE 'WET');
INSERT INTO OperationLog(operationId,logTypeId,registeredTimestamp) values (311,1,CURRENT_TIMESTAMP AT TIME ZONE 'WET');
INSERT INTO OperationLog(operationId,logTypeId,registeredTimestamp) values (312,1,CURRENT_TIMESTAMP AT TIME ZONE 'WET');
INSERT INTO OperationLog(operationId,logTypeId,registeredTimestamp) values (313,1,CURRENT_TIMESTAMP AT TIME ZONE 'WET');
INSERT INTO OperationLog(operationId,logTypeId,registeredTimestamp) values (314,1,CURRENT_TIMESTAMP AT TIME ZONE 'WET');
INSERT INTO OperationLog(operationId,logTypeId,registeredTimestamp) values (315,1,CURRENT_TIMESTAMP AT TIME ZONE 'WET');
INSERT INTO OperationLog(operationId,logTypeId,registeredTimestamp) values (316,1,CURRENT_TIMESTAMP AT TIME ZONE 'WET');
INSERT INTO OperationLog(operationId,logTypeId,registeredTimestamp) values (317,1,CURRENT_TIMESTAMP AT TIME ZONE 'WET');
INSERT INTO OperationLog(operationId,logTypeId,registeredTimestamp) values (318,1,CURRENT_TIMESTAMP AT TIME ZONE 'WET');
INSERT INTO OperationLog(operationId,logTypeId,registeredTimestamp) values (319,1,CURRENT_TIMESTAMP AT TIME ZONE 'WET');
INSERT INTO OperationLog(operationId,logTypeId,registeredTimestamp) values (320,1,CURRENT_TIMESTAMP AT TIME ZONE 'WET');
INSERT INTO OperationLog(operationId,logTypeId,registeredTimestamp) values (321,1,CURRENT_TIMESTAMP AT TIME ZONE 'WET');
INSERT INTO OperationLog(operationId,logTypeId,registeredTimestamp) values (322,1,CURRENT_TIMESTAMP AT TIME ZONE 'WET');
INSERT INTO OperationLog(operationId,logTypeId,registeredTimestamp) values (323,1,CURRENT_TIMESTAMP AT TIME ZONE 'WET');
INSERT INTO OperationLog(operationId,logTypeId,registeredTimestamp) values (324,1,CURRENT_TIMESTAMP AT TIME ZONE 'WET');
INSERT INTO OperationLog(operationId,logTypeId,registeredTimestamp) values (325,1,CURRENT_TIMESTAMP AT TIME ZONE 'WET');
INSERT INTO OperationLog(operationId,logTypeId,registeredTimestamp) values (326,1,CURRENT_TIMESTAMP AT TIME ZONE 'WET');
INSERT INTO OperationLog(operationId,logTypeId,registeredTimestamp) values (327,1,CURRENT_TIMESTAMP AT TIME ZONE 'WET');
INSERT INTO OperationLog(operationId,logTypeId,registeredTimestamp) values (328,1,CURRENT_TIMESTAMP AT TIME ZONE 'WET');
INSERT INTO OperationLog(operationId,logTypeId,registeredTimestamp) values (329,1,CURRENT_TIMESTAMP AT TIME ZONE 'WET');
INSERT INTO OperationLog(operationId,logTypeId,registeredTimestamp) values (330,1,CURRENT_TIMESTAMP AT TIME ZONE 'WET');
INSERT INTO OperationLog(operationId,logTypeId,registeredTimestamp) values (331,1,CURRENT_TIMESTAMP AT TIME ZONE 'WET');
INSERT INTO OperationLog(operationId,logTypeId,registeredTimestamp) values (332,1,CURRENT_TIMESTAMP AT TIME ZONE 'WET');
INSERT INTO OperationLog(operationId,logTypeId,registeredTimestamp) values (333,1,CURRENT_TIMESTAMP AT TIME ZONE 'WET');
INSERT INTO OperationLog(operationId,logTypeId,registeredTimestamp) values (334,1,CURRENT_TIMESTAMP AT TIME ZONE 'WET');
INSERT INTO OperationLog(operationId,logTypeId,registeredTimestamp) values (335,1,CURRENT_TIMESTAMP AT TIME ZONE 'WET');
INSERT INTO OperationLog(operationId,logTypeId,registeredTimestamp) values (336,1,CURRENT_TIMESTAMP AT TIME ZONE 'WET');
INSERT INTO OperationLog(operationId,logTypeId,registeredTimestamp) values (337,1,CURRENT_TIMESTAMP AT TIME ZONE 'WET');
INSERT INTO OperationLog(operationId,logTypeId,registeredTimestamp) values (338,1,CURRENT_TIMESTAMP AT TIME ZONE 'WET');
INSERT INTO OperationLog(operationId,logTypeId,registeredTimestamp) values (339,1,CURRENT_TIMESTAMP AT TIME ZONE 'WET');
INSERT INTO OperationLog(operationId,logTypeId,registeredTimestamp) values (340,1,CURRENT_TIMESTAMP AT TIME ZONE 'WET');
INSERT INTO OperationLog(operationId,logTypeId,registeredTimestamp) values (341,1,CURRENT_TIMESTAMP AT TIME ZONE 'WET');
INSERT INTO OperationLog(operationId,logTypeId,registeredTimestamp) values (342,1,CURRENT_TIMESTAMP AT TIME ZONE 'WET');
INSERT INTO OperationLog(operationId,logTypeId,registeredTimestamp) values (343,1,CURRENT_TIMESTAMP AT TIME ZONE 'WET');
INSERT INTO OperationLog(operationId,logTypeId,registeredTimestamp) values (344,1,CURRENT_TIMESTAMP AT TIME ZONE 'WET');
INSERT INTO OperationLog(operationId,logTypeId,registeredTimestamp) values (345,1,CURRENT_TIMESTAMP AT TIME ZONE 'WET');
INSERT INTO OperationLog(operationId,logTypeId,registeredTimestamp) values (346,1,CURRENT_TIMESTAMP AT TIME ZONE 'WET');
INSERT INTO OperationLog(operationId,logTypeId,registeredTimestamp) values (347,1,CURRENT_TIMESTAMP AT TIME ZONE 'WET');
INSERT INTO OperationLog(operationId,logTypeId,registeredTimestamp) values (348,1,CURRENT_TIMESTAMP AT TIME ZONE 'WET');
INSERT INTO OperationLog(operationId,logTypeId,registeredTimestamp) values (349,1,CURRENT_TIMESTAMP AT TIME ZONE 'WET');
INSERT INTO OperationLog(operationId,logTypeId,registeredTimestamp) values (350,1,CURRENT_TIMESTAMP AT TIME ZONE 'WET');
INSERT INTO OperationLog(operationId,logTypeId,registeredTimestamp) values (351,1,CURRENT_TIMESTAMP AT TIME ZONE 'WET');
INSERT INTO OperationLog(operationId,logTypeId,registeredTimestamp) values (352,1,CURRENT_TIMESTAMP AT TIME ZONE 'WET');
INSERT INTO OperationLog(operationId,logTypeId,registeredTimestamp) values (353,1,CURRENT_TIMESTAMP AT TIME ZONE 'WET');
INSERT INTO OperationLog(operationId,logTypeId,registeredTimestamp) values (354,1,CURRENT_TIMESTAMP AT TIME ZONE 'WET');
INSERT INTO OperationLog(operationId,logTypeId,registeredTimestamp) values (355,1,CURRENT_TIMESTAMP AT TIME ZONE 'WET');
INSERT INTO OperationLog(operationId,logTypeId,registeredTimestamp) values (356,1,CURRENT_TIMESTAMP AT TIME ZONE 'WET');
INSERT INTO OperationLog(operationId,logTypeId,registeredTimestamp) values (357,1,CURRENT_TIMESTAMP AT TIME ZONE 'WET');
INSERT INTO OperationLog(operationId,logTypeId,registeredTimestamp) values (358,1,CURRENT_TIMESTAMP AT TIME ZONE 'WET');
INSERT INTO OperationLog(operationId,logTypeId,registeredTimestamp) values (359,1,CURRENT_TIMESTAMP AT TIME ZONE 'WET');
INSERT INTO OperationLog(operationId,logTypeId,registeredTimestamp) values (360,1,CURRENT_TIMESTAMP AT TIME ZONE 'WET');
INSERT INTO OperationLog(operationId,logTypeId,registeredTimestamp) values (361,1,CURRENT_TIMESTAMP AT TIME ZONE 'WET');
INSERT INTO OperationLog(operationId,logTypeId,registeredTimestamp) values (362,1,CURRENT_TIMESTAMP AT TIME ZONE 'WET');
INSERT INTO OperationLog(operationId,logTypeId,registeredTimestamp) values (363,1,CURRENT_TIMESTAMP AT TIME ZONE 'WET');
INSERT INTO OperationLog(operationId,logTypeId,registeredTimestamp) values (364,1,CURRENT_TIMESTAMP AT TIME ZONE 'WET');
INSERT INTO OperationLog(operationId,logTypeId,registeredTimestamp) values (365,1,CURRENT_TIMESTAMP AT TIME ZONE 'WET');
INSERT INTO OperationLog(operationId,logTypeId,registeredTimestamp) values (366,1,CURRENT_TIMESTAMP AT TIME ZONE 'WET');
INSERT INTO OperationLog(operationId,logTypeId,registeredTimestamp) values (367,1,CURRENT_TIMESTAMP AT TIME ZONE 'WET');
INSERT INTO OperationLog(operationId,logTypeId,registeredTimestamp) values (368,1,CURRENT_TIMESTAMP AT TIME ZONE 'WET');
INSERT INTO OperationLog(operationId,logTypeId,registeredTimestamp) values (369,1,CURRENT_TIMESTAMP AT TIME ZONE 'WET');
INSERT INTO OperationLog(operationId,logTypeId,registeredTimestamp) values (370,1,CURRENT_TIMESTAMP AT TIME ZONE 'WET');
INSERT INTO OperationLog(operationId,logTypeId,registeredTimestamp) values (371,1,CURRENT_TIMESTAMP AT TIME ZONE 'WET');
INSERT INTO OperationLog(operationId,logTypeId,registeredTimestamp) values (372,1,CURRENT_TIMESTAMP AT TIME ZONE 'WET');
INSERT INTO OperationLog(operationId,logTypeId,registeredTimestamp) values (373,1,CURRENT_TIMESTAMP AT TIME ZONE 'WET');
INSERT INTO OperationLog(operationId,logTypeId,registeredTimestamp) values (374,1,CURRENT_TIMESTAMP AT TIME ZONE 'WET');
INSERT INTO OperationLog(operationId,logTypeId,registeredTimestamp) values (375,1,CURRENT_TIMESTAMP AT TIME ZONE 'WET');
INSERT INTO OperationLog(operationId,logTypeId,registeredTimestamp) values (376,1,CURRENT_TIMESTAMP AT TIME ZONE 'WET');
INSERT INTO OperationLog(operationId,logTypeId,registeredTimestamp) values (377,1,CURRENT_TIMESTAMP AT TIME ZONE 'WET');
INSERT INTO OperationLog(operationId,logTypeId,registeredTimestamp) values (378,1,CURRENT_TIMESTAMP AT TIME ZONE 'WET');
INSERT INTO OperationLog(operationId,logTypeId,registeredTimestamp) values (379,1,CURRENT_TIMESTAMP AT TIME ZONE 'WET');
INSERT INTO OperationLog(operationId,logTypeId,registeredTimestamp) values (380,1,CURRENT_TIMESTAMP AT TIME ZONE 'WET');
INSERT INTO OperationLog(operationId,logTypeId,registeredTimestamp) values (381,1,CURRENT_TIMESTAMP AT TIME ZONE 'WET');
INSERT INTO OperationLog(operationId,logTypeId,registeredTimestamp) values (382,1,CURRENT_TIMESTAMP AT TIME ZONE 'WET');
INSERT INTO OperationLog(operationId,logTypeId,registeredTimestamp) values (383,1,CURRENT_TIMESTAMP AT TIME ZONE 'WET');
INSERT INTO OperationLog(operationId,logTypeId,registeredTimestamp) values (384,1,CURRENT_TIMESTAMP AT TIME ZONE 'WET');
INSERT INTO OperationLog(operationId,logTypeId,registeredTimestamp) values (385,1,CURRENT_TIMESTAMP AT TIME ZONE 'WET');
INSERT INTO OperationLog(operationId,logTypeId,registeredTimestamp) values (386,1,CURRENT_TIMESTAMP AT TIME ZONE 'WET');
INSERT INTO OperationLog(operationId,logTypeId,registeredTimestamp) values (387,1,CURRENT_TIMESTAMP AT TIME ZONE 'WET');
INSERT INTO OperationLog(operationId,logTypeId,registeredTimestamp) values (388,1,CURRENT_TIMESTAMP AT TIME ZONE 'WET');
INSERT INTO OperationLog(operationId,logTypeId,registeredTimestamp) values (389,1,CURRENT_TIMESTAMP AT TIME ZONE 'WET');
INSERT INTO OperationLog(operationId,logTypeId,registeredTimestamp) values (390,1,CURRENT_TIMESTAMP AT TIME ZONE 'WET');
INSERT INTO OperationLog(operationId,logTypeId,registeredTimestamp) values (391,1,CURRENT_TIMESTAMP AT TIME ZONE 'WET');
INSERT INTO OperationLog(operationId,logTypeId,registeredTimestamp) values (392,1,CURRENT_TIMESTAMP AT TIME ZONE 'WET');
INSERT INTO OperationLog(operationId,logTypeId,registeredTimestamp) values (393,1,CURRENT_TIMESTAMP AT TIME ZONE 'WET');
INSERT INTO OperationLog(operationId,logTypeId,registeredTimestamp) values (394,1,CURRENT_TIMESTAMP AT TIME ZONE 'WET');
INSERT INTO OperationLog(operationId,logTypeId,registeredTimestamp) values (395,1,CURRENT_TIMESTAMP AT TIME ZONE 'WET');
INSERT INTO OperationLog(operationId,logTypeId,registeredTimestamp) values (396,1,CURRENT_TIMESTAMP AT TIME ZONE 'WET');
INSERT INTO OperationLog(operationId,logTypeId,registeredTimestamp) values (397,1,CURRENT_TIMESTAMP AT TIME ZONE 'WET');
INSERT INTO OperationLog(operationId,logTypeId,registeredTimestamp) values (398,1,CURRENT_TIMESTAMP AT TIME ZONE 'WET');
INSERT INTO OperationLog(operationId,logTypeId,registeredTimestamp) values (399,1,CURRENT_TIMESTAMP AT TIME ZONE 'WET');
INSERT INTO OperationLog(operationId,logTypeId,registeredTimestamp) values (400,1,CURRENT_TIMESTAMP AT TIME ZONE 'WET');
INSERT INTO OperationLog(operationId,logTypeId,registeredTimestamp) values (401,1,CURRENT_TIMESTAMP AT TIME ZONE 'WET');
INSERT INTO OperationLog(operationId,logTypeId,registeredTimestamp) values (402,1,CURRENT_TIMESTAMP AT TIME ZONE 'WET');
INSERT INTO OperationLog(operationId,logTypeId,registeredTimestamp) values (403,1,CURRENT_TIMESTAMP AT TIME ZONE 'WET');
INSERT INTO OperationLog(operationId,logTypeId,registeredTimestamp) values (404,1,CURRENT_TIMESTAMP AT TIME ZONE 'WET');
INSERT INTO OperationLog(operationId,logTypeId,registeredTimestamp) values (405,1,CURRENT_TIMESTAMP AT TIME ZONE 'WET');
INSERT INTO OperationLog(operationId,logTypeId,registeredTimestamp) values (406,1,CURRENT_TIMESTAMP AT TIME ZONE 'WET');
INSERT INTO OperationLog(operationId,logTypeId,registeredTimestamp) values (407,1,CURRENT_TIMESTAMP AT TIME ZONE 'WET');
INSERT INTO OperationLog(operationId,logTypeId,registeredTimestamp) values (408,1,CURRENT_TIMESTAMP AT TIME ZONE 'WET');
INSERT INTO OperationLog(operationId,logTypeId,registeredTimestamp) values (409,1,CURRENT_TIMESTAMP AT TIME ZONE 'WET');
INSERT INTO OperationLog(operationId,logTypeId,registeredTimestamp) values (410,1,CURRENT_TIMESTAMP AT TIME ZONE 'WET');
INSERT INTO OperationLog(operationId,logTypeId,registeredTimestamp) values (411,1,CURRENT_TIMESTAMP AT TIME ZONE 'WET');
INSERT INTO OperationLog(operationId,logTypeId,registeredTimestamp) values (412,1,CURRENT_TIMESTAMP AT TIME ZONE 'WET');
INSERT INTO OperationLog(operationId,logTypeId,registeredTimestamp) values (413,1,CURRENT_TIMESTAMP AT TIME ZONE 'WET');
INSERT INTO OperationLog(operationId,logTypeId,registeredTimestamp) values (414,1,CURRENT_TIMESTAMP AT TIME ZONE 'WET');
INSERT INTO OperationLog(operationId,logTypeId,registeredTimestamp) values (415,1,CURRENT_TIMESTAMP AT TIME ZONE 'WET');
INSERT INTO OperationLog(operationId,logTypeId,registeredTimestamp) values (416,1,CURRENT_TIMESTAMP AT TIME ZONE 'WET');
INSERT INTO OperationLog(operationId,logTypeId,registeredTimestamp) values (417,1,CURRENT_TIMESTAMP AT TIME ZONE 'WET');
INSERT INTO OperationLog(operationId,logTypeId,registeredTimestamp) values (418,1,CURRENT_TIMESTAMP AT TIME ZONE 'WET');
INSERT INTO OperationLog(operationId,logTypeId,registeredTimestamp) values (419,1,CURRENT_TIMESTAMP AT TIME ZONE 'WET');
INSERT INTO OperationLog(operationId,logTypeId,registeredTimestamp) values (420,1,CURRENT_TIMESTAMP AT TIME ZONE 'WET');
INSERT INTO OperationLog(operationId,logTypeId,registeredTimestamp) values (421,1,CURRENT_TIMESTAMP AT TIME ZONE 'WET');
INSERT INTO OperationLog(operationId,logTypeId,registeredTimestamp) values (422,1,CURRENT_TIMESTAMP AT TIME ZONE 'WET');
INSERT INTO OperationLog(operationId,logTypeId,registeredTimestamp) values (423,1,CURRENT_TIMESTAMP AT TIME ZONE 'WET');
INSERT INTO OperationLog(operationId,logTypeId,registeredTimestamp) values (424,1,CURRENT_TIMESTAMP AT TIME ZONE 'WET');
INSERT INTO OperationLog(operationId,logTypeId,registeredTimestamp) values (425,1,CURRENT_TIMESTAMP AT TIME ZONE 'WET');
INSERT INTO OperationLog(operationId,logTypeId,registeredTimestamp) values (426,1,CURRENT_TIMESTAMP AT TIME ZONE 'WET');
INSERT INTO OperationLog(operationId,logTypeId,registeredTimestamp) values (427,1,CURRENT_TIMESTAMP AT TIME ZONE 'WET');
INSERT INTO OperationLog(operationId,logTypeId,registeredTimestamp) values (428,1,CURRENT_TIMESTAMP AT TIME ZONE 'WET');
INSERT INTO OperationLog(operationId,logTypeId,registeredTimestamp) values (429,1,CURRENT_TIMESTAMP AT TIME ZONE 'WET');
INSERT INTO OperationLog(operationId,logTypeId,registeredTimestamp) values (430,1,CURRENT_TIMESTAMP AT TIME ZONE 'WET');
INSERT INTO OperationLog(operationId,logTypeId,registeredTimestamp) values (431,1,CURRENT_TIMESTAMP AT TIME ZONE 'WET');
INSERT INTO OperationLog(operationId,logTypeId,registeredTimestamp) values (432,1,CURRENT_TIMESTAMP AT TIME ZONE 'WET');
INSERT INTO OperationLog(operationId,logTypeId,registeredTimestamp) values (433,1,CURRENT_TIMESTAMP AT TIME ZONE 'WET');
INSERT INTO OperationLog(operationId,logTypeId,registeredTimestamp) values (434,1,CURRENT_TIMESTAMP AT TIME ZONE 'WET');
INSERT INTO OperationLog(operationId,logTypeId,registeredTimestamp) values (435,1,CURRENT_TIMESTAMP AT TIME ZONE 'WET');
INSERT INTO OperationLog(operationId,logTypeId,registeredTimestamp) values (436,1,CURRENT_TIMESTAMP AT TIME ZONE 'WET');
INSERT INTO OperationLog(operationId,logTypeId,registeredTimestamp) values (437,1,CURRENT_TIMESTAMP AT TIME ZONE 'WET');
INSERT INTO Fieldbook(fieldbookId) values (1);
INSERT INTO SectorIrrigationInFieldbook(operationId,fieldbookId) values (352,1);
INSERT INTO SectorIrrigationInFieldbook(operationId,fieldbookId) values (353,1);
INSERT INTO SectorIrrigationInFieldbook(operationId,fieldbookId) values (354,1);
INSERT INTO SectorIrrigationInFieldbook(operationId,fieldbookId) values (355,1);
INSERT INTO SectorIrrigationInFieldbook(operationId,fieldbookId) values (356,1);
INSERT INTO SectorIrrigationInFieldbook(operationId,fieldbookId) values (357,1);
INSERT INTO SectorIrrigationInFieldbook(operationId,fieldbookId) values (358,1);
INSERT INTO SectorIrrigationInFieldbook(operationId,fieldbookId) values (359,1);
INSERT INTO SectorIrrigationInFieldbook(operationId,fieldbookId) values (360,1);
INSERT INTO SectorIrrigationInFieldbook(operationId,fieldbookId) values (361,1);
INSERT INTO SectorIrrigationInFieldbook(operationId,fieldbookId) values (362,1);
INSERT INTO SectorIrrigationInFieldbook(operationId,fieldbookId) values (363,1);
INSERT INTO SectorIrrigationInFieldbook(operationId,fieldbookId) values (364,1);
INSERT INTO SectorIrrigationInFieldbook(operationId,fieldbookId) values (365,1);
INSERT INTO SectorIrrigationInFieldbook(operationId,fieldbookId) values (366,1);
INSERT INTO SectorIrrigationInFieldbook(operationId,fieldbookId) values (367,1);
INSERT INTO SectorIrrigationInFieldbook(operationId,fieldbookId) values (368,1);
INSERT INTO SectorIrrigationInFieldbook(operationId,fieldbookId) values (369,1);
INSERT INTO SectorIrrigationInFieldbook(operationId,fieldbookId) values (370,1);
INSERT INTO SectorIrrigationInFieldbook(operationId,fieldbookId) values (371,1);
INSERT INTO SectorIrrigationInFieldbook(operationId,fieldbookId) values (372,1);
INSERT INTO SectorIrrigationInFieldbook(operationId,fieldbookId) values (373,1);
INSERT INTO SectorIrrigationInFieldbook(operationId,fieldbookId) values (374,1);
INSERT INTO SectorIrrigationInFieldbook(operationId,fieldbookId) values (375,1);
INSERT INTO SectorIrrigationInFieldbook(operationId,fieldbookId) values (376,1);
INSERT INTO SectorIrrigationInFieldbook(operationId,fieldbookId) values (377,1);
INSERT INTO SectorIrrigationInFieldbook(operationId,fieldbookId) values (378,1);
INSERT INTO SectorIrrigationInFieldbook(operationId,fieldbookId) values (379,1);
INSERT INTO SectorIrrigationInFieldbook(operationId,fieldbookId) values (380,1);
INSERT INTO SectorIrrigationInFieldbook(operationId,fieldbookId) values (381,1);
INSERT INTO SectorIrrigationInFieldbook(operationId,fieldbookId) values (382,1);
INSERT INTO SectorIrrigationInFieldbook(operationId,fieldbookId) values (383,1);
INSERT INTO SectorIrrigationInFieldbook(operationId,fieldbookId) values (384,1);
INSERT INTO SectorIrrigationInFieldbook(operationId,fieldbookId) values (385,1);
INSERT INTO SectorIrrigationInFieldbook(operationId,fieldbookId) values (386,1);
INSERT INTO SectorIrrigationInFieldbook(operationId,fieldbookId) values (387,1);
INSERT INTO SectorIrrigationInFieldbook(operationId,fieldbookId) values (388,1);
INSERT INTO SectorIrrigationInFieldbook(operationId,fieldbookId) values (389,1);
INSERT INTO SectorIrrigationInFieldbook(operationId,fieldbookId) values (390,1);
INSERT INTO SectorIrrigationInFieldbook(operationId,fieldbookId) values (391,1);
INSERT INTO SectorIrrigationInFieldbook(operationId,fieldbookId) values (392,1);
INSERT INTO SectorIrrigationInFieldbook(operationId,fieldbookId) values (393,1);
INSERT INTO SectorIrrigationInFieldbook(operationId,fieldbookId) values (394,1);
INSERT INTO SectorIrrigationInFieldbook(operationId,fieldbookId) values (395,1);
INSERT INTO SectorIrrigationInFieldbook(operationId,fieldbookId) values (396,1);
INSERT INTO SectorIrrigationInFieldbook(operationId,fieldbookId) values (397,1);
INSERT INTO SectorIrrigationInFieldbook(operationId,fieldbookId) values (398,1);
INSERT INTO SectorIrrigationInFieldbook(operationId,fieldbookId) values (399,1);
INSERT INTO SectorIrrigationInFieldbook(operationId,fieldbookId) values (400,1);
INSERT INTO SectorIrrigationInFieldbook(operationId,fieldbookId) values (401,1);
INSERT INTO SectorIrrigationInFieldbook(operationId,fieldbookId) values (402,1);
INSERT INTO SectorIrrigationInFieldbook(operationId,fieldbookId) values (403,1);
INSERT INTO SectorIrrigationInFieldbook(operationId,fieldbookId) values (404,1);
INSERT INTO SectorIrrigationInFieldbook(operationId,fieldbookId) values (405,1);
INSERT INTO SectorIrrigationInFieldbook(operationId,fieldbookId) values (406,1);
INSERT INTO SectorIrrigationInFieldbook(operationId,fieldbookId) values (407,1);
INSERT INTO SectorIrrigationInFieldbook(operationId,fieldbookId) values (408,1);
INSERT INTO SectorIrrigationInFieldbook(operationId,fieldbookId) values (409,1);
INSERT INTO SectorIrrigationInFieldbook(operationId,fieldbookId) values (410,1);
INSERT INTO SectorIrrigationInFieldbook(operationId,fieldbookId) values (411,1);
INSERT INTO SectorIrrigationInFieldbook(operationId,fieldbookId) values (412,1);
INSERT INTO SectorIrrigationInFieldbook(operationId,fieldbookId) values (413,1);
INSERT INTO SectorIrrigationInFieldbook(operationId,fieldbookId) values (414,1);
INSERT INTO SectorIrrigationInFieldbook(operationId,fieldbookId) values (415,1);
INSERT INTO SectorIrrigationInFieldbook(operationId,fieldbookId) values (416,1);
INSERT INTO SectorIrrigationInFieldbook(operationId,fieldbookId) values (417,1);
INSERT INTO SectorIrrigationInFieldbook(operationId,fieldbookId) values (418,1);
INSERT INTO SectorIrrigationInFieldbook(operationId,fieldbookId) values (419,1);
INSERT INTO SectorIrrigationInFieldbook(operationId,fieldbookId) values (420,1);
INSERT INTO SectorIrrigationInFieldbook(operationId,fieldbookId) values (421,1);
INSERT INTO SectorIrrigationInFieldbook(operationId,fieldbookId) values (422,1);
INSERT INTO SectorIrrigationInFieldbook(operationId,fieldbookId) values (423,1);
INSERT INTO SectorIrrigationInFieldbook(operationId,fieldbookId) values (424,1);
INSERT INTO SectorIrrigationInFieldbook(operationId,fieldbookId) values (425,1);
INSERT INTO SectorIrrigationInFieldbook(operationId,fieldbookId) values (426,1);
INSERT INTO SectorIrrigationInFieldbook(operationId,fieldbookId) values (427,1);
INSERT INTO SectorIrrigationInFieldbook(operationId,fieldbookId) values (428,1);
INSERT INTO SectorIrrigationInFieldbook(operationId,fieldbookId) values (429,1);
INSERT INTO SectorIrrigationInFieldbook(operationId,fieldbookId) values (430,1);
INSERT INTO SectorIrrigationInFieldbook(operationId,fieldbookId) values (431,1);
INSERT INTO SectorIrrigationInFieldbook(operationId,fieldbookId) values (432,1);
INSERT INTO SectorIrrigationInFieldbook(operationId,fieldbookId) values (433,1);
INSERT INTO SectorIrrigationInFieldbook(operationId,fieldbookId) values (434,1);
INSERT INTO SectorIrrigationInFieldbook(operationId,fieldbookId) values (435,1);
INSERT INTO SectorIrrigationInFieldbook(operationId,fieldbookId) values (436,1);
INSERT INTO SectorIrrigationInFieldbook(operationId,fieldbookId) values (437,1);
COMMIT;